name,image_url
Jack Reynor,https://image.tmdb.org/t/p/original/ti7IuuwBP66kntCCp6t38xzOcT4.jpg
Laia Costa,https://image.tmdb.org/t/p/original/kSbdpHWLlfzvOfZKJ0dgP0ieVL6.jpg
May Calamawy,https://image.tmdb.org/t/p/original/5S3nNkH5p85xK7k7AaXBZ0ouyOR.jpg
Natalie Grace,https://image.tmdb.org/t/p/original/uoJRUulO6A9By4IhNrDdiKevAOj.jpg
Shylo Molina,https://image.tmdb.org/t/p/original/rIhBsRY6c7B4ClLOJbc4qEWter1.jpg
Billie Roy,https://image.tmdb.org/t/p/original/criWuHntMq5c6Duv505NApONwUu.jpg
Veronica Falcón,https://image.tmdb.org/t/p/original/8zRSwWfrDnHleSRDtIeHYuAVmFK.jpg
Hayat Kamille,https://image.tmdb.org/t/p/original/ftzaSEGIEn5uLHy8U7uQrXC7SZc.jpg
May Elghety,https://image.tmdb.org/t/p/original/dFpkIOfCrUVIASpN5wutX1OaYls.jpg
Emily Mitchell,https://image.tmdb.org/t/p/original/ehxuJhPwCo0M84SdD6k6cYsKFfs.jpg
Michael Johnston,https://image.tmdb.org/t/p/original/fbpcCkBzu43kMdlXxEAMuLhseL8.jpg
Inde Navarrette,https://image.tmdb.org/t/p/original/8mYBaOximzwBgXOYRzbS6eUnoMX.jpg
Cooper Tomlinson,https://image.tmdb.org/t/p/original/zMaffjqYxqKwB52sUfDdikEOlG5.jpg
Megan Lawless,https://image.tmdb.org/t/p/original/5HJ5NvEXxQAQCr8KJb3vaByS4AZ.jpg
Andy Richter,https://image.tmdb.org/t/p/original/qazhLkyKOsPmdOQSaUWWbbUjs9q.jpg
Haley Fitzgerald,https://image.tmdb.org/t/p/original/tdwhaT8jpQ7tIZDUxtlOPzy1HKJ.jpg
Darin Toonder,https://image.tmdb.org/t/p/original/bD7Y9T7Y6XwDXjGJ8Suabyt1ZGo.jpg
Anthony Pavone,https://image.tmdb.org/t/p/original/hxiqY9gHgwXGYnXSD11Wacm5Nmi.jpg
Justice,https://image.tmdb.org/t/p/original/YFxKf2HHJvyavQf54NO5wXFOJX.jpg
Anthony Casabianca,https://image.tmdb.org/t/p/original/xNJUKqKQhMeyZ74erQvETr3AqV0.jpg
John Krasinski,https://image.tmdb.org/t/p/original/pmVGDb6Yl6OyFcHVGbu1EYNfyFK.jpg
Wendell Pierce,https://image.tmdb.org/t/p/original/r6yKahL6Z8l9aUX5qvWxTmWl8Nm.jpg
Sienna Miller,https://image.tmdb.org/t/p/original/ygv1xVsgLlfCG1DJD0cuRmZqM1V.jpg
Michael Kelly,https://image.tmdb.org/t/p/original/6MI8HhX1GWbcrWG8DiHffzmqaVm.jpg
Max Beesley,https://image.tmdb.org/t/p/original/kUBoZ4cMo1i6ojBci0VMznmbn9y.jpg
Betty Gabriel,https://image.tmdb.org/t/p/original/n67i3H3VM5quDQfcS591EbotPby.jpg
JJ Feild,https://image.tmdb.org/t/p/original/8YIIH6ebWmIhWWJC3RGe16Z1biK.jpg
Douglas Hodge,https://image.tmdb.org/t/p/original/tENL3Uxt07Rn21o0y0eolwTnkoZ.jpg
Dominic Mafham,https://image.tmdb.org/t/p/original/9IgOMf8JOu3m3tz7yHbXCn5nMCJ.jpg
Alex Brockdorff,https://image.tmdb.org/t/p/original/8sf9EUU4oLOhIdJKdAPyZ5Psvch.jpg
Jon Bernthal,https://image.tmdb.org/t/p/original/o0t6EVkJOrFAjESDilZUlf46IbQ.jpg
Deborah Ann Woll,https://image.tmdb.org/t/p/original/btTnyvRLXOH0pz2SLBwyKbmnFhX.jpg
Jason R. Moore,https://image.tmdb.org/t/p/original/5VJ0dTa1aZRf3mQJrHJ56Pf42dP.jpg
Judith Light,https://image.tmdb.org/t/p/original/zwgc0ZT8LNIfW7gDbuOFKNtTGIj.jpg
Kelli Barrett,https://image.tmdb.org/t/p/original/oFY6w4H6zEx1FDOXEXmCINnlcap.jpg
Andre Royo,https://image.tmdb.org/t/p/original/tJzftaUtVvZs2RkFt2iQlQ5QWEh.jpg
John Douglas Thompson,https://image.tmdb.org/t/p/original/ieN9RkPSnsdaXWjarOhXkl4Jofm.jpg
Nick Koumalatsos,https://image.tmdb.org/t/p/original/oy3dWuITzLcBn1yyyzfYSMVpHK2.jpg
Ryan Gosling,https://image.tmdb.org/t/p/original/lyUyVARQKhGxaxy0FbPJCQRpiaW.jpg
Sandra Hüller,https://image.tmdb.org/t/p/original/t7wGqC2dRwTEnt9Fk5pxQ0uXTqs.jpg
James Ortiz,https://image.tmdb.org/t/p/original/zYYDXniHb36mjG7xK59r9IoOKvt.jpg
Lionel Boyce,https://image.tmdb.org/t/p/original/hpIxX5nkfA3pWCW8rYkEUCSBVyS.jpg
Milana Vayntrub,https://image.tmdb.org/t/p/original/i5Cou9ExwTZvRRtl79V75CsI7oC.jpg
Ken Leung,https://image.tmdb.org/t/p/original/hpatUP6u74gkpDRmn9voNY9V43O.jpg
Priya Kansara,https://image.tmdb.org/t/p/original/zv9kpaQ8AVBfjI2LAAZV58NeVQg.jpg
Mia Soteriou,https://image.tmdb.org/t/p/original/bU4Twfk4as290gPFouByj7Wjd2.jpg
Annelle Olaleye,https://image.tmdb.org/t/p/original/V0UqW30EQaHjGhwDnb6dT0AWmz.jpg
Maya Eva Hosein,https://image.tmdb.org/t/p/original/lDHbsnyUoBzmtbMevNl4F2n8B8B.jpg
Chris Pratt,https://image.tmdb.org/t/p/original/cRH6HPAQ98PlOwwEvhYO4CM9lwu.jpg
Anya Taylor-Joy,https://image.tmdb.org/t/p/original/jxAbDJWvz4p1hoFpJYG5vY2dQmq.jpg
Charlie Day,https://image.tmdb.org/t/p/original/c0HNhjChGybnHa4eoLyqO4dDu1j.jpg
Jack Black,https://image.tmdb.org/t/p/original/59IhgCtiWI5yTfzPhsjzg7GjCjm.jpg
Donald Glover,https://image.tmdb.org/t/p/original/jqVkQfeeEmdga1G0jpBwwXXwwSK.jpg
Benny Safdie,https://image.tmdb.org/t/p/original/u10A5DpUYRB1zMF7YoGYcyvhois.jpg
Brie Larson,https://image.tmdb.org/t/p/original/rlbQbpu3tkMAikPWM53VElMUnzR.jpg
Keegan-Michael Key,https://image.tmdb.org/t/p/original/vAR5gVXRG2Cl6WskXT99wgkAoH8.jpg
Glen Powell,https://image.tmdb.org/t/p/original/fUnIaJkdgvQTztyR1nLeUceSzly.jpg
Luis Guzmán,https://image.tmdb.org/t/p/original/kSdxUckOJj9R5VKrLUnRy14YhNV.jpg
Ranveer Singh,https://image.tmdb.org/t/p/original/sRiwLmhduFghJo8U2coUafnDD4C.jpg
Arjun Rampal,https://image.tmdb.org/t/p/original/1F81WNcVV5cW9O4D5Otk1Y2WHV9.jpg
R. Madhavan,https://image.tmdb.org/t/p/original/gaDrAdXxIrbBRCd9cX8YvJDEuLb.jpg
Sanjay Dutt,https://image.tmdb.org/t/p/original/oq4pnvWhl1HxKpp0KVlSfAr3Tiu.jpg
Sara Arjun,https://image.tmdb.org/t/p/original/uyZIlCL6xwWlor6JYSmIYUiPE7M.jpg
Arjan Panwar,https://image.tmdb.org/t/p/original/zWrCO7GI3tuaEvyA6fgRIMtZOsr.jpg
Rakesh Bedi,https://image.tmdb.org/t/p/original/dWLCiA3rqnaFPn9s0bk2MiSq5Mt.jpg
Gaurav Gera,https://image.tmdb.org/t/p/original/l0kOZqfKusxfPp7wvkwDfNYT64K.jpg
Danish Iqbal,https://image.tmdb.org/t/p/original/tOKa5BhjgtXXxw3IEBq6jRybH95.jpg
Ankit Sagar,https://image.tmdb.org/t/p/original/bO5OWuAhZRaYohtZnWWOMQDkEWI.jpg
Chiwetel Ejiofor,https://image.tmdb.org/t/p/original/kq5DDnqqofoRI0t6ddtRlsJnNPT.jpg
Renate Reinsve,https://image.tmdb.org/t/p/original/zbsTMhTXHtw84lA9Y9sOjdqYINF.jpg
Mark Duplass,https://image.tmdb.org/t/p/original/lRDf99rAfcdqt8Cqk4LsIT7XSD2.jpg
Finn Bennett,https://image.tmdb.org/t/p/original/lPq5n7WreNVtt53obM5hmnAjxeK.jpg
Lukita Maxwell,https://image.tmdb.org/t/p/original/g5g6XxUAtSdPfsJrSoFkl7vH51d.jpg
Avan Jogia,https://image.tmdb.org/t/p/original/7BX0Lg39bHlgtvWZpszTr1YjTAW.jpg
Robert Bobroczkyi,https://image.tmdb.org/t/p/original/3SK7NuuBKR5PSJwsQ7HO4qHIM9C.jpg
Ember Ambrose,https://image.tmdb.org/t/p/original/w7h6l4ltuWaMYanGgzwyhAHGL2y.jpg
Krista Kosonen,https://image.tmdb.org/t/p/original/7iW2mxbxBgV5sX2y0fSY78lewW4.jpg
Philip Granger,https://image.tmdb.org/t/p/original/bkrnrtSiUnumWVpAOy5QDcOePiA.jpg
Dhanush,https://image.tmdb.org/t/p/original/7bI9oy1BXIk58hsOK8WfN5g0i1P.jpg
Mamitha Baiju,https://image.tmdb.org/t/p/original/tGEFW7uGdYrvZ2f3FP8JH5Yh5L2.jpg
K. S. Ravikumar,https://image.tmdb.org/t/p/original/8dUdM3sFvL4aXnDtLJJCkDMNEbo.jpg
Suraj Venjaramoodu,https://image.tmdb.org/t/p/original/2FUs0wmR3eHBd8g4GVbCmhkUzeI.jpg
Karunas,https://image.tmdb.org/t/p/original/dnh00MeOyiWFQ21l5az3UVJ5rhp.jpg
Jayaram,https://image.tmdb.org/t/p/original/cc1SfVFctuYH353NgxXNBoAFX2d.jpg
M. S. Bhaskar,https://image.tmdb.org/t/p/original/jyamX33xAwz2ZWCgh29qkg9exb8.jpg
Sreeja Ravi,https://image.tmdb.org/t/p/original/fzSMF0kJTVh7cfdkDJvUFQK2Tlk.jpg
Michael B. Jordan,https://image.tmdb.org/t/p/original/sMBpav8cK7t7Nk0yf4tuNOqNUyW.jpg
Juno Temple,https://image.tmdb.org/t/p/original/nvsPrM4OKHVCDivgMx4FF6PgE5f.jpg
Tracy Morgan,https://image.tmdb.org/t/p/original/ec0OJVbs6NZKMbS1yiCAJKjeoJf.jpg
Cedric the Entertainer,https://image.tmdb.org/t/p/original/s6UrY5uofyxXsU5PydWBoLFReK0.jpg
Justina Machado,https://image.tmdb.org/t/p/original/j5FaJXoyhMHlqv1l6TBdt1CH1oO.jpg
Nate Torrence,https://image.tmdb.org/t/p/original/yT9o149xPygdY0NsF9sNgiQwuru.jpg
Camden Brooks,https://image.tmdb.org/t/p/original/ge9FgIjRERhyylebW2Np9YwkqqR.jpg
Táta Vega,https://image.tmdb.org/t/p/original/9SdaK2vly0Gx5yvI5rrTszh31vt.jpg
Ambika Mod,https://image.tmdb.org/t/p/original/jN9HhFYPNMYIupFt6GzGnHAW88c.jpg
Lolly Adefope,https://image.tmdb.org/t/p/original/qPS57Mw1vjydSSfSYoMw8u81waI.jpg
Keanu Reeves,https://image.tmdb.org/t/p/original/kEoUZKEG7dzbCESDjd0CKAN1r0n.jpg
Laurence Fishburne,https://image.tmdb.org/t/p/original/2GbXERENPpl5MmlqOLlPVaVtifD.jpg
Carrie-Anne Moss,https://image.tmdb.org/t/p/original/xD4jTA3KmVp5Rq3aHcymL9DUGjD.jpg
Hugo Weaving,https://image.tmdb.org/t/p/original/lSC8Et0PYi5zeQb3IpPkFje7hgR.jpg
Gloria Foster,https://image.tmdb.org/t/p/original/AriGXtC9fjBOia9Zr8CZjn4o3rx.jpg
Joe Pantoliano,https://image.tmdb.org/t/p/original/3OHUI3nX4SYGGItDk3xqeIvWtIf.jpg
Marcus Chong,https://image.tmdb.org/t/p/original/q9HQttibTj2MoXVtLjq2kKqmPrE.jpg
Julian Arahanga,https://image.tmdb.org/t/p/original/g2YkF3PWSJU1vTKuURBH0DOMblm.jpg
Matt Doran,https://image.tmdb.org/t/p/original/4HtMShAbsZ2AyFtq5z3bOVrvw2s.jpg
Belinda McClory,https://image.tmdb.org/t/p/original/wfTCwkIDJjH5k5DtuvcjP52PrLc.jpg
Daniel Vegas,https://image.tmdb.org/t/p/original/t9AFZX1rpTt59npITX2GY3JgySd.jpg
Veronika Zhuravleva,https://image.tmdb.org/t/p/original/bvlry6DeiYkm0onAZhonlpl4J7.jpg
Ivan Trushin,https://image.tmdb.org/t/p/original/8DWSEUJnxlr7kTP0O8iOSnsqbcs.jpg
Maksim Saprykin,https://image.tmdb.org/t/p/original/u6c2wEvtqhXHyYRqd2LXKsyHr5a.jpg
Evgeniya Loza,https://image.tmdb.org/t/p/original/ruLILWf9x0gxg8o9W9Yj9LCI0us.jpg
Pavel Kuzmin,https://image.tmdb.org/t/p/original/uIIS1FLF4zMxR0Sj53a4wc9tGU6.jpg
Alexandra Tikhonova,https://image.tmdb.org/t/p/original/iZL6tYLqs5uhvqE4SM7GwJHxUz3.jpg
Margarita Dyachenkova,https://image.tmdb.org/t/p/original/a3c2BqkxkZBlJNKFtZTjxZUiLvZ.jpg
Anton Solomatin,https://image.tmdb.org/t/p/original/rsiqKjHvpQGmDvba4TMpe8Rt8hj.jpg
Ananya Panday,https://image.tmdb.org/t/p/original/AgywmKnKdOJ7HvlNKBc3hADsF1S.jpg
Lakshya Lalwani,https://image.tmdb.org/t/p/original/iabAj9GCIkGnAMvzyIvdUXeCPTo.jpg
Paresh Pahuja,https://image.tmdb.org/t/p/original/eoqUy5KRCXlt0vI4vajnhfN1M8y.jpg
Manish Chaudhary,https://image.tmdb.org/t/p/original/1l4vmA0IJQLieebZWOOCAFu4ra6.jpg
Iravati Harshe,https://image.tmdb.org/t/p/original/zVDkFwUN8pj3jpEuQRWQa3sUSzp.jpg
Charu Shankar,https://image.tmdb.org/t/p/original/lh3RNfZoWSfNS4m5o0tQVVhCd3o.jpg
Atul Kumar,https://image.tmdb.org/t/p/original/rbPFvPZgqiK21z4uyD5QhRwr7bb.jpg
Akhil Kaimal,https://image.tmdb.org/t/p/original/6AjpGmXuJqWpnxVzDbIQGkwYfUq.jpg
Manik Papneja,https://image.tmdb.org/t/p/original/bjVqyExEk5n1qHLuOnbR8UbPLpY.jpg
Ayushmann Khurrana,https://image.tmdb.org/t/p/original/qbdclvnDkJxPX7OQqmMY7w9ekBP.jpg
Wamiqa Gabbi,https://image.tmdb.org/t/p/original/e1CNXkH2scGeoabOTowFJJxX2YF.jpg
Rakul Preet Singh,https://image.tmdb.org/t/p/original/d5OOKtPu9NhlNVMQTAAPff29KMv.jpg
Sara Ali Khan,https://image.tmdb.org/t/p/original/nRtF9kNgIt9q52jy89cyZBimUPs.jpg
Vijay Raaz,https://image.tmdb.org/t/p/original/bLSjiy51UPjVnTYRDmgRUy1VOwD.jpg
Tigmanshu Dhulia,https://image.tmdb.org/t/p/original/2CRk2UX3KfqMythuLBleMwQ7bQr.jpg
Ayesha Raza Mishra,https://image.tmdb.org/t/p/original/cKC6Gj5AbeoLpH0bxnSj8SEzewi.jpg
Vishal Vashishtha,https://image.tmdb.org/t/p/original/gxvmaEsTW1HnhnHLZOb7CNQmJIp.jpg
Durgesh Kumar,https://image.tmdb.org/t/p/original/nLt1cgrxIapn7fRVwFjqnSFXc1x.jpg
Deepika Amin,https://image.tmdb.org/t/p/original/jQYrPnGERwUKd33Ufnspt6dvXv3.jpg
Samara Weaving,https://image.tmdb.org/t/p/original/7ThO37CpqkBRgrosep0ROVs2q5s.jpg
Jason Segel,https://image.tmdb.org/t/p/original/aG6tVNSbl1YEjN65G3luFYnWbUM.jpg
Paul Guilfoyle,https://image.tmdb.org/t/p/original/c7unxeM13lF9pMhZhYwlNsSFjFe.jpg
Timothy Olyphant,https://image.tmdb.org/t/p/original/7pHmRHE2wBNC9cBgNIRCBqFLoyZ.jpg
Keith Jardine,https://image.tmdb.org/t/p/original/emN5dXAoqW9Naab4g3yOwxSfkvh.jpg
Juliette Lewis,https://image.tmdb.org/t/p/original/sSGCW01aUsYlVQhuk3XSY7cl6Ww.jpg
Jake Curran,https://image.tmdb.org/t/p/original/pC6ozticiOmovaPpwqKVOMhn0b9.jpg
Nikolai Kinski,https://image.tmdb.org/t/p/original/hN81FHqEqFjLvU0x4Cy4Zni4n1v.jpg
Kayla Jenee Radomski,https://image.tmdb.org/t/p/original/4bQxG6wFaIXLylc566k4YhOUfuV.jpg
Danusia Samal,https://image.tmdb.org/t/p/original/8FqUG5hRe9MskGzXzx8ktS7b20y.jpg
Pedro Pascal,https://image.tmdb.org/t/p/original/oKcMbVn0NJTNzQt0ClKKvVXkm60.jpg
Jeremy Allen White,https://image.tmdb.org/t/p/original/pXRADDRhprgaQ4Bri44NH3bYeu6.jpg
Sigourney Weaver,https://image.tmdb.org/t/p/original/wTSnfktNBLd6kwQxgvkqYw6vEon.jpg
Brendan Wayne,https://image.tmdb.org/t/p/original/klsNR0ld4NjURhhn3PYZetFkaCK.jpg
Lateef Crowder,https://image.tmdb.org/t/p/original/mhGArPyh3N97t3PU4YnvLZTzHjl.jpg
Steve Blum,https://image.tmdb.org/t/p/original/cpO0muunoigq1WHegeOEI1AIQAo.jpg
Jonny Coyne,https://image.tmdb.org/t/p/original/6PSW0qaoY3KSnWUUv6f54NOuPC0.jpg
Matthew Willig,https://image.tmdb.org/t/p/original/46nLaoxRvXpx8ohmG7hx2Qq00Sr.jpg
Martin Scorsese,https://image.tmdb.org/t/p/original/9U9Y5GQuWX3EZy39B8nkk4NY01S.jpg
Hemky Madera,https://image.tmdb.org/t/p/original/net1kEEpSrr9QC9be6YRhLGuM0k.jpg
Jackie Chan,https://image.tmdb.org/t/p/original/nraZoTzwJQPHspAVsKfgl3RXKKa.jpg
Zhang Zifeng,https://image.tmdb.org/t/p/original/3S8yEnTVqH8T3bTVf9FmtXxWcu2.jpg
Tony Leung Ka-fai,https://image.tmdb.org/t/p/original/il4L0QSp5STfZCB1wsvb6rSCDar.jpg
Ci Sha,https://image.tmdb.org/t/p/original/eWytg5M0VUCb0aHEKpUDijQ7JxF.jpg
Jun,https://image.tmdb.org/t/p/original/z1seXrQQWG7nsQVHqSWKefJQ8DO.jpg
Zhou Zhengjie,https://image.tmdb.org/t/p/original/9n4vnXt6SIrfUfDDXxz4ewxhbSf.jpg
Wang Ziyi,https://image.tmdb.org/t/p/original/6xOEI8NnQuvRwe6nSDXYGAamKzO.jpg
Lang Yueting,https://image.tmdb.org/t/p/original/bdyJhQrIG7ai9B2Tp2kD2M0F32X.jpg
Lin Qiunan,https://image.tmdb.org/t/p/original/4QerqhhsMnhTQZgmbxh6vTl37DE.jpg
Zac Wang,https://image.tmdb.org/t/p/original/bXVR7TbR8xXBT1fAwCAgLmbubq1.jpg
Karl Urban,https://image.tmdb.org/t/p/original/6CkZLwEJxfqqcJHyeXegMAvOlPh.jpg
Adeline Rudolph,https://image.tmdb.org/t/p/original/sWjjm53MeVrpQH2dxtFD3gfEt3v.jpg
Jessica McNamee,https://image.tmdb.org/t/p/original/sKgsW78FCDWAes0SeCp5lgq3eou.jpg
Josh Lawson,https://image.tmdb.org/t/p/original/Am9vM77uZd9bGODugwmWtOfzx6E.jpg
Martyn Ford,https://image.tmdb.org/t/p/original/fC6p8G76IJJpDjgdfuVTDAWG24s.jpg
Ludi Lin,https://image.tmdb.org/t/p/original/9Ila4K8POeuVWRO9hzyekFjvCDk.jpg
Mehcad Brooks,https://image.tmdb.org/t/p/original/s7Cu6Si9n5qsH64eLBVGXaf55bE.jpg
Tati Gabrielle,https://image.tmdb.org/t/p/original/txZTL1HkPVxliTilbjlwR51VIt6.jpg
Lewis Tan,https://image.tmdb.org/t/p/original/yMr3mwHHBpfbXwDDkahOzFtTCak.jpg
Max Huang,https://image.tmdb.org/t/p/original/pHntB82hNVVKZtTAUgUKr2KE1Zt.jpg
Tadanobu Asano,https://image.tmdb.org/t/p/original/3CBpfGRcPq1jEeYr51TiOiNbZzT.jpg
Chin Han,https://image.tmdb.org/t/p/original/3XJXmYm6r4Hvm3izOArU58fhQrT.jpg
Hiroyuki Sanada,https://image.tmdb.org/t/p/original/SOwDxhGnRccP2lAtssQ7TxCzOe.jpg
Joe Taslim,https://image.tmdb.org/t/p/original/6S60RmKqa4p1HN0n4uaohNqjaU8.jpg
Charlotte Gainsbourg,https://image.tmdb.org/t/p/original/vyZQlwBSpARVHzn6M91ZcJTy7P8.jpg
Stellan Skarsgård,https://image.tmdb.org/t/p/original/mW7xmtGV4y79kQGn0zkKVGDMAmw.jpg
Stacy Martin,https://image.tmdb.org/t/p/original/wLPh456xduwDkGgPpaf1KGH9EWz.jpg
Shia LaBeouf,https://image.tmdb.org/t/p/original/egvlIdeizCkSkuHVoDuuduIThFA.jpg
Willem Dafoe,https://image.tmdb.org/t/p/original/ui8e4sgZAwMPi3hzEO53jyBJF9B.jpg
Udo Kier,https://image.tmdb.org/t/p/original/ppWw8WpcibWGLVSFODvwIaWhurk.jpg
Jean-Marc Barr,https://image.tmdb.org/t/p/original/65aLM2ZvBjJu2JWGSrTGHqXyc8w.jpg
Jamie Bell,https://image.tmdb.org/t/p/original/xAfNYOJYOy5ee9PHbBF8Y6xzZ9I.jpg
Mia Goth,https://image.tmdb.org/t/p/original/rwko7XVaKFcJH1dtAIIsrgLMzHb.jpg
Michaël Pas,https://image.tmdb.org/t/p/original/lb88BHKoizgOKo6OfKlFFlzPqtE.jpg
Meryl Streep,https://image.tmdb.org/t/p/original/g5cVxQBAQ3AXt3LhdBXtbbN47Uc.jpg
Anne Hathaway,https://image.tmdb.org/t/p/original/nbccV2pMoyLTCeg5DQip24Eq0Jp.jpg
Emily Blunt,https://image.tmdb.org/t/p/original/5nCSG5TL1bP1geD8aaBfaLnLLCD.jpg
Stanley Tucci,https://image.tmdb.org/t/p/original/q4TanMDI5Rgsvw4SfyNbPBh4URr.jpg
Simon Baker,https://image.tmdb.org/t/p/original/8RPbdwSOJ3DEQDQaj05zBFaUu5f.jpg
Adrian Grenier,https://image.tmdb.org/t/p/original/ghSzUkiw7OjRq0poNOlCjbXbdU6.jpg
Tracie Thoms,https://image.tmdb.org/t/p/original/9PKUJJtqFRbZDhme6uDzIu0mRIE.jpg
Rich Sommer,https://image.tmdb.org/t/p/original/cfbJ3nyiyRpSq2mLrbbrbg1k3Dh.jpg
Daniel Sunjata,https://image.tmdb.org/t/p/original/w3Wa0d7j2auA2R8FQvjrgfB3ozo.jpg
David Marshall Grant,https://image.tmdb.org/t/p/original/81E0yZVUrojvq10qKRdSvNkq9up.jpg
David Wayman,https://image.tmdb.org/t/p/original/M5U57NeWvj143cMIQSCdOEAFpp.jpg
Sian Altman,https://image.tmdb.org/t/p/original/49DvxTVXjkNR95dTBdVnI6fI14a.jpg
May Kelly,https://image.tmdb.org/t/p/original/p1HXYttPQ3RaB4oDt3EOfNPRpb4.jpg
Ocean M Harris,https://image.tmdb.org/t/p/original/7QwPdS5uyhuCKcSAo426JhoPDVi.jpg
Valis Volkova,https://image.tmdb.org/t/p/original/7Knlbu24ZKfOOX5OLyDDQ7klA8Z.jpg
Eva Ray,https://image.tmdb.org/t/p/original/qWhxXG764l2G5ezoMvRZX5uChLG.jpg
Fahad Salman,https://image.tmdb.org/t/p/original/cqCPqcZXZWrBbdNj0DtTqHmELN1.jpg
Mark Fischbach,https://image.tmdb.org/t/p/original/m6P8oMYXyeW5hKtCkGexTc1UMwh.jpg
Caroline Kaplan,https://image.tmdb.org/t/p/original/oMOswhHN3LfRtziULWTxNiYgAFj.jpg
Troy Baker,https://image.tmdb.org/t/p/original/9jeUft7h20HscRCrsVQTgKHXRwJ.jpg
Elsie Lovelock,https://image.tmdb.org/t/p/original/aVI0QKCJVbIPBFY99E2VLKCpaXa.jpg
Elle LaMont,https://image.tmdb.org/t/p/original/uR16F3g1J32HgvnlHW890ZAFnnT.jpg
Mick Lauer,https://image.tmdb.org/t/p/original/gE18SWyqRjbfuAfNi5Al2M122pL.jpg
Dave Pettitt,https://image.tmdb.org/t/p/original/qaohw3Q0M57lSww37pK421b7P04.jpg
Holt Boggs,https://image.tmdb.org/t/p/original/jiTZr7sqFqJIHxKxYa4uxFnW6rK.jpg
Isaac McKee,https://image.tmdb.org/t/p/original/6Zetel3zXvQF7tlQcuncmfkZAzR.jpg
Sam Worthington,https://image.tmdb.org/t/p/original/mflBcox36s9ZPbsZPVOuhf6axaJ.jpg
Zoe Saldaña,https://image.tmdb.org/t/p/original/iOVbUH20il632nj2v01NCtYYeSg.jpg
Stephen Lang,https://image.tmdb.org/t/p/original/gnO5VfkDgA2fsHweD0622LUY3Hu.jpg
Oona Chaplin,https://image.tmdb.org/t/p/original/uYnBSVKcFgw48Wxts01Dh5Gxlar.jpg
Jack Champion,https://image.tmdb.org/t/p/original/8PXFKzhjFJ0oYP60Bj1kA44XBjY.jpg
Kate Winslet,https://image.tmdb.org/t/p/original/surklDlLW6g2D7EqycEQwHXsoD1.jpg
Cliff Curtis,https://image.tmdb.org/t/p/original/dfaElGoyJWseFWxXwEMLL9WTi7V.jpg
Joel David Moore,https://image.tmdb.org/t/p/original/mMVhVglj6BZFuvqAXnEibce08k7.jpg
CCH Pounder,https://image.tmdb.org/t/p/original/mr6BLDN75T8DJl9dNK3hN4YwqJa.jpg
Piper Curda,https://image.tmdb.org/t/p/original/oyitEBcracNWMuF8Frhsqkjgzuc.jpg
Bobby Moynihan,https://image.tmdb.org/t/p/original/gOvwNz5joi5yWJ7dAhuF8WA2aas.jpg
Jon Hamm,https://image.tmdb.org/t/p/original/mrXE5fZbEDPc7BEE5G21J6qrwzi.jpg
Kathy Najimy,https://image.tmdb.org/t/p/original/nqbZF7Igr0SC8Xq8y0jwmx0mLDN.jpg
Dave Franco,https://image.tmdb.org/t/p/original/d0I1BgNBAVvLJEDSfmyNVjYWPZE.jpg
Eduardo Franco,https://image.tmdb.org/t/p/original/FOnx5Rg8L7xvEWkBhNoXwhELd6.jpg
Aparna Nancherla,https://image.tmdb.org/t/p/original/vwpktqJnQCAGEfq2EKUjB8ZdnhI.jpg
Sam Richardson,https://image.tmdb.org/t/p/original/hUN7IIbegvL7aSqQI5KRWoqqJLm.jpg
Melissa Villaseñor,https://image.tmdb.org/t/p/original/144VoO4M5sU0Mn4lpTOYQFAgNVO.jpg
Antony Varghese,https://image.tmdb.org/t/p/original/dKRa8ghSXw6J1OTcxMziZh3l1jb.jpg
Sunil Varma,https://image.tmdb.org/t/p/original/ifmUCkLgpEzbfnRjIw62otrADpI.jpg
Dushara Vijayan,https://image.tmdb.org/t/p/original/5C5V9qdYil7LVCp8LqctZCEsu1n.jpg
Jagadish,https://image.tmdb.org/t/p/original/ml3XX5bWPIdHUPvqhW2MYYZ8H7Y.jpg
Kabir Duhan Singh,https://image.tmdb.org/t/p/original/lAVAxFARP63oTHMYWpwHrWsXPWa.jpg
Raj Tirandasu,https://image.tmdb.org/t/p/original/dnuD0t8xpELhXs4tKZDRdsFureg.jpg
Siddique,https://image.tmdb.org/t/p/original/tMv7QsmYlXAXtP75D3eIxXHpgTv.jpg
Anson Paul,https://image.tmdb.org/t/p/original/tuuQTQFh4qMY7EOP9rgVlz0Y57y.jpg
Suriya,https://image.tmdb.org/t/p/original/hIFXv3gIjlNS78gJmaguEOxvfPH.jpg
Trisha Krishnan,https://image.tmdb.org/t/p/original/jfeAV0VeAQhKONzIv1UEYbklJGn.jpg
RJ Balaji,https://image.tmdb.org/t/p/original/vguX29CK1j9JGOoHQOO5MGsQrT6.jpg
Indrans,https://image.tmdb.org/t/p/original/vs5Acy2hJ4dWoM3xRGdnFKdVXzw.jpg
Anagha Maya Ravi,https://image.tmdb.org/t/p/original/4eJdSUgSIHoddsnNVNJTEUKpF17.jpg
Swasika,https://image.tmdb.org/t/p/original/7LWxyKwGH5S1ZwEEjlbBcDUJKk8.jpg
Sshivada,https://image.tmdb.org/t/p/original/wfXsqcfCdrQFdzxPSwNVNCsojFO.jpg
Natarajan Subramaniam,https://image.tmdb.org/t/p/original/1sKmgVKSw8qJUzBTJGvL45wlDss.jpg
Supreet,https://image.tmdb.org/t/p/original/3HZopNIG3zeaSpbGjEvsdmoXjaR.jpg
Charlize Theron,https://image.tmdb.org/t/p/original/gd7ShD0yt4bsR2STeQ19KQ6hvXL.jpg
Taron Egerton,https://image.tmdb.org/t/p/original/uCaPhyKAQIfEzAWWCYIrO2004CB.jpg
Eric Bana,https://image.tmdb.org/t/p/original/l9yoDgw3YFC2gMD1HTo5djGOwSY.jpg
Caitlin Stasey,https://image.tmdb.org/t/p/original/uJW62qSjIyI0OP30s5U8KLlDw32.jpg
Bessie Holland,https://image.tmdb.org/t/p/original/pWjjlOAs61Rxy2KbAXACxL2eJ9w.jpg
Zachary Garred,https://image.tmdb.org/t/p/original/zBveIZvcVCkWTcAWEV88MwpynyG.jpg
Matt Whelan,https://image.tmdb.org/t/p/original/qTIe7SblKwxR9DF6iNuVX0pEWIZ.jpg
Rob Carlton,https://image.tmdb.org/t/p/original/8K0E0FaNDiCWvx1u6Xe3MAOHEGu.jpg
Aaron Pedersen,https://image.tmdb.org/t/p/original/3SoOwjIPULquiuo0yBWAwVamJFj.jpg
Duncan Fellows,https://image.tmdb.org/t/p/original/kG6EGc5dR5A0mGhTpIcxK9lkL1k.jpg
Sonakshi Sinha,https://image.tmdb.org/t/p/original/7HaI5owaKzOb6Qdtwifp29uhHk2.jpg
Jyothika,https://image.tmdb.org/t/p/original/9rcFS99kwlSiQdY5Iv9YctJKh1F.jpg
Ashutosh Gowariker,https://image.tmdb.org/t/p/original/s48qPtQJVXdwrVfezMIiyowl3eT.jpg
Adinath Kothare,https://image.tmdb.org/t/p/original/5mpunA4RSLJhtkYHTB6UMvOfrV5.jpg
Gaurav Pandey,https://image.tmdb.org/t/p/original/rH9haKecOQsjMP7BC9XRi1kl5uF.jpg
Vijayant Kohli,https://image.tmdb.org/t/p/original/dzzewlf0Z5dEkVxu4QkH86xUEx4.jpg
Jaafar Jackson,https://image.tmdb.org/t/p/original/tVSzFjQxOrLOcvnzFto0772Q9Bw.jpg
Colman Domingo,https://image.tmdb.org/t/p/original/2tu6T9ugnf82qIMGVKWSb0dvvq5.jpg
Nia Long,https://image.tmdb.org/t/p/original/heVQkCGKUuKKRjRJaZIBrEKGhYA.jpg
Juliano Krue Valdi,https://image.tmdb.org/t/p/original/1rQYmcxdPD1IwHpa78DcfVEu1EN.jpg
Miles Teller,https://image.tmdb.org/t/p/original/kDf3sW3USjEBDQ3Ua7lbwOfwty6.jpg
KeiLyn Durrel Jones,https://image.tmdb.org/t/p/original/4wDO3Zt9KJg9CARCEgjuVdhWa8x.jpg
Kendrick Sampson,https://image.tmdb.org/t/p/original/AoZGTujNZEfabaXR5kUwmDUmxfe.jpg
Joseph David-Jones,https://image.tmdb.org/t/p/original/qwX7ciIV8jwssmIqHv1eyzzqEvh.jpg
Rhyan Hill,https://image.tmdb.org/t/p/original/iPNBMJL9kKtUYmqJzbarQfQcPp4.jpg
Jamal Henderson,https://image.tmdb.org/t/p/original/8yI9c3utD4EcEteNwHlFkdR8Rhv.jpg
Natsuki Hanae,https://image.tmdb.org/t/p/original/alTb0DlcPIbcwM08WSmxFai58sd.jpg
Takahiro Sakurai,https://image.tmdb.org/t/p/original/8s8owcKmpRAuhzEGjSdRpztthUg.jpg
Akira Ishida,https://image.tmdb.org/t/p/original/jnW2Gn2NlR2uwOCeyOuzypnTmkH.jpg
Hiro Shimono,https://image.tmdb.org/t/p/original/yrSDcgFefHtWkFmLnTrcw2t0MV.jpg
Yoshimasa Hosoya,https://image.tmdb.org/t/p/original/lUR5oN1LrqGgp25IOcI1qOH1Ud5.jpg
Saori Hayami,https://image.tmdb.org/t/p/original/gLv9lO7dlUbIsmyJUvgegqAAXki.jpg
Mamoru Miyano,https://image.tmdb.org/t/p/original/nuok8ueG7k9hPZ09Tpr8e7Qn0ah.jpg
Reina Ueda,https://image.tmdb.org/t/p/original/2WV61uVU7y6XGYqNHLMpP0sApdu.jpg
Yuichi Nakamura,https://image.tmdb.org/t/p/original/wb8behVKjBHX9XXrEydvNINCYwH.jpg
Lynn,https://image.tmdb.org/t/p/original/eJ2NqgzpnzNbT6Nt9EpDfzqNeZM.jpg
Jeremy Irons,https://image.tmdb.org/t/p/original/w8Ct1q02Ht3sWdOSqfp3B85TzT.jpg
Juliette Binoche,https://image.tmdb.org/t/p/original/htdZZIroEyJaeHQAUTqokNfkPgl.jpg
Miranda Richardson,https://image.tmdb.org/t/p/original/2IEW3fxqHb4AHBl5xU8JuipJbNK.jpg
Rupert Graves,https://image.tmdb.org/t/p/original/6tS8XMuTS04xXTfeWFjJED6SFBF.jpg
Peter Stormare,https://image.tmdb.org/t/p/original/1rtpuUqBV29jDc1huUhtjGDbEwn.jpg
Gemma Clarke,https://image.tmdb.org/t/p/original/98TgvalxQ5mPZycc7YxgCyOy3BN.jpg
Ian Bannen,https://image.tmdb.org/t/p/original/4WrkyylbxsSNsVlfXDctE7KDOuP.jpg
Julian Fellowes,https://image.tmdb.org/t/p/original/hRWGCVNRkeu61lh3NRmfRym9yOp.jpg
Leslie Caron,https://image.tmdb.org/t/p/original/8KaogFPimucFHFyUkdA0c0Bym5C.jpg
Tony Doyle,https://image.tmdb.org/t/p/original/zyNKcvgfIcCvMM7BVIP8e4Vx2Ks.jpg
Caleb McLaughlin,https://image.tmdb.org/t/p/original/4jVS3EziBn7bf97ErxkW7jsdiLM.jpg
Gabrielle Union,https://image.tmdb.org/t/p/original/toeSCybsYufRKfgz77AKy4C8axD.jpg
Stephen Curry,https://image.tmdb.org/t/p/original/dmLZdGhZkCYktooIp8iqXhAvoWz.jpg
Aaron Pierre,https://image.tmdb.org/t/p/original/z2cMMZyWzv5ztT6pFdAAjB3u7CQ.jpg
Nicola Coughlan,https://image.tmdb.org/t/p/original/shSN86O3qckxcO7YXVtaNy9ksSU.jpg
David Harbour,https://image.tmdb.org/t/p/original/qMFtMWlYVtFVyBoBhX5IoA5sN5a.jpg
Nick Kroll,https://image.tmdb.org/t/p/original/fNiOuEKeBtELGdhKn4lxXq4O7YP.jpg
Jenifer Lewis,https://image.tmdb.org/t/p/original/htrTYcoJQQpSYo6BrRehe3h46vo.jpg
Patton Oswalt,https://image.tmdb.org/t/p/original/ljQvjbPmcIAl205Lb2Mu4CW8WO7.jpg
Jelly Roll,https://image.tmdb.org/t/p/original/zRW0Tb9JJq7pfLZAGbXxufsgGWU.jpg
Claudia Salas,https://image.tmdb.org/t/p/original/jfLi59P55yQeyjfD8UVf4DilXpt.jpg
Fariba Sheikhan,https://image.tmdb.org/t/p/original/bgULbaEJAtWvAOrEtvcoCMrGRsm.jpg
Eloy Azorín,https://image.tmdb.org/t/p/original/xSBOlzQC3NwchCDRuWvPrS1pASB.jpg
Noah Casas,https://image.tmdb.org/t/p/original/pCLSPCIQq1Re4Qv2LtTSP6kvPXx.jpg
Ferran Vilajosana,https://image.tmdb.org/t/p/original/csrmEVeZsQrDaUI2iS4KPVR40QJ.jpg
Kike Guaza,https://image.tmdb.org/t/p/original/mx40KxmzdhXZD7V8Qs3IesYBGwe.jpg
Aleida Torrent,https://image.tmdb.org/t/p/original/GgxOPY852oFuIxjsEAFiVBFBQb.jpg
Deniella Alexis,https://image.tmdb.org/t/p/original/rqKHY2kUwQNlXD3POvQLh8k6Q0L.jpg
Mark Ettlinger,https://image.tmdb.org/t/p/original/pCz5e6UGvFChjlqyDBJ4IxG0iCZ.jpg
Madison Caan,https://image.tmdb.org/t/p/original/9RJkEsYIsFR0ktkupjIzvcWbpcI.jpg
Reece Presley,https://image.tmdb.org/t/p/original/bp3EOp7bRO5k9K83U0wf4NH878R.jpg
Joe Dallesandro,https://image.tmdb.org/t/p/original/dtLU66GGm6Lis5ZMrseT0qei2Ii.jpg
Gianni Macchia,https://image.tmdb.org/t/p/original/ysecXVh8vo4USlM1ExfkE0XlA7W.jpg
Lorraine De Selle,https://image.tmdb.org/t/p/original/jVmkHcu5DjKuPDhqqWBmZSw4A8g.jpg
Omero Capanna,https://image.tmdb.org/t/p/original/kM9AC6ZSU1q2RIdgDJWKFvuAAbd.jpg
Sudeepa,https://image.tmdb.org/t/p/original/8c5TYgGwbkcQkvC3ZlTU41OfYBN.jpg
Deepshika Umapathy,https://image.tmdb.org/t/p/original/f20SM61Foa1U7eO4KZRA0suam3j.jpg
Naveen Chandra,https://image.tmdb.org/t/p/original/6iEhNOOqRTOQ0JFSiv6agtqvwx9.jpg
Shine Tom Chacko,https://image.tmdb.org/t/p/original/lIfhgkTK8bgM5jS2R91ZvCxKIwj.jpg
Yogi Babu,https://image.tmdb.org/t/p/original/lTNb5POaftGHXzgN9aIegcehh89.jpg
Vikranth,https://image.tmdb.org/t/p/original/ksMHimRUMXLwJqrZsgGx9TzyQiN.jpg
Dev Gill,https://image.tmdb.org/t/p/original/8Ta11Sdp6jCCbBEroTbnzoRxkvw.jpg
Aruldoss,https://image.tmdb.org/t/p/original/gDMVbi6reJPolJm9qtqYwTWyh4p.jpg
Roshini Prakash,https://image.tmdb.org/t/p/original/kQTusKHgUJVeXddPhlHgPfQ62ZY.jpg
Guru Somasundaram,https://image.tmdb.org/t/p/original/eqjEcc6LnZI5teGwOrrArAr5vko.jpg
Daniel MacPherson,https://image.tmdb.org/t/p/original/aBvJnrSlzXeU8K3glUa6XQ6nbuK.jpg
Luke Hemsworth,https://image.tmdb.org/t/p/original/m3VkYWENQc392VMrn0B4VnW886R.jpg
Russell Crowe,https://image.tmdb.org/t/p/original/uxiXuVH4vNWrKlJMVVPG1sxAJFe.jpg
Mojean Aria,https://image.tmdb.org/t/p/original/v5W5lpuAWSDVMokU0RKGkHDT2rj.jpg
Kelly Gale,https://image.tmdb.org/t/p/original/bU9w5FITuN7TUa9VxFH3whhXFkP.jpg
George Burgess,https://image.tmdb.org/t/p/original/fxTvtnpfjU5uKFKu4GoAVD1o7i0.jpg
Nathan Phillips,https://image.tmdb.org/t/p/original/9t54w1XE7u7fOWQv83IP0xYAWkh.jpg
Bren Foster,https://image.tmdb.org/t/p/original/qRCsPgki64JVreidPI6KAexZxpk.jpg
Akshay Kumar,https://image.tmdb.org/t/p/original/sR8nASRtTpiwXqkFHjG2jdRBZ7a.jpg
Paresh Rawal,https://image.tmdb.org/t/p/original/haRliZNMm04QXItBGScbFh4bHSJ.jpg
Tabu,https://image.tmdb.org/t/p/original/cvt5nvCHr1ICf5u8A2mlzLQ8LsV.jpg
Jisshu Sengupta,https://image.tmdb.org/t/p/original/6Ha4p2iQOHpnKC1uB4NKJ53kHRi.jpg
Rajpal Yadav,https://image.tmdb.org/t/p/original/aJJAU9EPiiXRsWDuy60mXE8U6lT.jpg
Asrani,https://image.tmdb.org/t/p/original/zoZRnIHNkCRq4gKZGaQhbtPrIDj.jpg
Mithila Palkar,https://image.tmdb.org/t/p/original/ggqPRbqWEayrM6SCj490gIwQK6t.jpg
Rajesh Sharma,https://image.tmdb.org/t/p/original/cBmZY1EICMD1q16Fx7GqpHkc6A1.jpg
Manoj Joshi,https://image.tmdb.org/t/p/original/u7GllU8dO2bkAvRC0i8yszogYqY.jpg
Akshaye Khanna,https://image.tmdb.org/t/p/original/kRPLQ908NrKejOwG6i3ypBd9qDq.jpg
Danish Pandor,https://image.tmdb.org/t/p/original/vDAzq7SJtVlTIj10Oa55BV3Qszm.jpg
Naveen Kaushik,https://image.tmdb.org/t/p/original/amxQkCtdEGOQk6z1arVfHhLxYyA.jpg
Sacha Baron Cohen,https://image.tmdb.org/t/p/original/bGzXHu8zwWqUY5gEExSh3deQd2j.jpg
Rosamund Pike,https://image.tmdb.org/t/p/original/tW3pobTn2znqK1nuSUWT7Kj8CSc.jpg
Tom Davis,https://image.tmdb.org/t/p/original/n7JqvXrpPsbpfeelPpZ5R8HTWMG.jpg
Emily Mortimer,https://image.tmdb.org/t/p/original/oZ4CZW2eW8lL2alD1mwZrFkfACI.jpg
Weruche Opia,https://image.tmdb.org/t/p/original/pPgIOuM9lRO1zH6eDnqDpf0w7da.jpg
Charles Dance,https://image.tmdb.org/t/p/original/3xHwq5lchAI6mfW0aGQOEijexv6.jpg
Fiona Shaw,https://image.tmdb.org/t/p/original/8X7fZybxtwh2nTvYk6kjRYo9RIY.jpg
Richard E. Grant,https://image.tmdb.org/t/p/original/720dpCjuN5cEYFn43GwzZqXtpWv.jpg
Kathryn Hunter,https://image.tmdb.org/t/p/original/ni98cNE8kOAj6kcpEVmIfi8iAsw.jpg
Orphée Ladouceur-Nguyen,https://image.tmdb.org/t/p/original/b64Q2pc8jfLObZ68iKFULhXKYT0.jpg
Alain Moussi,https://image.tmdb.org/t/p/original/cIpMdm0ggxVmZIBVj7vz8Q8nPLT.jpg
Tim Rozon,https://image.tmdb.org/t/p/original/c7r0ahbhIimXSgJkqUTUjVuKM2m.jpg
Finn McCager Higgins,https://image.tmdb.org/t/p/original/nWvzmUc3xkh6dJTPgmkHc7OHJk7.jpg
Lisa Berry,https://image.tmdb.org/t/p/original/tTvV9ZWKieJtWX8JK1kIzIUFWJR.jpg
Paul Braunstein,https://image.tmdb.org/t/p/original/5WFAZe2AGttbi0LPg2MmmswL7Gn.jpg
Jason Cavalier,https://image.tmdb.org/t/p/original/nTCcnKIS8Eil9Ve2aGUz2fcf2I.jpg
Jonathan Goad,https://image.tmdb.org/t/p/original/6gMaCtTJH6LBACYQUVaeHMcz5SY.jpg
Mitra Suri,https://image.tmdb.org/t/p/original/yYfJcAYcupuXYa1ON7JxG6NZCqV.jpg
Jeff Yung,https://image.tmdb.org/t/p/original/9iZFECLtqhoNiXfzWYwbDz9o7Ux.jpg
Josephine Langford,https://image.tmdb.org/t/p/original/rxQIrvUN1NGHkqSKHug1hoHTUNi.jpg
Hero Fiennes Tiffin,https://image.tmdb.org/t/p/original/6zMrrZvOMH6uGwEFoK0Uo8sZvxL.jpg
Carter Jenkins,https://image.tmdb.org/t/p/original/fGVndWC3hgwK1uVrhiyzTUyIaxW.jpg
Louise Lombard,https://image.tmdb.org/t/p/original/6znYbOI2Z8PfzZ6p9jHG5QdAeb2.jpg
Chance Perdomo,https://image.tmdb.org/t/p/original/xRRDtdHhTewrKMj5cpcmEkPNmuP.jpg
Rob Estes,https://image.tmdb.org/t/p/original/uRex9dyCv4mt7V4mxUzZ9NmVxjH.jpg
Arielle Kebbel,https://image.tmdb.org/t/p/original/eFN9TTOFk4COQQsDSufChNd7GfP.jpg
Stephen Moyer,https://image.tmdb.org/t/p/original/rQDODAKYgDGSXAShNHMmGGOJI35.jpg
Mira Sorvino,https://image.tmdb.org/t/p/original/3CPM8yvppihiKsA1pf4x8PJe4x6.jpg
Frances Turner,https://image.tmdb.org/t/p/original/ik2MNJFA2CzeuGtdwrpgUJaidef.jpg
Ginnifer Goodwin,https://image.tmdb.org/t/p/original/n8XOnjgyfYvqRUDcnkAckRqSaNN.jpg
Jason Bateman,https://image.tmdb.org/t/p/original/wS22fofYtUf4aGXACFwhkTjUk6a.jpg
Ke Huy Quan,https://image.tmdb.org/t/p/original/iestHyn7PLuVowj5Jaa1SGPboQ4.jpg
Fortune Feimster,https://image.tmdb.org/t/p/original/9f2p2T61K4pIvKQMLRlow8znkXU.jpg
Andy Samberg,https://image.tmdb.org/t/p/original/jMXU5oG3i93SH1yhkpbBGskFiJl.jpg
David Strathairn,https://image.tmdb.org/t/p/original/w5YM2cGefPnkoyIXCi2UrCQW53r.jpg
Idris Elba,https://image.tmdb.org/t/p/original/be1bVF7qGX91a6c5WeRPs5pKXln.jpg
Shakira,https://image.tmdb.org/t/p/original/AcOA8MbRrDswt6w3TmCBYl7TNOu.jpg
Patrick Warburton,https://image.tmdb.org/t/p/original/nDoOii5HaGwPxYa28xFC2sDkF8y.jpg
Quinta Brunson,https://image.tmdb.org/t/p/original/4x2ltnaGHF9rhaDRlkyNs7HOUI8.jpg
Saif Ali Khan,https://image.tmdb.org/t/p/original/85uKiFDEcIqzLh0GwqYvecXw4uA.jpg
Rasika Dugal,https://image.tmdb.org/t/p/original/cMJP2OEOrKwF05BFh3zI3TyS5Ft.jpg
Sanjay Mishra,https://image.tmdb.org/t/p/original/4MGKohKGU4v9SoXcQKCcC4e4Bpi.jpg
Saurabh Dwivedi,https://image.tmdb.org/t/p/original/mX0LkUJnSXXPSrFUFWW59QUG0bE.jpg
Zakir Hussain,https://image.tmdb.org/t/p/original/etiL0ANjzBhTiyvUblZl6vwIog9.jpg
Saharsh Kumar Shukla,https://image.tmdb.org/t/p/original/jBDpti5r8uOuNJAEApcJyvrlVFA.jpg
Tim Robbins,https://image.tmdb.org/t/p/original/3FfJMIVwXgsIXbAT8ECBSZJAncR.jpg
Morgan Freeman,https://image.tmdb.org/t/p/original/1ahENoyEgKSbRUd0IsydIff7rt1.jpg
Bob Gunton,https://image.tmdb.org/t/p/original/ulbVvuBToBN3aCGcV028hwO0MOP.jpg
William Sadler,https://image.tmdb.org/t/p/original/rWeb2kjYCA7V9MC9kRwRpm57YoY.jpg
Clancy Brown,https://image.tmdb.org/t/p/original/1JeBRNG7VS7r64V9lOvej9bZXW5.jpg
Gil Bellows,https://image.tmdb.org/t/p/original/eCOIv2nSGnWTHdn88NoMyNOKWyR.jpg
James Whitmore,https://image.tmdb.org/t/p/original/nYMAbkfwFIgKK84vnLoQctI6vHg.jpg
Mark Rolston,https://image.tmdb.org/t/p/original/hcrNRIptYMRXgkJ9k76BlQu6DQp.jpg
Jeffrey DeMunn,https://image.tmdb.org/t/p/original/70bkLdlkBB7x2NztuJAh4pjdyxy.jpg
Larry Brandenburg,https://image.tmdb.org/t/p/original/y13c1a4keaLnoTbi3dERwolQXWP.jpg
Billie Boullet,https://image.tmdb.org/t/p/original/2T18NEAVoU8cWWpAtaI6fTrdolX.jpg
Luke Evans,https://image.tmdb.org/t/p/original/qUkYJcrDc4M0LHNYASs30luFvw0.jpg
Milla Jovovich,https://image.tmdb.org/t/p/original/usWnHCzbADijULREZYSJ0qfM00y.jpg
Mila Harris,https://image.tmdb.org/t/p/original/10BSVhLPqosSBsOgp0L7qaU0Uhi.jpg
Kevin Glynn,https://image.tmdb.org/t/p/original/jIQk6lFQ0FOg5piKabufRHfSxNc.jpg
Steven Calvert,https://image.tmdb.org/t/p/original/khzZaa3fZtWIgPe2kjpYiK0e97d.jpg
Meadow Williams,https://image.tmdb.org/t/p/original/iECIpEM4BWt94kvOMKFJqv5uJEU.jpg
Micaella Raz,https://image.tmdb.org/t/p/original/xJqsMSJT9D7ggk1LT9oVu2qcdcg.jpg
Matthew Francisco,https://image.tmdb.org/t/p/original/535hNSYytvErtSeKlhQJn52M5f4.jpg
Robb Guinto,https://image.tmdb.org/t/p/original/raZt6SwyqxdpuMvBwnnrvvNaazq.jpg
Hugh Jackman,https://image.tmdb.org/t/p/original/oX6CpXmnXCHLyqsa4NEed1DZAKx.jpg
Dakota Goyo,https://image.tmdb.org/t/p/original/xHfxZDILa8JRZu5OoaXKiDa781o.jpg
Evangeline Lilly,https://image.tmdb.org/t/p/original/ccF6iqSgxE5NtCmzyZSKyveU8KW.jpg
Kevin Durand,https://image.tmdb.org/t/p/original/hINvryvce5tpod6kTnUg9ZTH8wg.jpg
Anthony Mackie,https://image.tmdb.org/t/p/original/kfTwOYr3iUucmYz8kPjhYy07G2Z.jpg
Hope Davis,https://image.tmdb.org/t/p/original/dJb76YQDFmfJ6ptlvBvx0ZBP44C.jpg
James Rebhorn,https://image.tmdb.org/t/p/original/jRdR3q28gTPQU6eWRgiIqzGuMKU.jpg
Karl Yune,https://image.tmdb.org/t/p/original/4GI4p5aPfW0vI20IdJOcxD5BEqr.jpg
Sophie Levy,https://image.tmdb.org/t/p/original/ytDkZ3NrpxWayURhHuI2Dtp29TM.jpg
Tess Levy,https://image.tmdb.org/t/p/original/xHNZkN4KhVa4ehiHnmJy6MeHia7.jpg
Matthew McConaughey,https://image.tmdb.org/t/p/original/lCySuYjhXix3FzQdS4oceDDrXKI.jpg
Michael Caine,https://image.tmdb.org/t/p/original/bVZRMlpjTAO2pJK6v90buFgVbSW.jpg
Jessica Chastain,https://image.tmdb.org/t/p/original/lodMzLKSdrPcBry6TdoDsMN3Vge.jpg
Casey Affleck,https://image.tmdb.org/t/p/original/304ilSygaCRWykoBWAL67TOw8g9.jpg
Wes Bentley,https://image.tmdb.org/t/p/original/voD93lzFZrr9xfAggwFcPRBi84i.jpg
Topher Grace,https://image.tmdb.org/t/p/original/oJQxl4DG0KSCtOGrpWNhYz9gUZA.jpg
Mackenzie Foy,https://image.tmdb.org/t/p/original/gW9BdiA9eooBWa5bzHWkV7rbTa8.jpg
Ellen Burstyn,https://image.tmdb.org/t/p/original/zGihSIVRzwmCqilnA4PmNM4C2RT.jpg
John Lithgow,https://image.tmdb.org/t/p/original/ajfuBSm1HuVqFJlbTmAlza62Xxr.jpg
Mohan Joshi,https://image.tmdb.org/t/p/original/hTZ61kTsGlxGebxjWmFDWmkgnjq.jpg
Snehal Tarde,https://image.tmdb.org/t/p/original/n54RCkiyasn4oaUS6GWTdLurTN6.jpg
Mahesh Manjrekar,https://image.tmdb.org/t/p/original/4lFytre6m4SruIUpUIoyNjsMo7F.jpg
Pravin Tarde,https://image.tmdb.org/t/p/original/nZu6dVQ5Xv7hIGt9nd7BhuU9sMZ.jpg
Prasad Oak,https://image.tmdb.org/t/p/original/xYiQULIzHIk57rLYeiwipLzVPRi.jpg
Mangesh Desai,https://image.tmdb.org/t/p/original/6hgz12MKFSx8L9TSNmopD3IbhJQ.jpg
Jagannath Nivangune,https://image.tmdb.org/t/p/original/swyj8c49LCWCAG7BitIwDlkeAOO.jpg
Adriana Llabrés,https://image.tmdb.org/t/p/original/eHAxHKyxj0QTM8NjrBDqBeQJr9b.jpg
Hoze Meléndez,https://image.tmdb.org/t/p/original/uEYPg9sZRpPkMTOXfLbmiK5DBLg.jpg
Andrés Almeida,https://image.tmdb.org/t/p/original/4cTw37HIfjFrD4CcFf8IKokyYJM.jpg
Horacio García Rojas,https://image.tmdb.org/t/p/original/75Yo3FmhEOZhMzP0ImYQIoalurn.jpg
Ruth Ramos,https://image.tmdb.org/t/p/original/6043w3WOtFSkjw1YGFaP1SItoHr.jpg
Nailea Norvind,https://image.tmdb.org/t/p/original/egV1BPIcHkkZVxJNzQuFzpTOn0f.jpg
Gerardo Trejoluna,https://image.tmdb.org/t/p/original/fJzcjj3JrARh3iQEx5lMbCEfRKq.jpg
Myriam Bravo,https://image.tmdb.org/t/p/original/xUyNkMU3FkUSY6OlPIA93kzj5bG.jpg
Ana Rivero,https://image.tmdb.org/t/p/original/rag3SfuPV6AwcbdCmYikbE89frq.jpg
Andrés Delgado,https://image.tmdb.org/t/p/original/gq7nwfzsF9R81qGCc2tlzgO2FI7.jpg
Sally Field,https://image.tmdb.org/t/p/original/iMeq1j9Xwvaf6PbTJ0FQz69fpuA.jpg
Lewis Pullman,https://image.tmdb.org/t/p/original/ws3WR1F2DfjtLLbK8XOGHEZbX1A.jpg
Colm Meaney,https://image.tmdb.org/t/p/original/guL6RJdlRMtOJN3LoaY3G8hG4Rd.jpg
Alfred Molina,https://image.tmdb.org/t/p/original/nJo91Czesn6z0d0pkfbDoVZY3sg.jpg
Joan Chen,https://image.tmdb.org/t/p/original/jTu4mVKj8sQpgYnuaKchslor585.jpg
Kathy Baker,https://image.tmdb.org/t/p/original/34zuI0qWTD5jdqmJRtPwaW70JcQ.jpg
Beth Grant,https://image.tmdb.org/t/p/original/6THLoPYhIu422TqUmQDgnQRfYxA.jpg
Sofia Black-D'Elia,https://image.tmdb.org/t/p/original/gAttB88QL4ustF5omqM16OX0hNr.jpg
Brandon McEwan,https://image.tmdb.org/t/p/original/is6xbjlH14ritEVgiogRrcP27WI.jpg
Donald Sales,https://image.tmdb.org/t/p/original/kVovZo0ApNC8SRGkbghGNMpWbys.jpg
Nathalie Nell,https://image.tmdb.org/t/p/original/gMMiTKu3sLBQzf2bEfmrad9CM0O.jpg
Alain Fourès,https://image.tmdb.org/t/p/original/7vBwpbIOtS1iI5pNcJZKYhII0sq.jpg
Michèle Simonnet,https://image.tmdb.org/t/p/original/8DVb8SAOpGbo0a3YpnQ7J6CTYKy.jpg
Pierre Arditi,https://image.tmdb.org/t/p/original/kLvyrJkfcGUKzn3rHI0SYX5uPwj.jpg
Daniel Auteuil,https://image.tmdb.org/t/p/original/5asrvkdSnlYlHap3ldDNyE5opeI.jpg
Bernard Granger,https://image.tmdb.org/t/p/original/xx09MaBhkLdgHySdTiXy6oNSzif.jpg
Alain Marcel,https://image.tmdb.org/t/p/original/8VCvPUqMr3VE7oaEkKisTZL9Slm.jpg
Lucienne Hamon,https://image.tmdb.org/t/p/original/cDVEbQ6yVENoUPw88axXFBJZS5L.jpg
Eric Nam,https://image.tmdb.org/t/p/original/gEH0b5q9tupL49dmUFkjm9dnxP2.jpg
Dave Bautista,https://image.tmdb.org/t/p/original/snk6JiXOOoRjPtHU5VMoy6qbd32.jpg
Jessica Matten,https://image.tmdb.org/t/p/original/EQsPxsav8AZmaeT3mpU3Evilee.jpg
Román Zaragoza,https://image.tmdb.org/t/p/original/uWkOkSLqj2POMqkeLk5E5UJzebv.jpg
Steven Yeun,https://image.tmdb.org/t/p/original/fOMFO2Xx4duzpNgS9Q5ytO44yGb.jpg
Dionne Quan,https://image.tmdb.org/t/p/original/vGe0bMTfYDX1Wcw9ZCfY3YCSgai.jpg
Dee Bradley Baker,https://image.tmdb.org/t/p/original/9oFnToDZWp0I484s7Ua1EzNQQ2m.jpg
Freida Pinto,https://image.tmdb.org/t/p/original/tub18dfDNMxlempVIuPXh8fmZVs.jpg
Taika Waititi,https://image.tmdb.org/t/p/original/ww6L2ksfJNMbuiIdDuvVKndUHsv.jpg
Maciej Damięcki,https://image.tmdb.org/t/p/original/wfjiy9SFJKqH5z0vszBm4YE6cg0.jpg
Zdzisław Wardejn,https://image.tmdb.org/t/p/original/cljsMdrnNN5bZrEEvrX4hOqsQi1.jpg
Włodzimierz Press,https://image.tmdb.org/t/p/original/v5BgnkxRk3xqrodqr7saJ3YTsyn.jpg
Anna Nehrebecka,https://image.tmdb.org/t/p/original/cmvuniqw1XwC0RQV9YrTBKTQjCX.jpg
Anna Korzeniecka,https://image.tmdb.org/t/p/original/g6dA9FnqEoxebHlGOG14QHMGBZT.jpg
Sebastian Stankiewicz,https://image.tmdb.org/t/p/original/hLN0Ca09KwQOFLZLPIEzgTIbqqg.jpg
Robert Wabich,https://image.tmdb.org/t/p/original/29pY83Nue2zmJhtzBUdbgtEJmA1.jpg
Olaf Lubaszenko,https://image.tmdb.org/t/p/original/krKh5DmgVSWdjAIgnf4Mv9oQR2N.jpg
Małgorzata Kocik,https://image.tmdb.org/t/p/original/sLnLK2VLFoQxk4Ptj7tz7a0TUwf.jpg
Joanna Balasz,https://image.tmdb.org/t/p/original/ef9Hf5TBMV0Lb0KMBzdtcpp96Yk.jpg
Angelique Boyer,https://image.tmdb.org/t/p/original/c73CU85L1sHganTpVUHnjw3gbba.jpg
Bárbara de Regil,https://image.tmdb.org/t/p/original/2Oy7SFBIUtj4Qe2O6Ys9Bf8LJ86.jpg
Diego Klein,https://image.tmdb.org/t/p/original/zUSgyUwiQVMqX5iuVrqXCtbdC7F.jpg
Lucía Uribe,https://image.tmdb.org/t/p/original/zyuMAnbyG2a48B4602eoFI094pT.jpg
Isabella Camil,https://image.tmdb.org/t/p/original/jpRcrulEFlsy1ZMb1U9SY5ZPv0w.jpg
Gabriela Platas,https://image.tmdb.org/t/p/original/kU9Qpq7uLHsEQR4ECZsl3D0KsXD.jpg
Laura Flores,https://image.tmdb.org/t/p/original/rJqyCEBqB4ua2SjQ7PlDvzjlsby.jpg
César Rodríguez,https://image.tmdb.org/t/p/original/jDClj2dOXVaMNl1ky8FO8K3bsg8.jpg
Rolando Breme,https://image.tmdb.org/t/p/original/iCGyKDH0ogBxf7Ha5VBDwlbIn36.jpg
Gianna Jun,https://image.tmdb.org/t/p/original/qejOQBdIzN18e69yRcsiD0JQi4c.jpg
Koo Kyo-hwan,https://image.tmdb.org/t/p/original/aFwCpSKPGFqoiTStY6ljXnD5CwH.jpg
Ji Chang-wook,https://image.tmdb.org/t/p/original/sBmHrO5Tn27Ot5hy0yAKniROmNb.jpg
Kim Shin-rok,https://image.tmdb.org/t/p/original/x4zo2mSbehnQY80PbuldAZ7ruGm.jpg
Shin Hyun-been,https://image.tmdb.org/t/p/original/lU0yMFh5KgOEWZRThLYbB6ZI1hE.jpg
Go Soo,https://image.tmdb.org/t/p/original/77209yRtUHOEk3ILJY1rG3X3VUj.jpg
Lee Jung-ok,https://image.tmdb.org/t/p/original/fMkBpHRElwNatevfGinSv248bYg.jpg
Kim Jong-tae,https://image.tmdb.org/t/p/original/vf3R5QU7UCVEr3dOGt3bdFbypzu.jpg
Hwang Jae-yeol,https://image.tmdb.org/t/p/original/cyEibdvqNRurcNC63gqDSvX1qzE.jpg
Lee Dam-hee,https://image.tmdb.org/t/p/original/wGiJAT7w7r3VBZdTXClfEQZ9IOV.jpg
Sydney Sweeney,https://image.tmdb.org/t/p/original/uDnIdU4KGjQg7liFvb9wnALvg95.jpg
Amanda Seyfried,https://image.tmdb.org/t/p/original/qvfwAfUfKfX4DraCgfn0YriiLO0.jpg
Brandon Sklenar,https://image.tmdb.org/t/p/original/juLH1EhkY1Xx9Zai2H4icvfn4pD.jpg
Michele Morrone,https://image.tmdb.org/t/p/original/cOWSjiG2CI2PiCx69bCJiQVHyrD.jpg
Elizabeth Perkins,https://image.tmdb.org/t/p/original/vTWYllD9V76rgv9XAbtkkjjeunG.jpg
Indiana Elle,https://image.tmdb.org/t/p/original/d9Bk6BWiPmWIx1Ssx36GqReFjQJ.jpg
Amanda Joy Erickson,https://image.tmdb.org/t/p/original/3BieG0s7lddZr8wsNF6Rwfrz9Tm.jpg
Sarah Cooper,https://image.tmdb.org/t/p/original/85Ys0z9F6LCi0ZloiW2X6WHbZ1i.jpg
Megan Ferguson,https://image.tmdb.org/t/p/original/eBhtfrvBa9RyQgf52sf1E3jx524.jpg
Ellen Tamaki,https://image.tmdb.org/t/p/original/kQGqxMmGdpGTvBJEy3gWvMf1fKO.jpg
Aaron Taylor-Johnson,https://image.tmdb.org/t/p/original/pFtHhih2XEaFaD3qOFyQW6q83br.jpg
Theo James,https://image.tmdb.org/t/p/original/lSC4cMhcQeCjPFkK6qCjSGDSeR3.jpg
Gugu Mbatha-Raw,https://image.tmdb.org/t/p/original/sHAnv0kw5JHzWBOP7gAezwqgl8J.jpg
Elham Ehsas,https://image.tmdb.org/t/p/original/mlOS34qKEVApg5VVLTBUzY8cftN.jpg
Shaun Mason,https://image.tmdb.org/t/p/original/6JDlkUjE9tsWwLYbxoMStnYMMB4.jpg
Nabil Elouahabi,https://image.tmdb.org/t/p/original/gBWJGBBIWyAFv5rGv3hw3hwmEls.jpg
Honor Swinton Byrne,https://image.tmdb.org/t/p/original/90w9RClgkcvu3pOavfj0ELuTFYW.jpg
Saffron Hocking,https://image.tmdb.org/t/p/original/59fibQb4J3zcvC9awsVS2B0y6ga.jpg
Laurie Duncan,https://image.tmdb.org/t/p/original/w60z9qUyTkASC47lCutIXu1wPh5.jpg
Jason Statham,https://image.tmdb.org/t/p/original/pXGSq2UpcDE2NMF8LR56QZf5U1q.jpg
Bodhi Rae Breathnach,https://image.tmdb.org/t/p/original/sONxErk3r0xfoESAmU3GVTxoPDe.jpg
Naomi Ackie,https://image.tmdb.org/t/p/original/dijwuTAEZUzQtoJfK49S4X80fQw.jpg
Daniel Mays,https://image.tmdb.org/t/p/original/2qmA5mXnhA7Nelu2BTbJTvzq35u.jpg
Harriet Walter,https://image.tmdb.org/t/p/original/vH8JrqdHaoFeGos44XeKTNuQMKE.jpg
Bill Nighy,https://image.tmdb.org/t/p/original/ixFI2YCGNGJfwlpI8iyhvVZRg8C.jpg
Michael Shaeffer,https://image.tmdb.org/t/p/original/5O0UCmRy8NWpYvHeCJDntPKXmti.jpg
Anna Crilly,https://image.tmdb.org/t/p/original/wT6e4gDsQwrJjhXlIAj5IhcLICy.jpg
Eugenia Caruso,https://image.tmdb.org/t/p/original/ocWaLnqvU58oU7ZAVsVKA1w2Als.jpg
Céline Buckens,https://image.tmdb.org/t/p/original/6pGlBFPZ0tErnpr9vi4C8Pe7JJ0.jpg
Haley Pullos,https://image.tmdb.org/t/p/original/hwgZjOOvonCzEyrukpaZqrZTDMY.jpg
Sasha Clements,https://image.tmdb.org/t/p/original/pASF6OlOEFt8sRhJ9JR5PfZqslT.jpg
Judd Nelson,https://image.tmdb.org/t/p/original/7kRf8vE0ZjMuunh8BaD50B3EhS5.jpg
Alyson Bath,https://image.tmdb.org/t/p/original/soBctk3PwLkpjLRMSU7BdAmatYv.jpg
Jacky Lai,https://image.tmdb.org/t/p/original/os2Mpyuku25ylGrZtXea3QzQbsN.jpg
Jessica Lu,https://image.tmdb.org/t/p/original/vjdtaWK1fVoVOwssb5aci2MrLF1.jpg
Rachelle Gillis,https://image.tmdb.org/t/p/original/aD4gMqtkYT61f0H8O4uBolis1rx.jpg
Sarah Porchetta,https://image.tmdb.org/t/p/original/tViijwD1ZSCLkyUiss0pbCspsxh.jpg
Imali Perera,https://image.tmdb.org/t/p/original/pJ9HvnJ0Ik9yrbFawrrjHUaeFDg.jpg
Peter Graham-Gaudreau,https://image.tmdb.org/t/p/original/uxUN4vj7ioO8Oh3m2YW8ZJHh915.jpg
Sharon Leal,https://image.tmdb.org/t/p/original/3dJCnAZDG2ZN7Hxct8UAdPePpuz.jpg
Boris Kodjoe,https://image.tmdb.org/t/p/original/fo6bMq96LUDEatiXlQlMctOMGI3.jpg
John Newberg,https://image.tmdb.org/t/p/original/ry5sTnoh38ObTPXDkPcTl5I9r0U.jpg
Emayatzy Corinealdi,https://image.tmdb.org/t/p/original/yjc72CjOicfI4LxdoIQJ3VwpKF0.jpg
Garrett Hines,https://image.tmdb.org/t/p/original/AsEyJj9sYLFNypvn3tU0teWHm6g.jpg
Hunter Burke,https://image.tmdb.org/t/p/original/ibR2TL9jwKVDr9E3VJRnPcgcvHN.jpg
Kat Graham,https://image.tmdb.org/t/p/original/jz8H1af2k5zrY96ZkP9s3RuZdIl.jpg
Maria Howell,https://image.tmdb.org/t/p/original/yVTrDlQqHNfgXRRL9abOqr1eZi8.jpg
Ahmed Ezz,https://image.tmdb.org/t/p/original/mgQhox7AbzVsQ8xeTZvkK5Gvkd4.jpg
Karim Abdel Aziz,https://image.tmdb.org/t/p/original/wp2xdch9SqrrpzsJNsZMJd2vRT5.jpg
Monica Bellucci,https://image.tmdb.org/t/p/original/7g3k3u2gZpE7XU8GRYwHDuN1jlM.jpg
Tara Emad,https://image.tmdb.org/t/p/original/oNS3ui8NT6VWPIDERi2igvN82Tf.jpg
Martin Lawrence,https://image.tmdb.org/t/p/original/y3SQzIPUPJpdueb1DkbTYph68nk.jpg
Nasser Al Qasabi,https://image.tmdb.org/t/p/original/hNo0lzvLp323QjomlcS3Dw6rSbA.jpg
Menna Shalabi,https://image.tmdb.org/t/p/original/oxX093z8VFpDUTDTR0T0WFaMIos.jpg
Francis Ngannou,https://image.tmdb.org/t/p/original/bqsMNyt9XDEGpfxEVHNN1zKyNch.jpg
Alia Bhatt,https://image.tmdb.org/t/p/original/RBnTJPegPFLBS4VPsNLbf6iAoD.jpg
Jaya Bachchan,https://image.tmdb.org/t/p/original/gXmIdkOhJN7pa8XDR7KQJXgtXni.jpg
Shabana Azmi,https://image.tmdb.org/t/p/original/gy7DpFaZnpU4XOwBc8jhhE8rYYj.jpg
Dharmendra,https://image.tmdb.org/t/p/original/aagrv7LIDWq0GxZelUPqubCg7sH.jpg
Aamir Bashir,https://image.tmdb.org/t/p/original/jWvHNzlDwbTyJaShBeXfIKl2QHU.jpg
Tota Roy Chowdhury,https://image.tmdb.org/t/p/original/bwLeiID8R8awnedpDUUSj8DWq9Y.jpg
Churni Ganguly,https://image.tmdb.org/t/p/original/u7LVmZQEZ28zNqgJdzxh99fzpWq.jpg
Kshitee Jog,https://image.tmdb.org/t/p/original/iUnbW9eujjZXmn9Rd68lylIwjJl.jpg
Anjali Anand,https://image.tmdb.org/t/p/original/x35BaUKgC5kHYQtMxazfL07gGoO.jpg
Geert Van Rampelberg,https://image.tmdb.org/t/p/original/jECzjJvrJdBrh6xf3aRpTOu3Qxi.jpg
Samuel Suchod,https://image.tmdb.org/t/p/original/m3S4EdQHuKsyRln3zeUJwuJv1yz.jpg
Julia Louis-Dreyfus,https://image.tmdb.org/t/p/original/iEfHQNrVbVFesDPjdySom9nqsFg.jpg
Emma Thompson,https://image.tmdb.org/t/p/original/zQ0hWHh3tzaOOziPbABQI8s9WCu.jpg
Nicholas Braun,https://image.tmdb.org/t/p/original/b2I6bZptuld3pjlVkYIy4DtMKGg.jpg
Nicholas Galitzine,https://image.tmdb.org/t/p/original/hG4rH7eBMs117746bBOd8fUa4PA.jpg
Molly Gordon,https://image.tmdb.org/t/p/original/9aetjZLHPK1U9k1fI3svTZYytRL.jpg
Bryan Cranston,https://image.tmdb.org/t/p/original/npIIZJGSrcJIJ6yHdmbqO6Jzo5I.jpg
Chris O'Dowd,https://image.tmdb.org/t/p/original/xhfgliN8DInDVBliPq7JDeKNCvz.jpg
Hong Chau,https://image.tmdb.org/t/p/original/yGEw6uiSUBo838HkiCARs4BR40y.jpg
Tosin Cole,https://image.tmdb.org/t/p/original/8sFFg9Pw2OmAXPr4Lhql8ANzd4e.jpg
Adriano Celentano,https://image.tmdb.org/t/p/original/nhJbf0mDUkSUxoJykCVNWfcsa78.jpg
Carole Bouquet,https://image.tmdb.org/t/p/original/nCyI95wVvhXFH1GiornFHsL9YOx.jpg
Felice Andreasi,https://image.tmdb.org/t/p/original/pGMF7CTvctKYsLIgLTGJHS1Ehuj.jpg
Enzo Robutti,https://image.tmdb.org/t/p/original/zaFLnjkEdUE0OvPh21ItLavRiwr.jpg
Guido Spadea,https://image.tmdb.org/t/p/original/aFPUJ9TYFOdFpRxJ4Kj4ezMLcr0.jpg
Maurizio Tabani,https://image.tmdb.org/t/p/original/rf1RRAnqgcXoIfgo5IkkQTut6Qe.jpg
Michael Jackson,https://image.tmdb.org/t/p/original/zCqiBuWlo5IO9Mtw5Ktj3d0uyih.jpg
David Gest,https://image.tmdb.org/t/p/original/ldozPlaV6zLzXemX2pfm287QiFZ.jpg
Tito Jackson,https://image.tmdb.org/t/p/original/fEbxYtKYsHFWmoUyBlSgqCpPiSW.jpg
Rebbie Jackson,https://image.tmdb.org/t/p/original/bYCHIQA4ZWm2AIcaO7tiOvkrs7X.jpg
Katherine Jackson,https://image.tmdb.org/t/p/original/q88gKJ0VfGv1CJrkG4maB82BH0k.jpg
Frank DiLeo,https://image.tmdb.org/t/p/original/2lAHDwBw8yWdY3luOq9YhxN96Bm.jpg
Whitney Houston,https://image.tmdb.org/t/p/original/kOUbjET0IbUcMbFbajHfFiSy4gK.jpg
Daniela Casas,https://image.tmdb.org/t/p/original/vTh2lRxjtMeFrPF0awYcTxsCbq3.jpg
Chema Coloma,https://image.tmdb.org/t/p/original/VVXV9wloG6OsR6IIRBdQkLTnul.jpg
Tony Dalton,https://image.tmdb.org/t/p/original/vWteTJu9Dyrax7gQq8ndTjx5s6V.jpg
Stephanie Cayo,https://image.tmdb.org/t/p/original/q1biqcKvbpU4tEvMcbVNaoO9ABM.jpg
Angie Cepeda,https://image.tmdb.org/t/p/original/xMfzSUF7aiSdR3C7zlgzfvAXYOO.jpg
Manolo Cardona,https://image.tmdb.org/t/p/original/9hPHLgO9lINwZynrFywTG9ms8Jl.jpg
Sebastián Garcia,https://image.tmdb.org/t/p/original/1YOczoZA5voRjZPHKuL5LpkVu5x.jpg
Kathryn Newton,https://image.tmdb.org/t/p/original/1jRMjb3gvulT74tiIkWbz2xJEsc.jpg
Elijah Wood,https://image.tmdb.org/t/p/original/ayARmqAe9Aab1zg6FjJG0u9MEBo.jpg
Sarah Michelle Gellar,https://image.tmdb.org/t/p/original/xKe52w4tpv61ohz9iz75wNdzcwZ.jpg
Shawn Hatosy,https://image.tmdb.org/t/p/original/xTwYIiSOvvIUb9YIZcTNp8fdnwp.jpg
Varun Saranga,https://image.tmdb.org/t/p/original/hxBgqaSqmYcSFrLwszW7zLDw1sB.jpg
Masa Lizdek,https://image.tmdb.org/t/p/original/ojsf2SfLziAxBVoSCWn1S4TVAa8.jpg
Olivia Cheng,https://image.tmdb.org/t/p/original/c1rOhwVuZi3v47fuTAnVVB4XuSc.jpg
David Cronenberg,https://image.tmdb.org/t/p/original/3xh4e2gWHDilMLtucHzDGsmJMuQ.jpg
Dan Beirne,https://image.tmdb.org/t/p/original/jCEDTG739T3VZnashONEDdsqcr5.jpg
Gloria Guida,https://image.tmdb.org/t/p/original/3h6Qwrp1OOhtUWTka4MhclTOvTa.jpg
Colette Descombes,https://image.tmdb.org/t/p/original/11I6Cd11sT103jih52aHdX5CH06.jpg
Andrés Resino,https://image.tmdb.org/t/p/original/rcXYmmww50fduP1FoaIRww3mwLe.jpg
Gianluigi Chirizzi,https://image.tmdb.org/t/p/original/7gcZgNBZ4BsheokPJbONEyZgOiJ.jpg
Paolo Carlini,https://image.tmdb.org/t/p/original/nz4Xzsyng0mfKuQK4I1aFsAmeIj.jpg
Lu Yanting,https://image.tmdb.org/t/p/original/vKpOzPutTaPf03rWXiLuK8R2K3B.jpg
Joseph,https://image.tmdb.org/t/p/original/1TgCL0mlekWivRNo1voCwUZ8I5s.jpg
Han Mo,https://image.tmdb.org/t/p/original/6Ueom0Y4pjIG9B6zjQlfIbgcGhH.jpg
Chen Hao,https://image.tmdb.org/t/p/original/eBZJW1NCBFDh3U3xImf0vCCnDpy.jpg
Lu Qi,https://image.tmdb.org/t/p/original/eGoSeaM1c6KCLiRIqM8LJq5S5L5.jpg
Zhang Jiaming,https://image.tmdb.org/t/p/original/nFPxvqQLuDUpYgFiKRFkH0sX20P.jpg
Yang Wei,https://image.tmdb.org/t/p/original/rTi0M7yePiL3NqEGg5pTL7x56De.jpg
Wang Deshun,https://image.tmdb.org/t/p/original/yTmSmUH3CdEhU1zYd3maDg3ipBZ.jpg
Yu Chen,https://image.tmdb.org/t/p/original/zZ15ZOUpH7yNZ5Rz71l7YUhveMN.jpg
Li Nan,https://image.tmdb.org/t/p/original/oHz2xKSBwNddOuOr8oylMlo6LL5.jpg
Pimchanok Luevisadpaibul,https://image.tmdb.org/t/p/original/1dAa0G7gG3KbeF66HOof4DPXrpX.jpg
Thanapob Leeratanakachorn,https://image.tmdb.org/t/p/original/zZCYpbtAe4axyySy0TYS8eICujw.jpg
Sivakorn Adulsuttikul,https://image.tmdb.org/t/p/original/tbE7j3kwPCW6Yj3WQPZFtL9EasR.jpg
Chartayodom Hiranyatithi,https://image.tmdb.org/t/p/original/srsQcBSRLjjyIhSdS72xNPlHhUZ.jpg
Theerachai Wimolchaireuk,https://image.tmdb.org/t/p/original/s4NJCN5jvx3xx7lrJvGdQH5mouf.jpg
Teerawat Mulvilai,https://image.tmdb.org/t/p/original/p67Fm2px5Cs2iBBPrXzS45Ly893.jpg
Dan Chupong,https://image.tmdb.org/t/p/original/hl3Xhzbf5Vpxfx9bcdDPsdlXmWB.jpg
Kessarin Ektawatkul,https://image.tmdb.org/t/p/original/1IffgogYt2XbkWB2YloZL9PsLxp.jpg
Chanudom Suksathit,https://image.tmdb.org/t/p/original/wBHSK4gROmspHSb4cUIbtv35kNJ.jpg
Mohanlal,https://image.tmdb.org/t/p/original/qQLZgSwskFW7VxSVfyZMV933jUU.jpg
Meena,https://image.tmdb.org/t/p/original/vMawuuT7VCeeJuBqpkm5siuWPij.jpg
Asha Sarath,https://image.tmdb.org/t/p/original/1Bun1cGDrA14XOr7iHPk3w5bzAX.jpg
Murali Gopy,https://image.tmdb.org/t/p/original/nFt7DQiktygqPVyDupKSLmuBomU.jpg
Ansiba Hassan,https://image.tmdb.org/t/p/original/dh55iMR1ablDwrowT9UaKxEgNHZ.jpg
Esther Anil,https://image.tmdb.org/t/p/original/nXsLQHAtGT9GnScga3Aju5ObgR3.jpg
Veena Nandakumar,https://image.tmdb.org/t/p/original/yjRf4PwfeQ5GSYkOkj0fy5eYY0a.jpg
K. B. Ganesh Kumar,https://image.tmdb.org/t/p/original/Ac0j3lfrkft9Xsbt4BZqOeVPkG8.jpg
Santhi Mayadevi,https://image.tmdb.org/t/p/original/pGnYtrkP2Duj7LPMvNMXCCMtilR.jpg
Gerard Butler,https://image.tmdb.org/t/p/original/i54XoxYieuff2w6MwyfwVUBvmR0.jpg
Morena Baccarin,https://image.tmdb.org/t/p/original/kBSKKaOtsqIzZPhtEeHfCBmhWl9.jpg
Roman Griffin Davis,https://image.tmdb.org/t/p/original/jEox6Bq4TlINrnp5EUjqSlDK3eP.jpg
Tommie Earl Jenkins,https://image.tmdb.org/t/p/original/kl2dzZU3p6pOjuKBi52wOnEGvEp.jpg
Trond Fausa Aurvåg,https://image.tmdb.org/t/p/original/rFWC22ZScaQwA85NBo7l1j9XQdo.jpg
Amber Rose Revah,https://image.tmdb.org/t/p/original/AjVg1UrGqm0mlbis8CVm0O56Ae2.jpg
Gina Gangar,https://image.tmdb.org/t/p/original/kXKKYAUqhcG49tNt7lcUMC2xne7.jpg
Peter Polycarpou,https://image.tmdb.org/t/p/original/2lt53oJXRYt3FGzSvCbQmtVfLN2.jpg
Beruce Khan,https://image.tmdb.org/t/p/original/m8U9jbt4SzFJlYWhryG8AxxUAuZ.jpg
Elle Fanning,https://image.tmdb.org/t/p/original/ucC5faqfEYVhoC25M6Hi3znZmab.jpg
Dimitrius Schuster-Koloamatangi,https://image.tmdb.org/t/p/original/rmIZTT1AZK3C9fYhEOtGKtSrF8E.jpg
Ravi Narayan,https://image.tmdb.org/t/p/original/iM9dr3AjXTt7IGpRzZlQVG7hINa.jpg
Michael Homick,https://image.tmdb.org/t/p/original/a7IFYVtmNvBMJ7c20BVMc0LX6PT.jpg
Stefan Grube,https://image.tmdb.org/t/p/original/7SJ13Np7xL20YJjPiUbM7PshdYA.jpg
Reuben De Jong,https://image.tmdb.org/t/p/original/opjLobu1AKKspKfYzY6AXrjUglt.jpg
Cameron Brown,https://image.tmdb.org/t/p/original/jLEKQbppMDHeiFX23bxrcmT5dmh.jpg
Alison Wright,https://image.tmdb.org/t/p/original/yVdCk5eWk5syRrBdxjrnJ1O2Rpg.jpg
Matt Duffer,https://image.tmdb.org/t/p/original/xaBSTbWWVmKcZN5RoIzPiF5RzZj.jpg
Ross Duffer,https://image.tmdb.org/t/p/original/AnZhpHzHKy0IWwn9KxkukXXWNte.jpg
Dyessa Garcia,https://image.tmdb.org/t/p/original/xak9L0fkIOkjSwJpz3SWLl94tVP.jpg
Arnold Reyes,https://image.tmdb.org/t/p/original/7tKvFbusy0yaf5Qsb8q5o3cCdxW.jpg
Allan Paule,https://image.tmdb.org/t/p/original/hzsUDaCiDI3IwRMN6H5ucdtNr5N.jpg
Tanya Gomez,https://image.tmdb.org/t/p/original/2zhNuuCzkUF5xzjfW5byTYiJzd6.jpg
Vern Kaye,https://image.tmdb.org/t/p/original/66Kr8j6IfT6uLg3qiOdYtlV4MXI.jpg
Chloe Jenna,https://image.tmdb.org/t/p/original/KlQU1413syxXmQ8gQ4KOaPDrAa.jpg
Juan Calma,https://image.tmdb.org/t/p/original/kdgXU6b3cQ6dDgjn2bfIztyloyA.jpg
Riteish Deshmukh,https://image.tmdb.org/t/p/original/b4Mwk9dDgMS82269iBX7V1YsOpu.jpg
Abhishek Bachchan,https://image.tmdb.org/t/p/original/o2hWC004VnRyGLOgg8OjiP1Ch5A.jpg
Sachin Khedekar,https://image.tmdb.org/t/p/original/jRSgXFTDAbAb4RsW9nvNYsdhxWo.jpg
Genelia D'Souza,https://image.tmdb.org/t/p/original/q4g6maGv227VuxGQdtNfyJ1SKXR.jpg
Vidya Balan,https://image.tmdb.org/t/p/original/kKZydReqqovZ0dN3CmqbFS3uyUD.jpg
Bhagyashree,https://image.tmdb.org/t/p/original/x1JU9HYF6CSm9G92js53EmA00lS.jpg
Fardeen Khan,https://image.tmdb.org/t/p/original/pr3VEjdUTOKSNBFHgwjH9rOT5nC.jpg
Jitendra Joshi,https://image.tmdb.org/t/p/original/rUtSbkJXDwk3jmLiO0Zt8oNgIMO.jpg
Mark Dionisio,https://image.tmdb.org/t/p/original/29rcLa6859piOuVxBSq3fVD1P0U.jpg
Ice Cube,https://image.tmdb.org/t/p/original/9EghwabQ1wIQT4oN69qtPlzqGn4.jpg
Eva Longoria,https://image.tmdb.org/t/p/original/1u26GLWK1DE7gBugyI9P3OMFq4A.jpg
Clark Gregg,https://image.tmdb.org/t/p/original/mq686D91XoZpqkzELn0888NOiZW.jpg
Iman Benson,https://image.tmdb.org/t/p/original/6s8Cyc4rxDRpX1vYnczU52RM4IM.jpg
Henry Hunter Hall,https://image.tmdb.org/t/p/original/qZEv8RIGC9yLwY29Vo4KQzpO9Dt.jpg
Devon Bostick,https://image.tmdb.org/t/p/original/fO1LaBwXX0AIy5JOCdvA1DAJfnK.jpg
Andrea Savage,https://image.tmdb.org/t/p/original/dh2prcwPU9U1PBdCNu5SSd4Of9j.jpg
Nicole Pulliam,https://image.tmdb.org/t/p/original/XcJAw0P7bPE9ET52P4fZ2hdokk.jpg
Michael O'Neill,https://image.tmdb.org/t/p/original/u9Ejl9iS4ZJ36Y653UCe8huLaOn.jpg
Jim Meskimen,https://image.tmdb.org/t/p/original/18eXUo8DfTwannhq8FOwgVdFs9Y.jpg
Robert Downey Jr.,https://image.tmdb.org/t/p/original/5qHNjhtjMD4YWH3UP0rm4tKwxCL.jpg
Chris Evans,https://image.tmdb.org/t/p/original/3bOGNsHlrswhyW79uvIHH1V43JI.jpg
Mark Ruffalo,https://image.tmdb.org/t/p/original/5GilHMOt5PAQh6rlUKZzGmaKEI7.jpg
Chris Hemsworth,https://image.tmdb.org/t/p/original/piQGdoIQOF3C1EI5cbYZLAW1gfj.jpg
Scarlett Johansson,https://image.tmdb.org/t/p/original/druW5adKddizHNSoPbI0q7Mvn0K.jpg
Jeremy Renner,https://image.tmdb.org/t/p/original/yB84D1neTYXfWBaV0QOE9RF2VCu.jpg
Tom Hiddleston,https://image.tmdb.org/t/p/original/mclHxMm8aPlCPKptP67257F5GPo.jpg
Cobie Smulders,https://image.tmdb.org/t/p/original/1b0mYokcGsfFRge4bjXlS5ihtek.jpg
Dhruva Sarja,https://image.tmdb.org/t/p/original/eGRgr3Ek4iCGpzInpjV5DKbEjEH.jpg
Shilpa Shetty Kundra,https://image.tmdb.org/t/p/original/qEU2hFsnKYdjPp4LNYvqmfRFNeP.jpg
Reeshma Nanaiah,https://image.tmdb.org/t/p/original/vvkqpVmVlDKfvI0vkXZMMCYSahT.jpg
V. Ravichandran,https://image.tmdb.org/t/p/original/iAOpZLfohCOGzyBn2zTmFqxis1y.jpg
Ramesh Aravind,https://image.tmdb.org/t/p/original/hXGIyDB974E4on7B7mCJYWpMfzn.jpg
Nora Fatehi,https://image.tmdb.org/t/p/original/jKvLkySOJFUUnUdE7Zo4oPb9ZzM.jpg
Caleb Landry Jones,https://image.tmdb.org/t/p/original/8M5lPHrERwAIfWK56RkH30FOjhV.jpg
Zoë Bleu Sidel,https://image.tmdb.org/t/p/original/1FsS1gMWe11AWmMst2NubiwrxtF.jpg
Christoph Waltz,https://image.tmdb.org/t/p/original/jMvLGCVXLaBqjRLf5olyvEucZob.jpg
Matilda De Angelis,https://image.tmdb.org/t/p/original/xL6Ky35uDDz9L4qWkMF2cTjGkbn.jpg
Ewens Abid,https://image.tmdb.org/t/p/original/5zGcQkoSsg1AdkcvYuqnLuslMuv.jpg
Guillaume de Tonquédec,https://image.tmdb.org/t/p/original/mDPeqkKJgFMiH60gH32VTwgOHSp.jpg
David Shields,https://image.tmdb.org/t/p/original/k7E0Pctzyx1ML8M9nnxVhnKIFtz.jpg
Bertrand-Xavier Corbi,https://image.tmdb.org/t/p/original/bY4kNFV0O9pQD0XAW9McD7t6X0W.jpg
Raphael Luce,https://image.tmdb.org/t/p/original/nKiboEmmgxAF7xUNSPYN56ANnak.jpg
Rachel McAdams,https://image.tmdb.org/t/p/original/2zyOjda95OfAAsJvuwTV0UaznPZ.jpg
Dylan O'Brien,https://image.tmdb.org/t/p/original/xN3GdvIlqsR838gDoblhPH0numP.jpg
Edyll Ismail,https://image.tmdb.org/t/p/original/lCpAsh5kViYm6tx7lKyIyeefScd.jpg
Dennis Haysbert,https://image.tmdb.org/t/p/original/lcnjaw2CFN6q9eaes1jTYrUB0rb.jpg
Xavier Samuel,https://image.tmdb.org/t/p/original/gHvKqCXfpzaGp46gqsy9MVDfmSf.jpg
Chris Pang,https://image.tmdb.org/t/p/original/rd1ScdIuW0Wo4qdjIDsnXeZDr8a.jpg
Thaneth Warakulnukroh,https://image.tmdb.org/t/p/original/jQBCefKZTK1U1BusbpH0OWpYjXB.jpg
Emma Raimi,https://image.tmdb.org/t/p/original/lrzUm5whjsyqOfADa8cJYVl6del.jpg
Kristy Best,https://image.tmdb.org/t/p/original/59SfxmgV30kqIlsgNfYG20EimHu.jpg
Francesca Waters,https://image.tmdb.org/t/p/original/z0zXS5qNuts4sJmf1KFNhmDWMIZ.jpg
Nicole Wallace,https://image.tmdb.org/t/p/original/xlvq6OYCN6yQef4fpJQtwVyQxqr.jpg
Gabriel Guevara,https://image.tmdb.org/t/p/original/pviRYKEEmoPUfLYwP1VHJ6LQcRg.jpg
Marta Hazas,https://image.tmdb.org/t/p/original/1dbeTFRCbWBt70dIGjYHKVLnpaG.jpg
Iván Sánchez,https://image.tmdb.org/t/p/original/woVz8D7t1VUKjFJnsTAdc8tyz5C.jpg
Eva Ruiz,https://image.tmdb.org/t/p/original/bcu0nmQvhxwTzh4csc4kuxJsQee.jpg
Víctor Varona,https://image.tmdb.org/t/p/original/lcwFAjHjhJXkxf59TXGSjGGOlLj.jpg
Fran Berenguer,https://image.tmdb.org/t/p/original/uYi3MOwqtNdfZt82DdvzKCZku50.jpg
Adriana Ubani,https://image.tmdb.org/t/p/original/7TlpwffkqeTu1mQNZW3OG0IdTFm.jpg
Ivan Massagué,https://image.tmdb.org/t/p/original/dmnJo2sGlfFjtKb8FDPlNjRhfyc.jpg
Mariano Venancio,https://image.tmdb.org/t/p/original/aZT4jP35s7hwOspb4nW1wqKZpmE.jpg
Kenneth Branagh,https://image.tmdb.org/t/p/original/AbCqqFxNi5w3nDUFdQt0DGMFh5H.jpg
Justin Theroux,https://image.tmdb.org/t/p/original/vnI9L0rXBAw1HeC0Q8hJGeJMGAW.jpg
Lucy Liu,https://image.tmdb.org/t/p/original/9nbtjqsx3De7hO2XDtrBQ7M9VCH.jpg
Tibor Feldman,https://image.tmdb.org/t/p/original/b6tVKhCkNWltObwyHpGfBLuaPt6.jpg
B.J. Novak,https://image.tmdb.org/t/p/original/o8Xf1khxhKGTz3QAplXD35opRA8.jpg
Josh Brolin,https://image.tmdb.org/t/p/original/sX2etBbIkxRaCsATyw5ZpOVMPTD.jpg
Don Cheadle,https://image.tmdb.org/t/p/original/umhTmcVF26qZKEpSfG1ZNpcbs9D.jpg
Benedict Cumberbatch,https://image.tmdb.org/t/p/original/wz3MRiMmoz6b5X3oSzMRC9nLxY1.jpg
Tom Holland,https://image.tmdb.org/t/p/original/xKBAaPIa1c7tzZD3Y0MhBLv4hPE.jpg
Chadwick Boseman,https://image.tmdb.org/t/p/original/1lz1wLOuPFSRIratMz0SxD3tkJ.jpg
Dakota Johnson,https://image.tmdb.org/t/p/original/qFek0KqpaPV5mVyHHNfAapDE9Tj.jpg
Jamie Dornan,https://image.tmdb.org/t/p/original/dPCjxgq4YsqkcZ3fsE84Ifq0Wxv.jpg
Eric Johnson,https://image.tmdb.org/t/p/original/oSwKvCo9duqcOfUAYPLdNHyXnna.jpg
Eloise Mumford,https://image.tmdb.org/t/p/original/qSZvYfSDO6hyecInknWpcyrQ7Hz.jpg
Rita Ora,https://image.tmdb.org/t/p/original/tti3t4tDPt0LgSfY2vBsR5rofn0.jpg
Luke Grimes,https://image.tmdb.org/t/p/original/c547Xiwf9feeDbGfQchfJCkC111.jpg
Victor Rasuk,https://image.tmdb.org/t/p/original/1vh2Yzp9bhmaxLfpNCrO7DVoURd.jpg
Max Martini,https://image.tmdb.org/t/p/original/gehOxb2cgNjcRnbAxaCUnFFJvAY.jpg
Jennifer Ehle,https://image.tmdb.org/t/p/original/rmHaDj5xQu3ZPoI5XWgA5BZj3zH.jpg
Kim Basinger,https://image.tmdb.org/t/p/original/iqQ4o2sRna7J1Z9KkB9Avp9CIsk.jpg
Kelly Eviston-Quinnett,https://image.tmdb.org/t/p/original/7apdemZBevZ2kpFbaIlNcGUzS08.jpg
Ella Bleu Travolta,https://image.tmdb.org/t/p/original/xivxftmt3FbvZOraKVBduSW3m99.jpg
Margaret Travolta,https://image.tmdb.org/t/p/original/r9bQhcoB7iBbUu4NF5JWLopjSnj.jpg
Ellen Travolta,https://image.tmdb.org/t/p/original/jzhZavjI1LemTl5QMoYkd8wgJ0M.jpg
John Travolta,https://image.tmdb.org/t/p/original/ap8eEYfBKTLixmVVpRlq4NslDD5.jpg
Ann Travolta,https://image.tmdb.org/t/p/original/2Eb6plB6qa8cHPSGitsXp5EIZh0.jpg
Joey Travolta,https://image.tmdb.org/t/p/original/tv1yDXQUUj9FiaPZlYKJsrtbiNv.jpg
Josh O'Connor,https://image.tmdb.org/t/p/original/iFGxCv7wMaComYR40Mt7fwbfY1k.jpg
Colin Firth,https://image.tmdb.org/t/p/original/4VBeYEUQbfhnivdkqInM36u5fda.jpg
Eve Hewson,https://image.tmdb.org/t/p/original/Dj3osDr5zSP7uMtBBbbUeIgRMu.jpg
Wyatt Russell,https://image.tmdb.org/t/p/original/zIldBzXdBWskPZB7x35G2hYEVDo.jpg
Henry Lloyd-Hughes,https://image.tmdb.org/t/p/original/m8zSYF7KmQS0x0o7wnWSuWLc0LW.jpg
Elizabeth Marvel,https://image.tmdb.org/t/p/original/zJaDO2YI0XHeUDB5onVSgAVrvg2.jpg
Michael Gaston,https://image.tmdb.org/t/p/original/lXhqiW4J1n9bnbfwz0Kdf2sjGLU.jpg
Gabby Beans,https://image.tmdb.org/t/p/original/3njrvTJttrEIVNv5DjoP1OlBP5D.jpg
Namashi Chakraborty,https://image.tmdb.org/t/p/original/uWVWky9A4ZXYRW7haS8Vawf7tDo.jpg
Amit Sadh,https://image.tmdb.org/t/p/original/2saOd8mdC7U3RQseWAfQ91jSUsX.jpg
Tridha Choudhury,https://image.tmdb.org/t/p/original/nCb7ZgqAbL7gcgfUsdWHw9yZo2I.jpg
Sameera Reddy,https://image.tmdb.org/t/p/original/egzWn7xxmKZxnynYuFlD93z3GMf.jpg
Neetu Chandra,https://image.tmdb.org/t/p/original/8gVCfDlE2sf1Pxpx9qg0OTlCL4k.jpg
Mrinal Kulkarni,https://image.tmdb.org/t/p/original/ieSjGEhHK5DlRO8XGEstQBmhFWl.jpg
Rudy Youngblood,https://image.tmdb.org/t/p/original/64HlxkHjgZ8oBxyosonWnSw2e9k.jpg
Raoul Max Trujillo,https://image.tmdb.org/t/p/original/dIfHIt1pgnYW9oCksc0DdoY5Mt5.jpg
Gerardo Taracena,https://image.tmdb.org/t/p/original/wvqDQf71ezlA36ZzhWe1D7cKLLS.jpg
Iazua Larios,https://image.tmdb.org/t/p/original/7xneMbsqSVqPq2NFMpkpAAZr6SG.jpg
Antonio Monroy,https://image.tmdb.org/t/p/original/kV2DMkExJ26SCTap134DTqXwv8c.jpg
María Isabel Díaz Lago,https://image.tmdb.org/t/p/original/wwSEXt9QqMcwI5oDZWzFbj2q6XO.jpg
Dalia Hernández,https://image.tmdb.org/t/p/original/9nA8P6CrQtwpQ8ejbnmDBaQNgPf.jpg
Jonathan Brewer,https://image.tmdb.org/t/p/original/nE55aace8Y7VHDjiLsoYXjruBjP.jpg
Morris Birdyellowhead,https://image.tmdb.org/t/p/original/rU5fuWNz8ZeVxa4aDZTkFQgJE6v.jpg
Zazie Beetz,https://image.tmdb.org/t/p/original/sgxzT54GnvgeMnOZgpQQx9csAdd.jpg
Myha'la,https://image.tmdb.org/t/p/original/hRc3igngt5dkpM08i0a3z7gkYWa.jpg
Patricia Arquette,https://image.tmdb.org/t/p/original/jeThSouMatiuRiLkjDvSBLHpmq0.jpg
Paterson Joseph,https://image.tmdb.org/t/p/original/7CIVAl4HiuWrmp4r8Jk09sqxTBy.jpg
Heather Graham,https://image.tmdb.org/t/p/original/avYdNkeg1oTvmrNJbFDcTlBCkKs.jpg
Tom Felton,https://image.tmdb.org/t/p/original/etmtUBzJ1i1XJTLS6MkotJFE1se.jpg
Willie Ludik,https://image.tmdb.org/t/p/original/8uWmGHp0bO3jrXZIOsmHIh1La3i.jpg
David Viviers,https://image.tmdb.org/t/p/original/imKMFCnYUiJOUc3uOZ1lPv9SFpF.jpg
Gabe Gabriel,https://image.tmdb.org/t/p/original/nHWGkaGCeGLTqQfDmd1rx1ldH4z.jpg
Viktoria Korotkova,https://image.tmdb.org/t/p/original/iKyTZUSLtsH4Dwl6pd9CRvFaDhI.jpg
Neve Campbell,https://image.tmdb.org/t/p/original/zQzNg6Kiufj2VCltprI6jilNtl3.jpg
Courteney Cox,https://image.tmdb.org/t/p/original/cSOORhCRPJiwKghozXVXrOBi3Tp.jpg
Isabel May,https://image.tmdb.org/t/p/original/RJ4djIbfvUHXCCgniiAi0ebhED.jpg
Jasmin Savoy Brown,https://image.tmdb.org/t/p/original/yWaCA2iKmVps20SFxwiB1DvbN6j.jpg
Mason Gooding,https://image.tmdb.org/t/p/original/bmlry1xqBzNgv8Chm783ss93Cvg.jpg
Roger L. Jackson,https://image.tmdb.org/t/p/original/kDAoLRPVKgfTXRhDep0JNouhyAV.jpg
Anna Camp,https://image.tmdb.org/t/p/original/32H0SJbTK3tvLVgf3X1aiaUdcxe.jpg
Joel McHale,https://image.tmdb.org/t/p/original/7iwIiaYhIPaiAyiaZOc2Gl1ZAY4.jpg
Celeste O'Connor,https://image.tmdb.org/t/p/original/jI3pNOhj9Gr7ym9cUcv8vsI0lCF.jpg
Sam Rechner,https://image.tmdb.org/t/p/original/cjFwkjJY7G2MxNnTzPuM1rPXG3G.jpg
Omar Chaparro,https://image.tmdb.org/t/p/original/fAIDrbtyHBcDDbRdRZ3bvNesKU7.jpg
Alejandro Speitzer,https://image.tmdb.org/t/p/original/cV95e8sHliYBnjdz1OpZYqAywL7.jpg
Paola Nuñez,https://image.tmdb.org/t/p/original/5k8tBBvoV43iK6u0k2YUSVXPmuK.jpg
Natalia Solián,https://image.tmdb.org/t/p/original/miG7BYdOLR8DvvqdfhGpukxGZLh.jpg
Luis Alberti,https://image.tmdb.org/t/p/original/1uf6WXebWuL0oEMM2z8ulcnRro.jpg
Lizeth Selene,https://image.tmdb.org/t/p/original/o8BNtreaGlVJkSlsYjGtFzwkXpG.jpg
Gustavo Sánchez Parra,https://image.tmdb.org/t/p/original/oBG9fCTuPgtAiDtvk9Big3hemI.jpg
Manuel Cruz Vivas,https://image.tmdb.org/t/p/original/72zCknQUuIxCq4EiHNLkx3HODTz.jpg
Christian Bale,https://image.tmdb.org/t/p/original/7Pxez9J8fuPd2Mn9kex13YALrCQ.jpg
Heath Ledger,https://image.tmdb.org/t/p/original/p2z2bURSg7nuMsN9P2s61e2RvNz.jpg
Aaron Eckhart,https://image.tmdb.org/t/p/original/u5JjnRMr9zKEVvOP7k3F6gdcwT6.jpg
Maggie Gyllenhaal,https://image.tmdb.org/t/p/original/vsfkWdYWmA9CpzMHTJzrFxlDnEZ.jpg
Gary Oldman,https://image.tmdb.org/t/p/original/yhaSM5habNNI1Tf4ALRwRk3VvSZ.jpg
Monique Gabriela Curnen,https://image.tmdb.org/t/p/original/lJgLQs7cfM49m8VzVviwxIByz76.jpg
Ron Dean,https://image.tmdb.org/t/p/original/mgqdr4VFrTVZatkki2suNLYxeDG.jpg
Cillian Murphy,https://image.tmdb.org/t/p/original/2lKs67r7FI4bPu0AXxMUJZxmUXn.jpg
Zendaya,https://image.tmdb.org/t/p/original/yCpzzMJ9gS7Rp7xgrVOsntW1m7D.jpg
Robert Pattinson,https://image.tmdb.org/t/p/original/3qZ09UE7lN6AtorfXFRYpEtSY93.jpg
Mamoudou Athie,https://image.tmdb.org/t/p/original/ycUbhfZRKC8MtNK9oMwscRsl3uM.jpg
Alana Haim,https://image.tmdb.org/t/p/original/uOU4uueRxH5BYhzNjzPxJOxZStJ.jpg
Jordyn Curet,https://image.tmdb.org/t/p/original/sUGk173dPdlR6OXQEape7EW2XT1.jpg
Hailey Benton Gates,https://image.tmdb.org/t/p/original/6gwH5IN15L4PXtLRwZYED6mO5xp.jpg
Michael Abbott Jr.,https://image.tmdb.org/t/p/original/lL6epnepASAxQolqXeNve8hEcaR.jpg
Hannah Gross,https://image.tmdb.org/t/p/original/p94oyYrrywfSH3vkimTL1cbaWQt.jpg
Sydney Lemmon,https://image.tmdb.org/t/p/original/heGyUuth1HInFdywZ6y8gqjf0q6.jpg
Zoë Winters,https://image.tmdb.org/t/p/original/3Ej5luqqvdD3hZXAzFZbdRxj7CQ.jpg
Siddharth Gupta,https://image.tmdb.org/t/p/original/z4BviQHheuORtnTK7oRRCIqtIip.jpg
Sushmitha Bhat,https://image.tmdb.org/t/p/original/bQW98KlIoo15qIUn4X4nEM5PvBx.jpg
J. Karthik,https://image.tmdb.org/t/p/original/d5bGx7w16Q2Ex0iP1cyHX8WCxrr.jpg
Smrithi Srikanth,https://image.tmdb.org/t/p/original/dvQldB7GKTP8TIbaETaYIUpGk7M.jpg
Jackie Shroff,https://image.tmdb.org/t/p/original/1UNJypgEyuihUW2avLLVYj76jie.jpg
Alan Ritchson,https://image.tmdb.org/t/p/original/92YNEEpCyugkTzPprJwZpvVtvuK.jpg
Dennis Quaid,https://image.tmdb.org/t/p/original/lMaDAJHzsKH7U3dln2B3kY3rOhE.jpg
Stephan James,https://image.tmdb.org/t/p/original/itWiVFI7uE8s4QQjcQBbVO0hY7K.jpg
Jai Courtney,https://image.tmdb.org/t/p/original/6vEaNwbOKov6yzQx15CdtrqfK3L.jpg
Esai Morales,https://image.tmdb.org/t/p/original/cNYciYzUzxraGlw0BPql1QePi5H.jpg
Blake Richardson,https://image.tmdb.org/t/p/original/58QVBtwjZODn9FGighvL94pgmsH.jpg
Keiynan Lonsdale,https://image.tmdb.org/t/p/original/lSIKty1Y8JLIE4aqL6VmZYx0JEB.jpg
Jack Patten,https://image.tmdb.org/t/p/original/sIE11wI7czGjYCUOlEKqXguIdsl.jpg
Joshua Diaz,https://image.tmdb.org/t/p/original/dhqnloyyBe6iV4wbBiadLBgzgLt.jpg
Heather Burridge,https://image.tmdb.org/t/p/original/q7hFhBMsI89FfuZJwTTGjAOCtZs.jpg
Apphle Celso,https://image.tmdb.org/t/p/original/hLZ7TBqidKveS6l4aAJetCek5Zy.jpg
Van Allen Ong,https://image.tmdb.org/t/p/original/jfR0mocS2oMV3UqDyKwuIVJrwQc.jpg
Rinoa Halili,https://image.tmdb.org/t/p/original/eEEKU8yEDerClctEXWozWP7XBkp.jpg
Halle Berry,https://image.tmdb.org/t/p/original/yfAJMERSlDIZD1iy6Aab8bArcCK.jpg
Barry Keoghan,https://image.tmdb.org/t/p/original/ngoitknM6hw8fffLywyvjzy6Iti.jpg
Monica Barbaro,https://image.tmdb.org/t/p/original/fcujBTiKyZgJzaDenhv5ryo9SyB.jpg
Nick Nolte,https://image.tmdb.org/t/p/original/jpYzFBi6zfn8CHVaXmqgiOTas4V.jpg
Corey Hawkins,https://image.tmdb.org/t/p/original/wRt0Bc0chN5BSjvYzmg2evgqNzp.jpg
Jennifer Jason Leigh,https://image.tmdb.org/t/p/original/9nT2mbQ9P8UpCXirssDxDT75jlm.jpg
Peter Banifaz,https://image.tmdb.org/t/p/original/fQXcGOpKU8mzkYNyzXrmtXP5In4.jpg
Babak Tafti,https://image.tmdb.org/t/p/original/ybXVTUHNyyvT30l8TDrh9P6LyxZ.jpg
Marlon Brando,https://image.tmdb.org/t/p/original/eEHCjqKMWSvQU4bmwhLMsg4RtEr.jpg
Al Pacino,https://image.tmdb.org/t/p/original/m8HAAjq1T75JypKk0v1FFQn4ysZ.jpg
James Caan,https://image.tmdb.org/t/p/original/z2Lz3rtxZ7aJjzBUkCnExvo8stn.jpg
Robert Duvall,https://image.tmdb.org/t/p/original/3tcKxC5Sc3DJ6XPDKKC2EAomEWn.jpg
Richard S. Castellano,https://image.tmdb.org/t/p/original/1vr75BdHWret81vuSJ3ugiCBkxw.jpg
Diane Keaton,https://image.tmdb.org/t/p/original/A8B3BsFgbmw2WEmJuQX38qeU9eR.jpg
Talia Shire,https://image.tmdb.org/t/p/original/oktJmlLeyYKBCWPNjHskDwAfjct.jpg
Gianni Russo,https://image.tmdb.org/t/p/original/jfeGnQfXMzKXsuSPm9oTxm6FOuz.jpg
Sterling Hayden,https://image.tmdb.org/t/p/original/dCTe6BsGSp9QTcva2Pz4wbxxYMY.jpg
John Marley,https://image.tmdb.org/t/p/original/xyzwd0CiBjXfowH3HcPhvuWcV5B.jpg
Brad Pitt,https://image.tmdb.org/t/p/original/m09Y1YfPPeNYYUSHnnVqahkrC1o.jpg
Damson Idris,https://image.tmdb.org/t/p/original/y0dcRs4GF6Xx23OxDr1ytc8thlL.jpg
Javier Bardem,https://image.tmdb.org/t/p/original/IShnFg6ijWhpbu29dFBd9PtqQg.jpg
Kerry Condon,https://image.tmdb.org/t/p/original/8RO25vJxQSoNdhsVbiAHOsiGfvl.jpg
Tobias Menzies,https://image.tmdb.org/t/p/original/hGhAw2obMEOu1K0ed9b3jds9thf.jpg
Kim Bodnia,https://image.tmdb.org/t/p/original/koWU6vb82cuCDLeYE1erqnQ39cW.jpg
Sarah Niles,https://image.tmdb.org/t/p/original/ySelhnmCCX9VnlPvceO9c5XOelK.jpg
Will Merrick,https://image.tmdb.org/t/p/original/3IVuzHqE8FIBV679o4VGrZInpsE.jpg
Joseph Balderrama,https://image.tmdb.org/t/p/original/8BwRFsXzWD25dPih6IePcRD3EjT.jpg
Abdul Salis,https://image.tmdb.org/t/p/original/2gDH3kNzUr4IUZLbCiYR9OCTjGa.jpg
Sara Khorami,https://image.tmdb.org/t/p/original/jh49k9oVAVGdApgSCiRyJmrAgoG.jpg
Mikkel Bratt Silset,https://image.tmdb.org/t/p/original/ooFYSgaxUxZHIwh1dYjs6qVerDK.jpg
Ingvild Holthe Bygdnes,https://image.tmdb.org/t/p/original/3AABshTodEIQ9v5JCmEG10qgfSb.jpg
Øyvind Brandtzæg,https://image.tmdb.org/t/p/original/89knc7MjxpY4OJ7AxEnkpaUesVS.jpg
Steinar Klouman Hallert,https://image.tmdb.org/t/p/original/gA6QvgLkvQ13JliAOu4M7ZjhHzJ.jpg
Filip Bargee Ramberg,https://image.tmdb.org/t/p/original/kHvul9jNaLtSr0pCAdkQXXSO4lh.jpg
Jon Erik Myre,https://image.tmdb.org/t/p/original/9AU9oYNBnI8yQsGLarm6IkgrFts.jpg
Hans Morten Hansen,https://image.tmdb.org/t/p/original/q6avDYFpDLCNHV5x3ILE02i3GmH.jpg
Magnús Blöndal Jóhannsson,https://image.tmdb.org/t/p/original/fZiZ6605EXPZpPlJ11gWeIydafb.jpg
Tom Hanks,https://image.tmdb.org/t/p/original/oFvZoKI6lvU03n4YoNGAll9rkas.jpg
Tim Allen,https://image.tmdb.org/t/p/original/woWhZzFILVhYMAvsPL171HjMY0y.jpg
Joan Cusack,https://image.tmdb.org/t/p/original/59UIeHZFYrKyP20lXqijtfTXglO.jpg
Greta Lee,https://image.tmdb.org/t/p/original/6SydTis4XUcovlwIGskT59JowLX.jpg
Conan O'Brien,https://image.tmdb.org/t/p/original/deRbViPut0t80miscBpP2DhBJU5.jpg
Craig Robinson,https://image.tmdb.org/t/p/original/mTyTrOWUSOBJMOlDpnd4OYx7FlJ.jpg
Shelby Rabara,https://image.tmdb.org/t/p/original/ouMiEKlhCj2LFKEQtI6fGRMDemF.jpg
Tony Hale,https://image.tmdb.org/t/p/original/ar4uapp4w5wMkThZcqWUNMSTO8z.jpg
Scarlett Spears,https://image.tmdb.org/t/p/original/7hms2f7XA4eGd7p8st5jok2iwSe.jpg
Jay Hernandez,https://image.tmdb.org/t/p/original/rh4pzTAJvy0i84HYV4xZxCXuXgV.jpg
Jacob Batalon,https://image.tmdb.org/t/p/original/53YhaL4xw4Sb1ssoHkeSSBaO29c.jpg
Jon Favreau,https://image.tmdb.org/t/p/original/8MtRRnEHaBSw8Ztdl8saXiw1egP.jpg
Jamie Foxx,https://image.tmdb.org/t/p/original/25zzvFA6yx2Q9BYnugsbd4JWDfu.jpg
Benedict Wong,https://image.tmdb.org/t/p/original/yYfLyrC2CE6vBWSJfkpuVKL2POM.jpg
Tony Revolori,https://image.tmdb.org/t/p/original/tSF6XmXDikrKZbFUeoDnafXxKjT.jpg
Patrick Wilson,https://image.tmdb.org/t/p/original/oym6H2QD9esk4yABjCHaUoNAOa8.jpg
Vera Farmiga,https://image.tmdb.org/t/p/original/5Vs7huBmTKftwlsc2BPAntyaQYj.jpg
Mia Tomlinson,https://image.tmdb.org/t/p/original/9OoCftD6TAImFAUnvSC445toavW.jpg
Ben Hardy,https://image.tmdb.org/t/p/original/b20ijbr2tbqlGvqZgkCpNZ5AYvS.jpg
Rebecca Calder,https://image.tmdb.org/t/p/original/ifz75sAvBE4552GZNmdxRrdygkK.jpg
Tilly Walker,https://image.tmdb.org/t/p/original/wd9La2PfiSP9CsU4BwlNHqXfDn6.jpg
Elliot Cowan,https://image.tmdb.org/t/p/original/zxewsfDGYuCqV7gsZjMQct6BXMJ.jpg
Shannon Kook,https://image.tmdb.org/t/p/original/rCTdLWbrqsGbMml8TNfGD94jPpp.jpg
Steve Coulter,https://image.tmdb.org/t/p/original/ng01ren9pCYPIsIwRqC1xHzD5IG.jpg
Kíla Lord Cassidy,https://image.tmdb.org/t/p/original/7vUPASAuPkgfXzS9DQhOo9uTLJc.jpg
Ian McKellen,https://image.tmdb.org/t/p/original/coWjgMEYJjk2OrNddlXCBm8EIr3.jpg
Viggo Mortensen,https://image.tmdb.org/t/p/original/vH5gVSpHAMhDaFWfh0Q7BG61O1y.jpg
Sean Astin,https://image.tmdb.org/t/p/original/As3ctGUtBYmG4zj4Ifyrcqd71HP.jpg
Andy Serkis,https://image.tmdb.org/t/p/original/eNGqhebQ4cDssjVeNFrKtUvweV5.jpg
Dominic Monaghan,https://image.tmdb.org/t/p/original/h3VEhi6cMaEdmmvoH3keWTv4vEb.jpg
Billy Boyd,https://image.tmdb.org/t/p/original/jluumxuDr7rm2f97NFf9LydBdaZ.jpg
John Noble,https://image.tmdb.org/t/p/original/t9dB8uU27sQDaEEFMiQvp5sbrXU.jpg
David Wenham,https://image.tmdb.org/t/p/original/F7CWSqUE75HtrcdqIQ7UMZ9aTX.jpg
Miranda Otto,https://image.tmdb.org/t/p/original/szME1IBVTLgiKrO5D5wvOGnvUDW.jpg
Monica Guerritore,https://image.tmdb.org/t/p/original/3yTCJIS3B8TcAQyXkc3gZcHr6Hu.jpg
Rodolfo Bigotti,https://image.tmdb.org/t/p/original/tcYPBqPrHRsTRl2CIfSKOZsGZEw.jpg
Stanko Molnar,https://image.tmdb.org/t/p/original/9gujNR5dkkQrjFhagDebFpFxzRN.jpg
William Berger,https://image.tmdb.org/t/p/original/jqm6XmoDe0ibEcFSdG8LT0Ja4a2.jpg
Chris Avram,https://image.tmdb.org/t/p/original/nrIr7ptXdqvqdfHm8su0p2fKvnj.jpg
Mario Feliciani,https://image.tmdb.org/t/p/original/npKxR6qbSsMOu71rNhnUT8rOdcD.jpg
Orso Maria Guerrini,https://image.tmdb.org/t/p/original/gEZOhZuiZcC0dbl9uEnBYRNQVdX.jpg
Gisela Hahn,https://image.tmdb.org/t/p/original/xeh0ThNSD0zBIFWVuwDnCs4TUBY.jpg
Elena Anaya,https://image.tmdb.org/t/p/original/hSkjzOfvRQ8DUJdhWveIKgRlyXb.jpg
Natasha Yarovenko,https://image.tmdb.org/t/p/original/nmJezpNsrZPkkL0mI5asQmzUnWe.jpg
Enrico Lo Verso,https://image.tmdb.org/t/p/original/riYINKQIv8mxYwtfj0L899K0iPu.jpg
Najwa Nimri,https://image.tmdb.org/t/p/original/qwFICDukwvAepZmtd0G5mH1lniU.jpg
Leonardo DiCaprio,https://image.tmdb.org/t/p/original/mkdRcVIQl4WZhDf1vXKWTD7HZrZ.jpg
Billy Zane,https://image.tmdb.org/t/p/original/wr4fuwLzQvW1G0MS7cmQ3ObFjvL.jpg
Kathy Bates,https://image.tmdb.org/t/p/original/qZRTzTjV4OC1Ii9a0n8QBS9zMOd.jpg
Frances Fisher,https://image.tmdb.org/t/p/original/3iNDgd54IIj8g8hGqhhUjM6TeWd.jpg
Gloria Stuart,https://image.tmdb.org/t/p/original/9aG7UUX3PWIGGf1KRY5TsBSoNz9.jpg
Bill Paxton,https://image.tmdb.org/t/p/original/aLdNe6mt1cSi2zWlUYRregzfis5.jpg
Bernard Hill,https://image.tmdb.org/t/p/original/5i8bj2nsTrFU2ddSynleOjapxor.jpg
David Warner,https://image.tmdb.org/t/p/original/sJ5NyKkTmFGyiTrpCnZ1v0DSnQG.jpg
Victor Garber,https://image.tmdb.org/t/p/original/FdhXl8qxsKgj22Ip99SRM9jUx1.jpg
Camila Mendes,https://image.tmdb.org/t/p/original/pZAWRHdJtJlDcWuQHlgIwX12s02.jpg
Alison Brie,https://image.tmdb.org/t/p/original/uu16GiwYblS6IJV3o4qFSLWKXOC.jpg
James Purefoy,https://image.tmdb.org/t/p/original/nCNyifrD9wOao27A1nT5n4Soxt1.jpg
Jóhannes Haukur Jóhannesson,https://image.tmdb.org/t/p/original/oqZftP0WS1rD5NFpR7vLp6JU52I.jpg
Kristen Wiig,https://image.tmdb.org/t/p/original/oddvykQHx71hEZlvKinCzB3Vcfh.jpg
Jared Leto,https://image.tmdb.org/t/p/original/ca3x0OfIKbJppZh8S1Alx3GfUZO.jpg
Sam C. Wilson,https://image.tmdb.org/t/p/original/riwTkODF3CH1bJZG6K7U3dTUHhb.jpg
Daniel Radcliffe,https://image.tmdb.org/t/p/original/e64VeB4Mybwm2tOhyLY1h7XQQ8N.jpg
Rupert Grint,https://image.tmdb.org/t/p/original/q2KZZ0ltTEl7Sf8volNFV1JDEP4.jpg
Emma Watson,https://image.tmdb.org/t/p/original/A14lLCZYDhfYdBa0fFRpwMDiwRN.jpg
Richard Harris,https://image.tmdb.org/t/p/original/lCvcVMuxrg1f5A8OMqY9AqkkcZR.jpg
Alan Rickman,https://image.tmdb.org/t/p/original/7tADZs4ILE93oJ5pAh6mKQFEq2m.jpg
Robbie Coltrane,https://image.tmdb.org/t/p/original/jOHs3xvlwRiiG2CLtso5zzmGCXg.jpg
Maggie Smith,https://image.tmdb.org/t/p/original/hjoWy2WB7RayROumynH3wuCa9aL.jpg
Richard Griffiths,https://image.tmdb.org/t/p/original/bFUo1pzPw74X8Zl9afzzXCBdV95.jpg
Ian Hart,https://image.tmdb.org/t/p/original/xMC8aPDwhEZcjRHEFcgytSr3BzM.jpg
Ian Holm,https://image.tmdb.org/t/p/original/cOJDgvgj4nMec6Inzj1H5nugTO5.jpg
Liv Tyler,https://image.tmdb.org/t/p/original/aYlqS4wYuNCiN9wmvDwKRAE9BQ9.jpg
Christopher Lee,https://image.tmdb.org/t/p/original/dA26fBr3t7mKqjn3OYW6kbD1LXM.jpg
Sean Bean,https://image.tmdb.org/t/p/original/kTjiABk3TJ3yI0Cto5RsvyT6V3o.jpg
Kiefer Sutherland,https://image.tmdb.org/t/p/original/tK5zjdvao2NELns3bqT7PPqPeJI.jpg
Tommy Martinez,https://image.tmdb.org/t/p/original/hPPWLxCSoehYnDaOrC6O0HxXPjT.jpg
Ashton Sanders,https://image.tmdb.org/t/p/original/2hMKOd6TLQWwLAS6ztUcZj8IZAC.jpg
Solly McLeod,https://image.tmdb.org/t/p/original/6aMA4kUV1ji4uu3zzBzQ9fwgUDO.jpg
Laura Osma,https://image.tmdb.org/t/p/original/8Be6lQzj5dJIdSExDGBXfP7e8DQ.jpg
Orlando Pineda,https://image.tmdb.org/t/p/original/9L2IEPO4tzsVigqv31EAFHae7hB.jpg
Laird Akeo,https://image.tmdb.org/t/p/original/h8CgwGsD6fXJMtRFen32DrMK2NW.jpg
Flora Martínez,https://image.tmdb.org/t/p/original/r2A4acUJEYit2Lh4ehT72a0RuNB.jpg
Gabriel Camero,https://image.tmdb.org/t/p/original/z9atYwTCgrExh2hJM7PfpRQOG2J.jpg
Ryan Reynolds,https://image.tmdb.org/t/p/original/trzgptffGvAlAT6MEu01fz47cLW.jpg
Emma Corrin,https://image.tmdb.org/t/p/original/miSbXJBlq6S3dVvOr7OoNL4axW6.jpg
Matthew Macfadyen,https://image.tmdb.org/t/p/original/2IWtWZTpAGh8QFVBjry1IZMN7F3.jpg
Dafne Keen,https://image.tmdb.org/t/p/original/g325OIjIHrFr0te8ewPfhKQ2SKj.jpg
Rob Delaney,https://image.tmdb.org/t/p/original/xirfT1znRkkughLiPemKu3NhkKQ.jpg
Leslie Uggams,https://image.tmdb.org/t/p/original/peLaqLcs3y2WY4TbrLOXQGt9I8S.jpg
Jennifer Garner,https://image.tmdb.org/t/p/original/ftymEXqdTnXfaI6dGd9qrJoFOSE.jpg
Angelica Hart,https://image.tmdb.org/t/p/original/bMohhjKqkgPKaeOmwfDoiO0uZgs.jpg
Nico Locco,https://image.tmdb.org/t/p/original/j9ZTn0Pev9hl3YASgNKUgQzLf3.jpg
Mercedes Cabral,https://image.tmdb.org/t/p/original/5qP4Zrd7iQwbfOPjun5QzvgeEg4.jpg
Arden Cho,https://image.tmdb.org/t/p/original/uXXUOCkqhfijNZYgmzjnfs7jQMw.jpg
May Hong,https://image.tmdb.org/t/p/original/md6XxnB2yU4K7qgfpeRPVEnOGyG.jpg
Ji-young Yoo,https://image.tmdb.org/t/p/original/4jgtqpNWhMx8XOKQ9qQJvDdzbxG.jpg
Ahn Hyo-seop,https://image.tmdb.org/t/p/original/oLS5jvS5cZ7SaXNctA8VYXPp6ax.jpg
Yunjin Kim,https://image.tmdb.org/t/p/original/xS7eco56mUiZGJGWDZ0pwzrUAei.jpg
Ken Jeong,https://image.tmdb.org/t/p/original/dfuDZ2m2A8nBb0TdyeqmlPOobJA.jpg
Lee Byung-hun,https://image.tmdb.org/t/p/original/j7SUd9Qi8iOxgrQGb3nQyEYcXur.jpg
Daniel Dae Kim,https://image.tmdb.org/t/p/original/AtKRWsC4UhEjzorWlL2eguzZ9XM.jpg
Joel Kim Booster,https://image.tmdb.org/t/p/original/gKJHnWnnEoN85aC9UzAlg7XFnSG.jpg
Liza Koshy,https://image.tmdb.org/t/p/original/uXOXVzWHWZAEQBsRB6jaAPBjPLM.jpg
Mia McKenna-Bruce,https://image.tmdb.org/t/p/original/zVmrUsxaLDiWyIKtMxX5N12D6G8.jpg
Lara Peake,https://image.tmdb.org/t/p/original/k8K1ZjMOvLG4uZhpU2TqAlc2QLq.jpg
Enva Lewis,https://image.tmdb.org/t/p/original/hFBuqi7NFiFgHho2J2IM43nZcrG.jpg
Samuel Bottomley,https://image.tmdb.org/t/p/original/8ZocaRIa2sqH14LyoIeA2vCVO16.jpg
Shaun Thomas,https://image.tmdb.org/t/p/original/ePJXE8H0akIsP0gyJ2Z8v3eBavk.jpg
Laura Ambler,https://image.tmdb.org/t/p/original/3Nexn1x4euTsBcSNWepXzpLgIA.jpg
Eilidh Loan,https://image.tmdb.org/t/p/original/2QHHz4I069RtvRh8WcHD1gGCEJN.jpg
Daisy Jelley,https://image.tmdb.org/t/p/original/p9p1yCAIdSgvfIKdbjCLaXdUfSv.jpg
Elliot Warren,https://image.tmdb.org/t/p/original/fwLxAK6VgKjVi9wdL4lLhev6lJ0.jpg
Anna Antoniades,https://image.tmdb.org/t/p/original/lx6iBJJyeccdYpODC5MIXEXElDX.jpg
Song Seung-heon,https://image.tmdb.org/t/p/original/AloHkgRwhj3BzCKClXxPInjbW9R.jpg
Lim Ji-yeon,https://image.tmdb.org/t/p/original/gAwwi5fBxCKLnrP9bjOQFtMUs6j.jpg
Cho Yeo-jeong,https://image.tmdb.org/t/p/original/5MgWM8pkUiYkj9MEaEpO0Ir1FD9.jpg
On Ju-wan,https://image.tmdb.org/t/p/original/7G6a0LvFFZiBIcvu2inREPFwRje.jpg
Yoo Hai-jin,https://image.tmdb.org/t/p/original/y6L2EsmnbnCFxCgfHR2oeL7oQoo.jpg
Park Hyuk-kwon,https://image.tmdb.org/t/p/original/d4p9iRGNkZUZrFenD0gj0nQN3gR.jpg
Jang Yun-sil,https://image.tmdb.org/t/p/original/h11qFXbJ6PfbZvkvfwXv3OG3MJF.jpg
Kim Hye-na,https://image.tmdb.org/t/p/original/jCQGC8EYp3eHgvFfLBMIsaXaIMA.jpg
Um Tae-goo,https://image.tmdb.org/t/p/original/gUhi5YnUGQQ9k4RKWaVZmw7skgX.jpg
Han Ha-yoo,https://image.tmdb.org/t/p/original/t1qjllNIcqZf1jAwt8rOuqWskmv.jpg
Willa Holland,https://image.tmdb.org/t/p/original/1GS8AZcIYHoShxaClaHBIelCMBd.jpg
Paul Sparks,https://image.tmdb.org/t/p/original/cQnCJI94lje55gZ7kEQ7YZUQPDb.jpg
John Adams,https://image.tmdb.org/t/p/original/obxsrhjyuXx2c57OFy8KWRTaDor.jpg
Mark Steger,https://image.tmdb.org/t/p/original/3EeztYq3OfdeHsqjYSwRuNHrvnk.jpg
Shelly Gibson,https://image.tmdb.org/t/p/original/wPDNeARHJCCc8nyh8i6D8JYr06Y.jpg
Emily Bennett,https://image.tmdb.org/t/p/original/yIByRjhsfKqeUHQYFeM94oK8Iw.jpg
Keena Ferguson,https://image.tmdb.org/t/p/original/3YEiCsEaQnh7nwANJ9KxN7BlvRP.jpg
Bob Odenkirk,https://image.tmdb.org/t/p/original/rF0Lb6SBhGSTvjRffmlKRSeI3jE.jpg
Henry Winkler,https://image.tmdb.org/t/p/original/mGlSRA5RDswEDmY8oWEizXliShp.jpg
Lena Headey,https://image.tmdb.org/t/p/original/cDyZLf8ddz0EgoUjpv4jjzy7qxA.jpg
Billy MacLellan,https://image.tmdb.org/t/p/original/9ObnhjbbeVEhk8g941FrLq4W0r7.jpg
Ryan Allen,https://image.tmdb.org/t/p/original/99O5NjoOmO4uCmTYaQhipj1qMNx.jpg
Reena Jolly,https://image.tmdb.org/t/p/original/zd29cqltwMWnRVPJ08vsV02CYYQ.jpg
Brendan Fletcher,https://image.tmdb.org/t/p/original/azeMOxQdCw18ABRwwOMIo3lV1If.jpg
Peter Shinkoda,https://image.tmdb.org/t/p/original/lCQl28poQr4bLwqZjhryGkV73jO.jpg
Jess McLeod,https://image.tmdb.org/t/p/original/nJXORUI8JJVkYTCO4Lpjxz6VgzF.jpg
Kieran O'Brien,https://image.tmdb.org/t/p/original/wKYN1MvjYIJTYtXVFtlqWK84SMp.jpg
Margo Stilley,https://image.tmdb.org/t/p/original/nUuhYYiKp1Ii0S25PqSxQjfYKMk.jpg
Courtney Taylor-Taylor,https://image.tmdb.org/t/p/original/m0lsvVWIAWsli6rvrpsFW6zuVTu.jpg
Alex Kapranos,https://image.tmdb.org/t/p/original/kh9k3JQQAXbzTpgZDSY4NigYd4x.jpg
Guy Garvey,https://image.tmdb.org/t/p/original/wm3XN35TBOf2r9K2MLnhhB3dJNP.jpg
Robert Levon Been,https://image.tmdb.org/t/p/original/epsSibtNsv6df4gHkn6YTOBDzSu.jpg
Peter Hayes,https://image.tmdb.org/t/p/original/ySKpccq7gQFDvHfdENS0Xde45h4.jpg
Gruff Rhys,https://image.tmdb.org/t/p/original/motwjtjxsMfVsuQme2qrUbSuH79.jpg
Natsuki Ozawa,https://image.tmdb.org/t/p/original/4URxLX7uqCaVnToBYU03nN5Uekq.jpg
Kane Kosugi,https://image.tmdb.org/t/p/original/wqMaPmNgrtqwZDktG0WFeKcqzJx.jpg
Tomomi Miyauchi,https://image.tmdb.org/t/p/original/lIgd24ArUh5GwETdb7uk8ELEpf0.jpg
Hailee Steinfeld,https://image.tmdb.org/t/p/original/4K2dzM3odGiVZOQOD6RjVxNq2ZQ.jpg
Miles Caton,https://image.tmdb.org/t/p/original/yff2DK1Sc2baRGHbSfcmwMwX8HW.jpg
Jack O'Connell,https://image.tmdb.org/t/p/original/9RrqnB1BRaWWHEjlWVVAna0sdBB.jpg
Wunmi Mosaku,https://image.tmdb.org/t/p/original/mWDsVCo9sBcekrsjUTsoCFLhtYt.jpg
Jayme Lawson,https://image.tmdb.org/t/p/original/1PQmquJ3LRnTnUnut0UZBLZuBuO.jpg
Omar Benson Miller,https://image.tmdb.org/t/p/original/adlrkEpxDIcpxF7bpzMGErLxeHP.jpg
Delroy Lindo,https://image.tmdb.org/t/p/original/kLwUBBmEIdchrLqwsYzgLB2B6q5.jpg
Li Jun Li,https://image.tmdb.org/t/p/original/y8hAcbThfxkrSRWhuXl9TsYAggP.jpg
Yao,https://image.tmdb.org/t/p/original/hRMKy14F6zvDnwM3nRGOCVMTDmQ.jpg
Samuel L. Jackson,https://image.tmdb.org/t/p/original/AiAYAqwpM5xmiFrAIeQvUXDCVvo.jpg
Uma Thurman,https://image.tmdb.org/t/p/original/pg3OKnfVMbMTBvivOtWI4CrF61j.jpg
Bruce Willis,https://image.tmdb.org/t/p/original/w3aXr1e7gQCn8MSp1vW4sXHn99P.jpg
Ving Rhames,https://image.tmdb.org/t/p/original/tOVDvu1EQP78AwaUw6uh1wN818E.jpg
Harvey Keitel,https://image.tmdb.org/t/p/original/7P30hza1neYWW3r7rSQOC736K2Z.jpg
Eric Stoltz,https://image.tmdb.org/t/p/original/idFuM00MeVmwGAiqvDaJcBiLAmD.jpg
Tim Roth,https://image.tmdb.org/t/p/original/qSizF2i9gz6c6DbAC5RoIq8sVqX.jpg
Amanda Plummer,https://image.tmdb.org/t/p/original/wEwyajjePFVVn2wFdH1NH7z9Qn5.jpg
Maria de Medeiros,https://image.tmdb.org/t/p/original/v53G55qSYaVRvbgUZ2uch4gVHT6.jpg
Donatella Damiani,https://image.tmdb.org/t/p/original/c38UcLtlwAfedHgPiWJGjseIcnn.jpg
Scott Coffey,https://image.tmdb.org/t/p/original/86ShscBwPqnG5BuZxMkT6kc6ELv.jpg
Gabriele Tinti,https://image.tmdb.org/t/p/original/f2NJidxvaqX8MQSv7MN36NDK1kY.jpg
Peter Boom,https://image.tmdb.org/t/p/original/fUXNd4P8BuvQt37Zhpe8dzZz13P.jpg
Jacques Stany,https://image.tmdb.org/t/p/original/lNPmGxFsR2Jtvovbr2AV6fAGjbl.jpg
Maurice Poli,https://image.tmdb.org/t/p/original/zJ3Jezv8fbCXhUPbeY4PZ7El3rv.jpg
Sandra Mantegna,https://image.tmdb.org/t/p/original/9RKVKt7fbGmc7XoZvcuBbUu1rYM.jpg
Mahershala Ali,https://image.tmdb.org/t/p/original/9ZmSejm5lnUVY5IJ1iNx2QEjnHb.jpg
Jonathan Bailey,https://image.tmdb.org/t/p/original/i9m6JsYKQot3kbMMFsvbEuFarvq.jpg
Rupert Friend,https://image.tmdb.org/t/p/original/a3HeMHmlXnoRlHLX9h31ZdZgCXM.jpg
Manuel Garcia-Rulfo,https://image.tmdb.org/t/p/original/54Rk1hKfNdNKGHQMnONDGmNtUv3.jpg
Luna Blaise,https://image.tmdb.org/t/p/original/y4GIzipFLyC90WcA27XRrokggYR.jpg
David Iacono,https://image.tmdb.org/t/p/original/3QTinnl70cvU3a22fLKCLk4Wpbx.jpg
Audrina Miranda,https://image.tmdb.org/t/p/original/nkKWtafw6r7ekbjbHr3AmKNlybZ.jpg
Philippine Velge,https://image.tmdb.org/t/p/original/gqTkAEIlcDisOnfuyusqZtBb1IG.jpg
Bechir Sylvain,https://image.tmdb.org/t/p/original/wpZZVoUR9IrtsdxsX6A7Rth6AXz.jpg
Song Kang-ho,https://image.tmdb.org/t/p/original/kBM9UTPYXUA2RNk210DXhztLFns.jpg
Lee Sun-kyun,https://image.tmdb.org/t/p/original/nHFBbSFohzOUOvMxPVwe3Es2nJw.jpg
Choi Woo-shik,https://image.tmdb.org/t/p/original/hRDiuKWwe156zRjEu826eci7H3r.jpg
Park So-dam,https://image.tmdb.org/t/p/original/fGVOikpvivopeATDy6ZzLdKYXDu.jpg
Lee Jung-eun,https://image.tmdb.org/t/p/original/4r3K47UpSmzZ5t9cyTRRqRl9rdz.jpg
Jang Hye-jin,https://image.tmdb.org/t/p/original/pZiQXSWwo9F4gncHfa1yw0CQjxk.jpg
Park Myung-hoon,https://image.tmdb.org/t/p/original/5SucrxkigHss7UuJKrkfAZX5MXz.jpg
Jung Zi-so,https://image.tmdb.org/t/p/original/jsUPFmY1HlML92ubVtSE8L8ovz6.jpg
Jung Hyeon-jun,https://image.tmdb.org/t/p/original/vZadA6ip6V2kh0VZW9RwnLcYFgW.jpg
Tomoko Ai,https://image.tmdb.org/t/p/original/9LuDoaApXCcPPJkTWYkVWHbljYq.jpg
Kate Asabuki,https://image.tmdb.org/t/p/original/5hqtU4dFeGAOGL0JyjfXW9o2Re.jpg
Shigeru Muroi,https://image.tmdb.org/t/p/original/83lMnQ6vW1ZhzNH4xOVPcwA5su2.jpg
Makoto Yoshino,https://image.tmdb.org/t/p/original/zUoRFZGWbcO4S9ksUkC0eA28wAC.jpg
Ryosei Tayama,https://image.tmdb.org/t/p/original/rrQPfdWrrGyHeXTp7uRFRDe8laW.jpg
Koichi Ueda,https://image.tmdb.org/t/p/original/9rso4VVej1wejJyNQ6QgDBwGlr6.jpg
Osamu Murakami,https://image.tmdb.org/t/p/original/5QamuEq8uK8PyozV0yxUxh1gdjc.jpg
Xie Miao,https://image.tmdb.org/t/p/original/o6uRkrY9vxxzZkZGnnQtKLPcZH1.jpg
Yang Enyou,https://image.tmdb.org/t/p/original/dlQ4aZ418hBtDkEP58qMKBjRf0a.jpg
Yayan Ruhian,https://image.tmdb.org/t/p/original/y8ZLh6FZMuLFw8PhqDxcEsyozjJ.jpg
JeeJa Yanin,https://image.tmdb.org/t/p/original/73xhAKFbeNSlJTwUCsQCAtryLYS.jpg
Brian Le,https://image.tmdb.org/t/p/original/cdtKmPpmBrnVAiqFQVE4urxu0ko.jpg
Joey Iwanaga,https://image.tmdb.org/t/p/original/7y8sdjxKel3nxEnKiTYl9ujIjsw.jpg
Sahajak Boonthanakit,https://image.tmdb.org/t/p/original/a36MI02S0f11bJZjBoxkZTsUDAK.jpg
Manatsanun Panlertwongskul,https://image.tmdb.org/t/p/original/zj09X1mHTrRNiyGmKpbTjJyierc.jpg
Darya Melnikova,https://image.tmdb.org/t/p/original/9xT1DWwqwLv4qp4xCcIRoYO1sEn.jpg
Evgeny Romantsov,https://image.tmdb.org/t/p/original/u8yJQZz9ZWyi6qJbpm3UNWUI9Sq.jpg
Pavel Priluchnyy,https://image.tmdb.org/t/p/original/t69uHp6awConGgwxxCqEFD3qas1.jpg
Elizaveta Kononova,https://image.tmdb.org/t/p/original/85wxtnvf2tZUP6UrZbpYNHdFisa.jpg
Aleksandr Oblasov,https://image.tmdb.org/t/p/original/ay3srdV1SxNqfpMCGLrIhXxNnEJ.jpg
Grigory Vernik,https://image.tmdb.org/t/p/original/paTBjf380AIfFUvrm1ErTWtI7r3.jpg
Christian Mortensen,https://image.tmdb.org/t/p/original/pnfuWeC87kitRnrfL8dtRmumWLM.jpg
Mahesh Jadu,https://image.tmdb.org/t/p/original/pugsskE62XbyYRruJk8KGk3JVdC.jpg
Joshua Jo,https://image.tmdb.org/t/p/original/6bl1Enijour22IzSCCmrK4Un7k1.jpg
Sayed Badreya,https://image.tmdb.org/t/p/original/sVvwmMsjXd5YqyZEfWcWQEkBScu.jpg
Yulduz Rajabova,https://image.tmdb.org/t/p/original/buxpR0bMxIQvtpSEbly13P6Skc4.jpg
Arazou Baker,https://image.tmdb.org/t/p/original/wlgCmym7D4h5aycggcTD2nTOZRT.jpg
Paul Marlon,https://image.tmdb.org/t/p/original/wWrQkI2e4WF67KntlIaUjmMZCoB.jpg
Dulguun Odkhuu,https://image.tmdb.org/t/p/original/2NkLDqZw1IoxJhS568gHQgnPe3P.jpg
Sanzhar Madi,https://image.tmdb.org/t/p/original/61OUZ2sTtoO2s6Jc4LF7A39o0GE.jpg
Umit Ulgen,https://image.tmdb.org/t/p/original/lXREVtAsMSTFlVzf7KyE1HjGKnz.jpg
Michelle Rodriguez,https://image.tmdb.org/t/p/original/wVcbrae4eRqGMFZz8Eh52Dl1biP.jpg
Giovanni Ribisi,https://image.tmdb.org/t/p/original/8EAiS9D3YtGOrwNM0OrwmDpWK7s.jpg
Wes Studi,https://image.tmdb.org/t/p/original/28vlZlyIVR4B1p5knjbzj4CtNPE.jpg
Laz Alonso,https://image.tmdb.org/t/p/original/nmgOd3X2Xn3jIp9OLCRJzLExRWN.jpg
Seth Rogen,https://image.tmdb.org/t/p/original/nYl9bvQzaPQLzlf0wf75clLN6Hi.jpg
Fred Armisen,https://image.tmdb.org/t/p/original/rhPN8Zx6nrtNiQN2JwPkJ3ZFJ9z.jpg
Sebastian Maniscalco,https://image.tmdb.org/t/p/original/8TvA9HEwURJmY9MkkUruB4Sl0lR.jpg
Charles Martinet,https://image.tmdb.org/t/p/original/3IP5hH7697STIaU006WzQaI2phR.jpg
Kevin Michael Richardson,https://image.tmdb.org/t/p/original/xXt9Nh7RAT5bOen66TaXreNYmCl.jpg
Vijay,https://image.tmdb.org/t/p/original/zbQ1sDRVRHkroWwvrnqYKMerl66.jpg
Bobby Deol,https://image.tmdb.org/t/p/original/2npVa3PduichY8e7qBiE54m9VVP.jpg
Pooja Hegde,https://image.tmdb.org/t/p/original/2ZxrR6DVIWtDDtmIhJ6i64wwWSU.jpg
Priyamani,https://image.tmdb.org/t/p/original/zB365nF9wec5KBczviUTAX9MwHj.jpg
Prakash Raj,https://image.tmdb.org/t/p/original/dJvFZOXmZdkYCOUcKTXQAhBcAoH.jpg
Gautham Vasudev Menon,https://image.tmdb.org/t/p/original/qOFycWPpr3Hi4kVXKWnTTKCAnGk.jpg
Narain,https://image.tmdb.org/t/p/original/d0ApUGeFuGXpBkODIc6eLbBkb7B.jpg
Nassar,https://image.tmdb.org/t/p/original/p3I0tSQY3C5qZW3NzFfbpjKPNL6.jpg
Çağatay Ulusoy,https://image.tmdb.org/t/p/original/6anWOhuVKq64zoL2YCEN043B3SP.jpg
Elçin Sangu,https://image.tmdb.org/t/p/original/5jGVTT2ykGro046rvKP75y7Mnyi.jpg
Barış Falay,https://image.tmdb.org/t/p/original/fh2pvVJJeotuAKpqCTM0665U9CQ.jpg
Ferit Kaya,https://image.tmdb.org/t/p/original/iKKQ6zDByY2t22IU78XY13LiSFA.jpg
Musa Uzunlar,https://image.tmdb.org/t/p/original/2HduNZGj1oo1blldSAVLQGs4irt.jpg
Tamer Levent,https://image.tmdb.org/t/p/original/bQrGr7zTAdNfeGb18wNgPbXTmle.jpg
Cengiz Bozkurt,https://image.tmdb.org/t/p/original/fdxk6BXDPIALDUIpvAjqmBg9M6D.jpg
Hüseyin Avni Danyal,https://image.tmdb.org/t/p/original/pbi3qvL9wtFphQe3guH8ZL5b39m.jpg
Joseph Gordon-Levitt,https://image.tmdb.org/t/p/original/z2FA8js799xqtfiFjBTicFYdfk.jpg
Ken Watanabe,https://image.tmdb.org/t/p/original/psAXOYp9SBOXvg6AXzARDedNQ9P.jpg
Tom Hardy,https://image.tmdb.org/t/p/original/d81K0RH8UX7tZj49tZaQhZ9ewH.jpg
Elliot Page,https://image.tmdb.org/t/p/original/nXO8DE4biVXY4UDYP0NdIY1zvXS.jpg
Dileep Rao,https://image.tmdb.org/t/p/original/jRNn8SZqFXuI5wOOlHwYsWh0hXs.jpg
Tom Berenger,https://image.tmdb.org/t/p/original/zLxzAdAfu7y02yEx29JSLDgXJZ4.jpg
Marion Cotillard,https://image.tmdb.org/t/p/original/biitzOF0GffIqFYLyOPkoiaOngQ.jpg
Pete Postlethwaite,https://image.tmdb.org/t/p/original/2gpa75Ci4y2OKmOc8WXnaeGgyKF.jpg
Toby Jones,https://image.tmdb.org/t/p/original/y6kLmjLgZ1sceaE4Zi1fwF0YsvZ.jpg
Jason Isaacs,https://image.tmdb.org/t/p/original/s6XRFjqUsrDJfDQuXPOoExAYPmb.jpg
Ralph Fiennes,https://image.tmdb.org/t/p/original/pCnVXH1Uo2ODoOit4UXni8OD9VB.jpg
Alfie Williams,https://image.tmdb.org/t/p/original/3F46vn64Ya20rwtvTFVnqAK2LuI.jpg
Erin Kellyman,https://image.tmdb.org/t/p/original/f7XXomAaSRxE3h5NT0sAlcQTjPL.jpg
Chi Lewis-Parry,https://image.tmdb.org/t/p/original/jAMu6BW9lDBVkawwB7VIi8CLai5.jpg
Emma Laird,https://image.tmdb.org/t/p/original/mFctZzV9Z6lXXn3TqSF7SqA7aVg.jpg
Maura Bird,https://image.tmdb.org/t/p/original/kuQCb4Nhe0xEE4LqanGAizuCAGR.jpg
Sam Locke,https://image.tmdb.org/t/p/original/5e33CGwTztSLeSuurikvEF3AIjx.jpg
Robert Rhodes,https://image.tmdb.org/t/p/original/d3fUGvffYdI6pxmEID3O5a3rPZk.jpg
Ghazi Al Ruffai,https://image.tmdb.org/t/p/original/iaoN4uHwbLmVmt4ESxeardbJmRG.jpg
Paul Rudd,https://image.tmdb.org/t/p/original/6jtwNOLKy0LdsRAKwZqgYMAfd5n.jpg
Rumi Hiiragi,https://image.tmdb.org/t/p/original/nTKM4GgfkrZvAOFL55uhEuckt7M.jpg
Miyu Irino,https://image.tmdb.org/t/p/original/8qEEhHUObNvGQr4e6eqLu5z4qTz.jpg
Mari Natsuki,https://image.tmdb.org/t/p/original/MIFzUc77Sx57FQOZsoiGWEbpH2.jpg
Takashi Naito,https://image.tmdb.org/t/p/original/xwsm0ygjG79jLIogutwo6r64igy.jpg
Yasuko Sawaguchi,https://image.tmdb.org/t/p/original/rWspusb13VeJowmctnniXYYTcqq.jpg
Tatsuya Gashûin,https://image.tmdb.org/t/p/original/fLqIdkShknsJmZy4EfBWuWyHN4C.jpg
Ryunosuke Kamiki,https://image.tmdb.org/t/p/original/ut7ewXjdgUmgkhJ1EtbOo9tbc7s.jpg
Yumi Tamai,https://image.tmdb.org/t/p/original/x9Td7e5F21cK9S1FCkobfqiJZ1c.jpg
Yo Oizumi,https://image.tmdb.org/t/p/original/qw5KLuww2AEAk6JEssEkJY3wBn1.jpg
Koba Hayashi,https://image.tmdb.org/t/p/original/ceQ58tRgqMZ9gePHg8xkKarZm0M.jpg
Gaten Matarazzo,https://image.tmdb.org/t/p/original/qOwnmR5gbOT6ygp17YyLlEKXD38.jpg
Steve Buscemi,https://image.tmdb.org/t/p/original/n0pZumkrcZrAPMoPq684RhYnjPV.jpg
Glenn Close,https://image.tmdb.org/t/p/original/4VHZ1GfLwN7MUgApy0LCBzdDF9L.jpg
Laverne Cox,https://image.tmdb.org/t/p/original/5Fdim9m1g5tLM2S5rzkXEvMTkqV.jpg
Kieran Culkin,https://image.tmdb.org/t/p/original/b5EC4nziLhBRX4GOcYx2BdS3FTt.jpg
Woody Harrelson,https://image.tmdb.org/t/p/original/igxYDQBbTEdAqaJxaW6ffqswmUU.jpg
Jim Parsons,https://image.tmdb.org/t/p/original/gbFlludUECPpy70K4tZLbOwmoUr.jpg
Kathleen Turner,https://image.tmdb.org/t/p/original/hvmMGjWKy1CGmaJzPtOtbb3fD57.jpg
Gabriela Andrada,https://image.tmdb.org/t/p/original/h8cAdDqbDK2ayGIuxQQdNCzyCsb.jpg
Goya Toledo,https://image.tmdb.org/t/p/original/ygZpmXYB1fDSnpeJx1PadEQLgA5.jpg
Felipe Londoño,https://image.tmdb.org/t/p/original/gUKu2bla3ZKtwuzfymMbyzUsobC.jpg
Alex Bejar,https://image.tmdb.org/t/p/original/kPeFa6xX57IyhAfoT8dtgfPMgmX.jpg
Javier Morgade,https://image.tmdb.org/t/p/original/hcDV10bTZlm1rTi0NRhoGIpdicw.jpg
Maggie Lou Rader,https://image.tmdb.org/t/p/original/35ni6ZaUQXCF5Hdw1dj9AMZJuGs.jpg
Jordan Mullins,https://image.tmdb.org/t/p/original/dxIaDU6GL1CvHDX58ZeGFRxgkpi.jpg
Marcia Gay Harden,https://image.tmdb.org/t/p/original/5vxcHIHABJxqhweAsTiXVOhT4SE.jpg
Callum Keith Rennie,https://image.tmdb.org/t/p/original/zOeA4IR4xYde2VlDsHZy2SoPZkc.jpg
Marlon Wayans,https://image.tmdb.org/t/p/original/7LYnX3vluHFBs1WCRKUjSIEDEkn.jpg
Shawn Wayans,https://image.tmdb.org/t/p/original/Cat25uXhB680QLmvg9Tu16W563.jpg
Anna Faris,https://image.tmdb.org/t/p/original/y3YKNr4qPPJZ9w4lR2a3yySKotd.jpg
Regina Hall,https://image.tmdb.org/t/p/original/jiFZ4xNrvUUZLBHnJu71CvdN4kj.jpg
Damon Wayans Jr.,https://image.tmdb.org/t/p/original/f6gNg71Js9XqCiXUtyFyXXbJ9ni.jpg
Gregg Wayans,https://image.tmdb.org/t/p/original/lNsrZObXzbBA7jzTCBI4BFwQYdV.jpg
Kim Wayans,https://image.tmdb.org/t/p/original/iLcbmO6GkY0Calo1cM0PwiBR5K1.jpg
Benny Zielke,https://image.tmdb.org/t/p/original/8ul4eT5RAGvVXcCbrkqNqdqvRHU.jpg
Cameron Scott Roberts,https://image.tmdb.org/t/p/original/uXSh5Zss83nUNcV28sC38WbWIkD.jpg
Cheri Oteri,https://image.tmdb.org/t/p/original/A56szuLpt2yttvnHB49KNUZmD4b.jpg
Vin Diesel,https://image.tmdb.org/t/p/original/nZdVry7lnUkE24PnXakok9okvL4.jpg
Asia Argento,https://image.tmdb.org/t/p/original/dYbYNxMnqhNyAJyrPU7e2C9jcRz.jpg
Marton Csokas,https://image.tmdb.org/t/p/original/gmeUY7FR0bFLdu7Ma5kvpH3Gt6B.jpg
Michael Roof,https://image.tmdb.org/t/p/original/qhP35tsTTuAPUFcKYMGOxaw1s4j.jpg
Richy Müller,https://image.tmdb.org/t/p/original/69W9VO478asbTZJrhqOfHddyunF.jpg
Werner Daehn,https://image.tmdb.org/t/p/original/7AVQ2pesALZjo5J0KsYADzoms9Z.jpg
Petr Jákl,https://image.tmdb.org/t/p/original/8zi7MXdHXWBIP6IuMFZB1HdWnGX.jpg
Jan Filipenský,https://image.tmdb.org/t/p/original/lQtE0gsFf6T7QXFnq3InuIG9WE9.jpg
Tom Everett,https://image.tmdb.org/t/p/original/lJIlLkadJ62eRai5BRgmmyObeiC.jpg
Navi,https://image.tmdb.org/t/p/original/kYOAsEk1GT0vmgGRyGUfEcxF6vG.jpg
Chad L. Coleman,https://image.tmdb.org/t/p/original/lXcBz0qt4L767WqkTxl96RFTZvz.jpg
Sam Adegoke,https://image.tmdb.org/t/p/original/d8INOeZ4UqcrtOPpdEQ3R7EZVI8.jpg
Aidan Hanlon Smith,https://image.tmdb.org/t/p/original/t7rga5Zu0r03IZaLNs7Lws6Uouf.jpg
Taegen Burns,https://image.tmdb.org/t/p/original/q76Ee8hVgC0jw6vxLMi5gBjOg0x.jpg
Michael Mourra,https://image.tmdb.org/t/p/original/yTnhoIjuYyF4EkYWtvYRf4NGvIg.jpg
Ken Colquitt,https://image.tmdb.org/t/p/original/b57nOViXBMMLDHsH28hRx6P4zyx.jpg
A. Russell Andrews,https://image.tmdb.org/t/p/original/t78R2krL2pfV0un2j2DafjcXa7x.jpg
Isabella Hofmann,https://image.tmdb.org/t/p/original/vPRXu2u0vewF6dRJLZ2p8rhrIou.jpg
Vincent M. Ward,https://image.tmdb.org/t/p/original/wA7wu8SPn9xue8BzmHIXmYXmTo3.jpg
Mario Maurer,https://image.tmdb.org/t/p/original/wbBpsHWCgey3VsWw0GAAWrsYxc0.jpg
Choi Yu-lee,https://image.tmdb.org/t/p/original/iOTREePOx64GEZAWRkvh4JUr4bz.jpg
Chaleumpol Tikumpornteerawong,https://image.tmdb.org/t/p/original/60bNnrzi0rDHYgha5tcOp56k3NQ.jpg
Padung Songsang,https://image.tmdb.org/t/p/original/7kSSfwkf9o83kR5pvfA84mdTgkQ.jpg
Pachchun Hiranprateep,https://image.tmdb.org/t/p/original/e1n64he0PV17bhJVmxQLU4Ula1.jpg
Petchtai Wongkamlao,https://image.tmdb.org/t/p/original/3hmcqU1OfLZ5kbvl7url63VuWMJ.jpg
Saranyoo Pienthamdee,https://image.tmdb.org/t/p/original/l0HAJqVqNMxQjOfXyyYIPvv5Udd.jpg
Ricardo Ramory,https://image.tmdb.org/t/p/original/xiQ3RJkJ96QPYo4o1KjkJ7rWcz2.jpg
Léo Lins,https://image.tmdb.org/t/p/original/3RUiQSaqbVkFKkhUP66oS5zrWvX.jpg
Murilo Couto,https://image.tmdb.org/t/p/original/cW4Z8NSl49X4JUSIv74ZhvnxyJi.jpg
Mark Hamill,https://image.tmdb.org/t/p/original/zMQ93JTLW8KxusKhOlHFZhih3YQ.jpg
Harrison Ford,https://image.tmdb.org/t/p/original/pjBMJVPpcZK23Vt1nzr1zEBTWrP.jpg
Carrie Fisher,https://image.tmdb.org/t/p/original/of4yHmryKPy92eeskUQ7MRmjC3l.jpg
Peter Cushing,https://image.tmdb.org/t/p/original/if5g03wn6uvHx7F6FxXHLebKc0q.jpg
Alec Guinness,https://image.tmdb.org/t/p/original/q9QgiNDEO6lbi7uMAOw0OgWn8DG.jpg
Anthony Daniels,https://image.tmdb.org/t/p/original/7kR4kwXtvXtvrsxWeX3QLX5NS5V.jpg
Kenny Baker,https://image.tmdb.org/t/p/original/kWwso57V7fr0jWnHfknlxxq7XXy.jpg
Peter Mayhew,https://image.tmdb.org/t/p/original/rKIBv08O63pyC6PixjyhrjNB8Uh.jpg
David Prowse,https://image.tmdb.org/t/p/original/nPFKENjKHuklJ8i54mZroNAgKaI.jpg
James Earl Jones,https://image.tmdb.org/t/p/original/sgc8yxYr8ecNn1TXjWXWx3wmUYA.jpg
Hashir,https://image.tmdb.org/t/p/original/h5YDOCvdgmaq8lWkNOU6YXzWWoo.jpg
Alan Bin Siraj,https://image.tmdb.org/t/p/original/oKki8H8e0O1asNsqYNE72ANffFj.jpg
Ajin Joy,https://image.tmdb.org/t/p/original/flaXVOZYukvtbzmQb4S8qPZSwvX.jpg
Vinayak V,https://image.tmdb.org/t/p/original/4j1F0wWs5CYJY8kzZolkKOUUJIR.jpg
Alphonse Puthren,https://image.tmdb.org/t/p/original/bizV6LQMKMCEAVzeIh5rEOty7av.jpg
Sudheesh,https://image.tmdb.org/t/p/original/bDVEN345ccxDhcWD47a9qh0a7WH.jpg
Vijay Babu,https://image.tmdb.org/t/p/original/8ThAZXd4Sjfopth5QhDpuJg7Z3q.jpg
Vinod Kedamangalam,https://image.tmdb.org/t/p/original/fmXOCIbJIP3dHCIsrB2w5taPRph.jpg
Raveendran,https://image.tmdb.org/t/p/original/oZk3lsCuprV73v3Vy6y37Mgc6iZ.jpg
Ameen,https://image.tmdb.org/t/p/original/85rIDUu0qh82YA8SkIbfO8n8edR.jpg
Matthew Modine,https://image.tmdb.org/t/p/original/z974QEHL12qUvLyk6hlWGAmDgom.jpg
Isabel Myers,https://image.tmdb.org/t/p/original/z2HXGhtvnlyrqb0gf77v8bBaS2U.jpg
D. B. Sweeney,https://image.tmdb.org/t/p/original/enY28APVRWfyHjGAkh6VCkYCWOA.jpg
Don Harvey,https://image.tmdb.org/t/p/original/dc10W0hRNxrO0IcwgKOcsUajtOG.jpg
Michael Stahl-David,https://image.tmdb.org/t/p/original/97a0cwKFuAHXh8X0NlxSGDvBvxn.jpg
Lydia Hull,https://image.tmdb.org/t/p/original/w71z6hZrwLi0hBkPFxiUe60bgOI.jpg
Chase Kim,https://image.tmdb.org/t/p/original/qBCL3znRI2OMwfhDEAzU9InKzAx.jpg
Brooklyn Sudano,https://image.tmdb.org/t/p/original/o2PF0n6rErXN3td33SDUKTwwoOr.jpg
Gabriel Sloyer,https://image.tmdb.org/t/p/original/hbAylhJM8jIQPxIfYSKmatOZwcB.jpg
Lindsay Lohan,https://image.tmdb.org/t/p/original/9orbe4F0T16K8P0hWqn6vd6czMj.jpg
Jamie Lee Curtis,https://image.tmdb.org/t/p/original/eWKubKAAssRzmFwCZKh1mdYqGCH.jpg
Julia Butters,https://image.tmdb.org/t/p/original/uVlPm7s3J1pLg6pLa5rYg43wd1.jpg
Sophia Hammons,https://image.tmdb.org/t/p/original/7g5oz3NMbQQogw4zxnA4O96AC9n.jpg
Manny Jacinto,https://image.tmdb.org/t/p/original/cjkZzaVR5StB4fqnl58NAOSsH0o.jpg
Mark Harmon,https://image.tmdb.org/t/p/original/jDRXlmBItH9IyXk9UhafpOSBIq7.jpg
Chad Michael Murray,https://image.tmdb.org/t/p/original/jIkzUQUVLkgn3HFMFRJBDAD0OLj.jpg
Vanessa Bayer,https://image.tmdb.org/t/p/original/8IUjlVY8l7S7BEVhfHzKNgVGpUX.jpg
Maitreyi Ramakrishnan,https://image.tmdb.org/t/p/original/dkhYjeCU5ByYKxAr2wtXz20vb60.jpg
Lucille Soong,https://image.tmdb.org/t/p/original/3PBNmz6zcUWtCEdENMvzhHWtZaz.jpg
Guy Pearce,https://image.tmdb.org/t/p/original/vTqk6Nh3WgqPubkS23eOlMAwmwa.jpg
Mark Boone Junior,https://image.tmdb.org/t/p/original/rcncVr356hpfKX9qOrKL3SJlEO7.jpg
Russ Fega,https://image.tmdb.org/t/p/original/d0W7kq97Ul8Iz5LZIVNDKxSly8M.jpg
Jorja Fox,https://image.tmdb.org/t/p/original/hCRdbNzZjkhYyVoZPmhYF5OqpaX.jpg
Stephen Tobolowsky,https://image.tmdb.org/t/p/original/uL8yfcm0dCFYFQt052kczVQVvac.jpg
Harriet Sansom Harris,https://image.tmdb.org/t/p/original/1ShvYCWkZycAGb27ZivGrLx1PhS.jpg
Thomas Lennon,https://image.tmdb.org/t/p/original/s8pw7BfuMxN7P0p5XJ9POfod7zW.jpg
Jason Momoa,https://image.tmdb.org/t/p/original/3troAR6QbSb6nUFMDu61YCCWLKa.jpg
Temuera Morrison,https://image.tmdb.org/t/p/original/AvtSC0f9QW7fMyFFNXEWDeQyfUk.jpg
Roimata Fox,https://image.tmdb.org/t/p/original/iTNBvtrI8R5UofzJZjsVnyEGz9D.jpg
Frankie Adams,https://image.tmdb.org/t/p/original/aAUHUSf0lh3OBRoaiCRL9ep8lfL.jpg
Claes Bang,https://image.tmdb.org/t/p/original/fqSBUq2UEoQYuqjjKNMQzDVxZv2.jpg
Maia Kealoha,https://image.tmdb.org/t/p/original/jqsKbBF28V2Oq5tKPR5USkNufwC.jpg
Stephen Root,https://image.tmdb.org/t/p/original/2Zwi6AydqQQ9InVdhjYcfJXNzkp.jpg
Tom Cruise,https://image.tmdb.org/t/p/original/p17SLq4wabXwIYyjXF1Wf5cNnAm.jpg
Jennifer Connelly,https://image.tmdb.org/t/p/original/wdmcJagSRJ65AuJ4IUCzuHAdvgy.jpg
Bashir Salahuddin,https://image.tmdb.org/t/p/original/ZL5MRzjd6kWkvQXqh5mgPY1CKP.jpg
Charles Parnell,https://image.tmdb.org/t/p/original/wLywO5xtR97YKtkYb57hXEFpL7j.jpg
Jay Ellis,https://image.tmdb.org/t/p/original/78JH7CfMrWrI3Vx2XLbx0GW4c2X.jpg
Danny Ramirez,https://image.tmdb.org/t/p/original/7ZvcfWA5O5ULiupbHZtGGEPwnpI.jpg
Jesse Eisenberg,https://image.tmdb.org/t/p/original/yYhwWRcxDHTn63gSEF1vnDAD7cD.jpg
Dominic Sessa,https://image.tmdb.org/t/p/original/cTYdhJrye7oTREIkQaLAuLoJ8Rt.jpg
Ariana Greenblatt,https://image.tmdb.org/t/p/original/lp7lzzBE7EYTMvSb4foN5LyZUkP.jpg
Justice Smith,https://image.tmdb.org/t/p/original/htJrcOzYkLVcnF4ExT4O1bDN5e5.jpg
Isla Fisher,https://image.tmdb.org/t/p/original/vVeKcMyFMPcIDLYNAnGSGnQrJ3k.jpg
Lizzy Caplan,https://image.tmdb.org/t/p/original/cHs9pPpjcEMpWrGmrAYAn0QOE78.jpg
Sadie Sink,https://image.tmdb.org/t/p/original/fV0KHJcK3fYX2acMorDUf1Uv9mY.jpg
Tramell Tillman,https://image.tmdb.org/t/p/original/bEA15zMnkcXlRroYjKrFUWiiK7y.jpg
Michael Mando,https://image.tmdb.org/t/p/original/gvM2wG66bjEpiirdeQdyG9EzUfv.jpg
Liza Colón-Zayas,https://image.tmdb.org/t/p/original/q2gHcef0wckji0AS8ZEO6cYx065.jpg
Marvin Jones III,https://image.tmdb.org/t/p/original/nS4X8TP3idFsxDdV9UqTRbz585g.jpg
Junya Enoki,https://image.tmdb.org/t/p/original/vBnNL3Jqy0zkS3ZgsXZmvDM9Dfz.jpg
Megumi Ogata,https://image.tmdb.org/t/p/original/eNdfMUyZgG5P4TNIZpbTAu8gBs9.jpg
Koji Yusa,https://image.tmdb.org/t/p/original/vBo8dHvZvbG4kax0LcaWvrXUZuX.jpg
Daisuke Namikawa,https://image.tmdb.org/t/p/original/iw0X8oDutxaBAri3Ifga8nhdUJK.jpg
Yuma Uchida,https://image.tmdb.org/t/p/original/2otstbLfQ7MXuFt1X8MFOb4OIgd.jpg
Asami Seto,https://image.tmdb.org/t/p/original/iKKCPgKrNd4pJ0iBOC1SBZy2Y4Y.jpg
Kenjiro Tsuda,https://image.tmdb.org/t/p/original/yBlT8FzQqZYbDcJlnCEayNQHrzS.jpg
Subaru Kimura,https://image.tmdb.org/t/p/original/8o24ix4Lk9WduRXFDI6Nmip5Deq.jpg
Simone Signoret,https://image.tmdb.org/t/p/original/vRI2Vt3HX911uDrVK170waQsL8b.jpg
Francis Huster,https://image.tmdb.org/t/p/original/lMe0m7E9bE6omevGSPgoEo9GTQX.jpg
Laetitia Chauveau,https://image.tmdb.org/t/p/original/xWzDsKX8HEbAOctobgTLhw7pctr.jpg
Edith Clever,https://image.tmdb.org/t/p/original/w1lpT5bMKk2lO6IrfDgvkPISAN3.jpg
Jacques Weber,https://image.tmdb.org/t/p/original/VQYZRVOpMqnHrFIup43fRnUmRm.jpg
Jean-François Balmer,https://image.tmdb.org/t/p/original/5CLhlqqDJMjTx8t9ZkAyNwRBzQR.jpg
Hugues Quester,https://image.tmdb.org/t/p/original/sBLiQG9ihExsM1qMV51RRaOe0kG.jpg
Roger Blin,https://image.tmdb.org/t/p/original/6C8jvXlBpgzbIHpflhGCw4XIFKt.jpg
Maurice Baquet,https://image.tmdb.org/t/p/original/kDoxH2SlJhVkUC97SmFkHu9x3Dz.jpg
Chad Michael Collins,https://image.tmdb.org/t/p/original/9lcEpAYRBCylYIVMZYXHqfmRzfP.jpg
Ryan Robbins,https://image.tmdb.org/t/p/original/kZrq5a760JU1kHuxQ7Q8YCgsOr6.jpg
Manuel Rodriguez-Saenz,https://image.tmdb.org/t/p/original/7X46IGRRkxEpLnC0r7LDavStSQ2.jpg
Josh Brener,https://image.tmdb.org/t/p/original/sIyQYq2imu1V2RxRQ1zp70RSqTi.jpg
Sizo Mahlangu,https://image.tmdb.org/t/p/original/otkOcNIjfw39XrwLnwnwlVfl7Tb.jpg
Masasa Mbangeni,https://image.tmdb.org/t/p/original/fkaFtmR5ElQ9cVnVqnrCI4JXKv3.jpg
Jason K. Ralph,https://image.tmdb.org/t/p/original/km9yZ3430hNwDFGYG4K8YDGwJjy.jpg
Danica De La Rey,https://image.tmdb.org/t/p/original/fTtueFonjxAmx7GgegKpLcpnNTW.jpg
Clayton Evertson,https://image.tmdb.org/t/p/original/2kp5998NZrsL1FxuZgy2IEYPe4V.jpg
Masami Nagasawa,https://image.tmdb.org/t/p/original/yvHhfDOral1DeyBRSzpxsoHz60t.jpg
Koji Seto,https://image.tmdb.org/t/p/original/hWB2vHeOIZ9Eifp84hXFNLDzbp6.jpg
Tetsushi Tanaka,https://image.tmdb.org/t/p/original/9DHDP2thxiholidGe6WKr38suJz.jpg
Aoi Ikemura,https://image.tmdb.org/t/p/original/484IuvLGngr79u48PVtTDmnBx4k.jpg
Naomi Nishida,https://image.tmdb.org/t/p/original/kXRGUSybmoyiQ5iqNtGq5aBGei4.jpg
Hiroki Konno,https://image.tmdb.org/t/p/original/lkVY8SGQ4LviNHzWGVnEiVtJ6Aw.jpg
Tōru Shinagawa,https://image.tmdb.org/t/p/original/z2OdQ8Gs6u5otdN2kg0AFeIOTKJ.jpg
Ken Yasuda,https://image.tmdb.org/t/p/original/mSEnXFHj8MnighBVG0yZdKOVyxI.jpg
Jun Fubuki,https://image.tmdb.org/t/p/original/nKGf08qfeng3KjssqcZU0nxMHtM.jpg
Robin Wright,https://image.tmdb.org/t/p/original/d3rIv0y2p0jMsQ7ViR7O1606NZa.jpg
Gary Sinise,https://image.tmdb.org/t/p/original/olRjiV8ZhBixQiTvrGwXhpVXxsV.jpg
Mykelti Williamson,https://image.tmdb.org/t/p/original/dR16zD9AjnHWbeN5OVmJWE0vSax.jpg
Michael Conner Humphreys,https://image.tmdb.org/t/p/original/irYRs3COggVHg91jL3CrlCIWmnx.jpg
Hanna Hall,https://image.tmdb.org/t/p/original/xkZ2Hwz1QLXvQCgGlWgVgx00Rtd.jpg
Haley Joel Osment,https://image.tmdb.org/t/p/original/2rnMTQB9Q3vLtmRyyUaenVwSgfY.jpg
Siobhan Fallon Hogan,https://image.tmdb.org/t/p/original/5OExagnRsUcOYLMPTSrv4x2G95R.jpg
Gong Yoo,https://image.tmdb.org/t/p/original/ocGoFb6TrK3uWGXt4WnuibUG1vD.jpg
Kim Su-an,https://image.tmdb.org/t/p/original/hmPZhhoeUY89Rys6LrsjpTMeoEN.jpg
Jung Yu-mi,https://image.tmdb.org/t/p/original/qKhVFQ7mX3qJJjQNI4cUEK9fJHn.jpg
Don Lee,https://image.tmdb.org/t/p/original/ckxoXz3l4mCcHEIRaqUc7oGoIFg.jpg
An So-hee,https://image.tmdb.org/t/p/original/phQLXdKnWggfiqlvUKj86Kq0T1q.jpg
Kim Eui-sung,https://image.tmdb.org/t/p/original/y7T2LJyorTK2NDk10yeTINWKrWR.jpg
Ye Su-jeong,https://image.tmdb.org/t/p/original/rwGPhu8Ge36eMkrOlzfdKKFargw.jpg
Park Myung-shin,https://image.tmdb.org/t/p/original/4VXJXafwdzVMugBeTtTHf6RtDKS.jpg
Choi Gwi-hwa,https://image.tmdb.org/t/p/original/aYiS6jQNNmOSfzcobDs12pLOOjj.jpg
Dakota Fanning,https://image.tmdb.org/t/p/original/hwcO08SVWkelfvgfIa5HsTMxsK8.jpg
Teri Hatcher,https://image.tmdb.org/t/p/original/ySmnfZm8ZGabcwp4UwaMDeSzXqx.jpg
Jennifer Saunders,https://image.tmdb.org/t/p/original/pTgxwHcz9L8SNVYvPJS0o0lgHya.jpg
Dawn French,https://image.tmdb.org/t/p/original/r6lZgGw4rRRSu6RGfalWh9fJSWM.jpg
Keith David,https://image.tmdb.org/t/p/original/1x0QXavmIy3QmhyrOsV7gMnJaEx.jpg
John Hodgman,https://image.tmdb.org/t/p/original/xlgpI6x1OECW6V7uB70DG7BirUa.jpg
Robert Bailey Jr.,https://image.tmdb.org/t/p/original/2CVKz4PSWBXv2IIIX54DW8MVza2.jpg
Ian McShane,https://image.tmdb.org/t/p/original/qh9RTLbnr128TZLdGuXwUH9mdBM.jpg
Lou Llobell,https://image.tmdb.org/t/p/original/vjCaa2EhEFgkraE6l2Vypzb93fz.jpg
Jacob Scipio,https://image.tmdb.org/t/p/original/gcZSJy9LZ8DUDP480Q2K1OhL1Ct.jpg
Melissa Leo,https://image.tmdb.org/t/p/original/ueAIX0MH68xCei3N8vFLS0EUEjY.jpg
Joseph Lopez,https://image.tmdb.org/t/p/original/ozlHXphP1TLrLwPLJMxY00Rhnx1.jpg
Tony Doupe,https://image.tmdb.org/t/p/original/wmhu0egMzWXak0hn13Obso06KDU.jpg
Bonni Dichone,https://image.tmdb.org/t/p/original/j2RljxlSGPYRIJ3TlWvEoGCj5KG.jpg
Devielle Johnson,https://image.tmdb.org/t/p/original/aLTVHMv4EMniPAXXzMmDoItCLvi.jpg
Miles Fowler,https://image.tmdb.org/t/p/original/sHOx0Ns0SjrFG3plsVocre04cO5.jpg
Alan Trong,https://image.tmdb.org/t/p/original/mKIXKpKmHLyw6BzhyRNAUDnWhQ1.jpg
Mike Myers,https://image.tmdb.org/t/p/original/gjfDl52Kk02MPgUYFjs9bOy33OY.jpg
Eddie Murphy,https://image.tmdb.org/t/p/original/qgjMfefsKwSYsyCaIX46uyOXIpy.jpg
Cameron Diaz,https://image.tmdb.org/t/p/original/d4f4cQ9EiYuvNMjT1IB2h06KoRx.jpg
Vincent Cassel,https://image.tmdb.org/t/p/original/ivUQfhn5olOmR5hthN8C8GThBV4.jpg
Peter Dennis,https://image.tmdb.org/t/p/original/A2lPsbLYrhXcKL82byfU8FAfaMY.jpg
Clive Pearse,https://image.tmdb.org/t/p/original/aRwEqA2YmmymjuJ0lheFKLE6gwU.jpg
Jim Cummings,https://image.tmdb.org/t/p/original/c0sQPRCM5Ri3F4gVyxPr4AcPmIq.jpg
Bobby Block,https://image.tmdb.org/t/p/original/l4ktDZmixDQIhXfDsyLvTGANXiy.jpg
Chris Miller,https://image.tmdb.org/t/p/original/qKdbhP9amIRlydcoivWlTx3szuS.jpg
Margot Robbie,https://image.tmdb.org/t/p/original/euDPyqLnuwaWMHajcU3oZ9uZezR.jpg
Jacob Elordi,https://image.tmdb.org/t/p/original/qZNRPWCP2c5d0YaYLTzHXU9Rdoe.jpg
Alison Oliver,https://image.tmdb.org/t/p/original/yb3BTtHXX1jNqOsvrS0YvgTqqrB.jpg
Shazad Latif,https://image.tmdb.org/t/p/original/n8vJ1AHhv294hGqZxhjM95OvpxT.jpg
Martin Clunes,https://image.tmdb.org/t/p/original/xoCgVr1h3uhES9MnKCoyd05bW1v.jpg
Ewan Mitchell,https://image.tmdb.org/t/p/original/v1PqysDnx5umfA2DqGyjwuAxc9C.jpg
Amy Morgan,https://image.tmdb.org/t/p/original/7KtHxjYwVjLuVE5ysAtDW3Qn1bv.jpg
Jessica Knappett,https://image.tmdb.org/t/p/original/mV2zsSc7CLxikkrmNf81JmLClVj.jpg
Charlotte Mellington,https://image.tmdb.org/t/p/original/mw79hdtCu9WqNH44IQUeBeAtOjn.jpg
Fabián Castro,https://image.tmdb.org/t/p/original/eeImQaQLvwUQw6h4Zi7SV9ET8Ob.jpg
Mark Wahlberg,https://image.tmdb.org/t/p/original/1Oc3XSLyb8hxmjmlgFENu582Kqw.jpg
Paul Walter Hauser,https://image.tmdb.org/t/p/original/hXjjbYg1Ah8mFf5ZcaakyXzDKMx.jpg
Benjamin Bratt,https://image.tmdb.org/t/p/original/hBenHPT4iJEG2kt5z2TOGnkRZwh.jpg
Luciano Szafir,https://image.tmdb.org/t/p/original/k3TkQpOS9jmtfGyOJYMHSIRoa5F.jpg
Eva De Dominici,https://image.tmdb.org/t/p/original/6Ar0UWAuscsKdyL3qa7iTYIVktP.jpg
Daniela Melchior,https://image.tmdb.org/t/p/original/tjAEB90Sa7DJtyTlDAkzVhPLQin.jpg
Molly Shannon,https://image.tmdb.org/t/p/original/5ZTbNpJtDRU4ZCH24nJvFRxaqAD.jpg
Chelsey Crisp,https://image.tmdb.org/t/p/original/5sigf9eefPyVEJsAFv0DOilIle2.jpg
Eric André,https://image.tmdb.org/t/p/original/e9XlcFnZQiBSQ1vISQVyTOrkIaq.jpg
Hayley Atwell,https://image.tmdb.org/t/p/original/x57wXHexIjD2ywly9cRA4rov7cu.jpg
Simon Pegg,https://image.tmdb.org/t/p/original/jw8bEEoTOithyNf0qxu4Zt1yaKp.jpg
Pom Klementieff,https://image.tmdb.org/t/p/original/hfUKAI2kXTMMWjno0i4sLPJud5N.jpg
Henry Czerny,https://image.tmdb.org/t/p/original/zOWZzRmliKf9032IOOq0a3jXhVv.jpg
Holt McCallany,https://image.tmdb.org/t/p/original/iRo9YUNMwZg4UCq7dapo0HydDmI.jpg
Janet McTeer,https://image.tmdb.org/t/p/original/qOKAI6aunD4J5MXiwwomAhI3jI2.jpg
Nick Offerman,https://image.tmdb.org/t/p/original/f6z3mPVtaF40ewfdmZydprAjmYd.jpg
Gwyneth Paltrow,https://image.tmdb.org/t/p/original/ylN4A7fnnNXvHURENl5sQI8Jbib.jpg
Sam Rockwell,https://image.tmdb.org/t/p/original/afYhNpLwpa65Yy0Q0g00FNFhzx5.jpg
Mickey Rourke,https://image.tmdb.org/t/p/original/i6vXukUwRsJa7S9yhZgoKt9xLDv.jpg
John Slattery,https://image.tmdb.org/t/p/original/tm7g84OWD5gQRoyfG4hduBphP1j.jpg
Garry Shandling,https://image.tmdb.org/t/p/original/zGjPMqSqtZtP3npd5fhm7MYqxIU.jpg
Steve Zahn,https://image.tmdb.org/t/p/original/rwrPdKGwXnByxUVMxMf8Y7oswi3.jpg
Thandiwe Newton,https://image.tmdb.org/t/p/original/hZQLvxj7nV7pBrRyWTvWVz1CDi8.jpg
Selton Mello,https://image.tmdb.org/t/p/original/sBVDTAAEDJuVBTKzVGA0PrqeD17.jpg
Ione Skye,https://image.tmdb.org/t/p/original/ye8qsi6fn51HW93c7065Jogbh9p.jpg
Rui Ricardo Diaz,https://image.tmdb.org/t/p/original/zjFqxdsijCYiWHvEwaztRP1eQet.jpg
John Billingsley,https://image.tmdb.org/t/p/original/uQzAvv4LUt57GBrYzDj5Ao1vhUT.jpg
John Leguizamo,https://image.tmdb.org/t/p/original/kwYCdxTlDh9zauUCg4mp2XTCQTw.jpg
Katherine Waterston,https://image.tmdb.org/t/p/original/5fIEhBldLuIkFK0R3USTzngyE3c.jpg
Cynthia Nixon,https://image.tmdb.org/t/p/original/a366FCtQYmT80vQnPMFZ4hsTwuU.jpg
Andy Comeau,https://image.tmdb.org/t/p/original/sh3WIOz5FdWffJ6h62ohNqM3Kai.jpg
Denis O'Hare,https://image.tmdb.org/t/p/original/zMim5sdMnyd2GFfPd9Jh59Vcog3.jpg
Lauren Birkell,https://image.tmdb.org/t/p/original/bctYV8MDCvoiIlQ3SkHuz7UaZPW.jpg
Louisa Krause,https://image.tmdb.org/t/p/original/xkIx3PWJUumeUjOa2b3GPdMHp46.jpg
Halley Wegryn Gross,https://image.tmdb.org/t/p/original/9wtcZN1tZDu1bORAb4t8wfZAFwf.jpg
Ann Dowd,https://image.tmdb.org/t/p/original/zo44U71uiMNVW1HSiOa5F9MpqIq.jpg
Spencer Treat Clark,https://image.tmdb.org/t/p/original/8qb2Unu2907rU7k6UxmF9PFamau.jpg
Tobey Maguire,https://image.tmdb.org/t/p/original/s6PwSvq6gC7PGEjIku69tPbvR8M.jpg
Kirsten Dunst,https://image.tmdb.org/t/p/original/yhLKGjuiMMdbGnFrR8AREkCZcVF.jpg
James Franco,https://image.tmdb.org/t/p/original/bjmAntHGiibLZixH8nTNVBzaFQn.jpg
Cliff Robertson,https://image.tmdb.org/t/p/original/8pH2RWCPtXKzT9P33MbzgnzPlF0.jpg
Rosemary Harris,https://image.tmdb.org/t/p/original/3Mu02enwaF8dFuT195f7esILXns.jpg
J.K. Simmons,https://image.tmdb.org/t/p/original/ScmKoJ9eiSUOthAt1PDNLi8Fkw.jpg
Joe Manganiello,https://image.tmdb.org/t/p/original/mTdACmitdrwor0Nrv5sr0u123vZ.jpg
Gerry Becker,https://image.tmdb.org/t/p/original/il1r1Iym5WFJyo8SQon60aqu4nC.jpg
Bill Nunn,https://image.tmdb.org/t/p/original/trxNvS6g5yvwbXzx2LK6JqutE5z.jpg
Mosharraf Karim,https://image.tmdb.org/t/p/original/6cGP2k6wblQqwyfGdPWyFDWr0wT.jpg
Chanchal Chowdhury,https://image.tmdb.org/t/p/original/46ebiphxjeUP4T1JCGp6G4DAyQL.jpg
Sariful Razz,https://image.tmdb.org/t/p/original/nRlFXqXAfG4yGYvSxZ9OqoXahuB.jpg
Sabila Nur,https://image.tmdb.org/t/p/original/7xhYs2NQjQcNt1PChhK9FqbCWFr.jpg
Shamol Mawla,https://image.tmdb.org/t/p/original/81iEoLRLEcEezeyY2DjYTlOwGHB.jpg
Zakia Bari Mamo,https://image.tmdb.org/t/p/original/ccYOrBbt6SRlNRHnyErnlngHHWw.jpg
Azmeri Haque Badhon,https://image.tmdb.org/t/p/original/chH09tG9J8ZhOm8XM21CgO0uyaq.jpg
Shamima Nazneen,https://image.tmdb.org/t/p/original/fuWqLvU1BPaJCBT7Knn01k7sVl1.jpg
Tridha Paul Maan,https://image.tmdb.org/t/p/original/8lnTFSBH7QlZsIIxZ3bGWvIQINR.jpg
A.K. Azad Shetu,https://image.tmdb.org/t/p/original/vwZhPEWjDOtaiwyKy7ZjFzvDTG9.jpg
Albert Dupontel,https://image.tmdb.org/t/p/original/gwZFclFz6IQcKadX3wYhagP0r2I.jpg
Jo Prestia,https://image.tmdb.org/t/p/original/owAotRB9XMCf1LkceEl0ygWueQA.jpg
Philippe Nahon,https://image.tmdb.org/t/p/original/CHlLvN1GCXb78eB418z9yfhrSu.jpg
Jean-Louis Costes,https://image.tmdb.org/t/p/original/lxQDOpS6QvpdT4lD7XETH6AdArB.jpg
Matt Damon,https://image.tmdb.org/t/p/original/At3JgvaNeEN4Z4ESKlhhes85Xo3.jpg
Florence Pugh,https://image.tmdb.org/t/p/original/wcDXv5Oc8w01QfxJMla96xIDROT.jpg
Josh Hartnett,https://image.tmdb.org/t/p/original/9JS3PeypxTmHVXOnLCMRzJzySxO.jpg
Rami Malek,https://image.tmdb.org/t/p/original/mESIaMPIPxtyWDQ6DAChUBobOp5.jpg
Shin'ya Ohwada,https://image.tmdb.org/t/p/original/l8MbVpBPsZlboO6eMuF0x5YV1tm.jpg
Kyōko Aizome,https://image.tmdb.org/t/p/original/oj9CLiX0PB3GkLVIqC75kmcRCGc.jpg
Lupita Nyong'o,https://image.tmdb.org/t/p/original/y40Wu1T742kynOqtwXASc5Qgm49.jpg
Kit Connor,https://image.tmdb.org/t/p/original/ut64CyBwiRudb3DxOgUa2j9Wxep.jpg
Stephanie Hsu,https://image.tmdb.org/t/p/original/8gb3lfIHKQAGOQyeC4ynQPsCiHr.jpg
Matt Berry,https://image.tmdb.org/t/p/original/1UCAuXgzQfeANlLnZFVSuq0OFhR.jpg
Catherine O'Hara,https://image.tmdb.org/t/p/original/gI2RyymLJ9ZrhEyJSD5EqSvFpCX.jpg
Boone Storm,https://image.tmdb.org/t/p/original/kn5JY9C0oHq09MFLB5vFpoqgop7.jpg
Anna-Maria Sieklucka,https://image.tmdb.org/t/p/original/6ZqAE1XTtspfshatfNaBVHSu1fx.jpg
Simone Susinna,https://image.tmdb.org/t/p/original/ave6292vdlcySUKee9T3oMUVhvY.jpg
Magdalena Lamparska,https://image.tmdb.org/t/p/original/52eglsEGV71N5LcWj6I0YqGw8ke.jpg
Otar Saralidze,https://image.tmdb.org/t/p/original/fqY7p0kotc9uuwB7UF3aYXXmY0R.jpg
Ewa Kasprzyk,https://image.tmdb.org/t/p/original/hNqsUYiFNYZrKKG9mXlEl3EfuPY.jpg
Dariusz Jakubowski,https://image.tmdb.org/t/p/original/bVsDOkPEBGUitIfvWIGoiZufWke.jpg
Ramón Langa,https://image.tmdb.org/t/p/original/xqF6bJrJOOac88IVgPVVl3fX869.jpg
Tomasz Mandes,https://image.tmdb.org/t/p/original/wmYwPfWSXfjXpwvljvXEX8h0wfC.jpg
Natalia Siwiec,https://image.tmdb.org/t/p/original/mSqUf3osymu6okOKaxDrUk5MxpD.jpg
Amy Poehler,https://image.tmdb.org/t/p/original/rwmvRonpluV6dCPiQissYrchvSD.jpg
Maya Hawke,https://image.tmdb.org/t/p/original/9jX7HdSHocuZxOrzDCEC49qy9po.jpg
Kensington Tallman,https://image.tmdb.org/t/p/original/tBqawwg2VJq1V4mZjAOFQ7fnXNW.jpg
Liza Lapira,https://image.tmdb.org/t/p/original/o3jvQAGWtxi5rEycslhC6CY8BWX.jpg
Lewis Black,https://image.tmdb.org/t/p/original/1Yvp5dwnJ1UI0KtXGNhZ384wTgv.jpg
Phyllis Smith,https://image.tmdb.org/t/p/original/h9w9pQbiderRWAC2mi7spjzuIGz.jpg
Ayo Edebiri,https://image.tmdb.org/t/p/original/wrqYWaAmVPM2yueEEQUtMo6kCp2.jpg
Lilimar,https://image.tmdb.org/t/p/original/cRerzbUsq0TiWe6z0VGtLHz4JOa.jpg
Grace Lu,https://image.tmdb.org/t/p/original/uq7aFgt9CiYxGTjXsy3xsaXV4aq.jpg
Edward Norton,https://image.tmdb.org/t/p/original/8nytsqL59SFJTVYVrN72k6qkGgJ.jpg
Helena Bonham Carter,https://image.tmdb.org/t/p/original/hJMbNSPJ2PCahsP3rNEU39C8GWU.jpg
Meat Loaf,https://image.tmdb.org/t/p/original/1zkohpaG3my4qQAZGVgzgPuXwZ6.jpg
Zach Grenier,https://image.tmdb.org/t/p/original/fSyQKZO39sUsqY283GXiScOg3Hi.jpg
Eion Bailey,https://image.tmdb.org/t/p/original/3DW13W47cKk4LQZwS4EvRaNBoVu.jpg
Richmond Arquette,https://image.tmdb.org/t/p/original/7byGiVac0GjBSVD1h6ylZlVXZK6.jpg
Ron White,https://image.tmdb.org/t/p/original/rxM6b0zqJE2eb913zm8RSqSxKX2.jpg
Gillian Barber,https://image.tmdb.org/t/p/original/9ARa8Bw1s4dZzZyEMHDti8fwPbx.jpg
Jeff Schultz,https://image.tmdb.org/t/p/original/rwtPs5KsImW0wqFEOK8YhWcSXT4.jpg
Timothy Webber,https://image.tmdb.org/t/p/original/Av0mtgZ9DeopXP9NQjzd8q9ZPd6.jpg
Don S. Davis,https://image.tmdb.org/t/p/original/gxUvCXIFxAMqcWgosErBP5rHKDw.jpg
R. Nelson Brown,https://image.tmdb.org/t/p/original/n3SV9flpjRyW6l3cRKTSWTagiZr.jpg
William B. Davis,https://image.tmdb.org/t/p/original/b4imZtShd4kK6xFu2ccuPd0fqXA.jpg
Stephen E. Miller,https://image.tmdb.org/t/p/original/3s01c0T1aKmfnp014p4eeSlLN4V.jpg
Matt Hill,https://image.tmdb.org/t/p/original/c9LL79WphPAjDX4J9yHV5ZoANxy.jpg
Michael Keaton,https://image.tmdb.org/t/p/original/tYSja1KByFnZ4Hkp3stPqkKHnNL.jpg
Marisa Tomei,https://image.tmdb.org/t/p/original/5w6qM8FWsl5SutKSpx6Va64eCTE.jpg
Laura Harrier,https://image.tmdb.org/t/p/original/hYS8z1DxP6jvsBNXMRALiSI3nhw.jpg
Mone Kamishiraishi,https://image.tmdb.org/t/p/original/cPydoy2sSqFDsbXeBPmzQGPmq0R.jpg
Ryo Narita,https://image.tmdb.org/t/p/original/f42OXn4J7cM62wtykL196YW7x85.jpg
Aoi Yuuki,https://image.tmdb.org/t/p/original/a5Mkd66GV1l3c9bZZtnvjUf33T2.jpg
Nobunaga Shimazaki,https://image.tmdb.org/t/p/original/qke5rZusHsjSlvB0NKlJ5dQF5D.jpg
Kaito Ishikawa,https://image.tmdb.org/t/p/original/fzjIkotjUHHs3wgftM9tqdsG8ph.jpg
Kanon Tani,https://image.tmdb.org/t/p/original/udR4Cax2EecH3ZkATE4h6ejiGD9.jpg
Masaki Terasoma,https://image.tmdb.org/t/p/original/eol7Ul4buAam9SmJDuFIWln0Cd3.jpg
Sayaka Ohara,https://image.tmdb.org/t/p/original/4WQXLzj0gjYqkYFcTTxAkIwedvr.jpg
Kazuhiko Inoue,https://image.tmdb.org/t/p/original/3BpYtYRiLAmTNbCm2LXlXnkMRit.jpg
David Corenswet,https://image.tmdb.org/t/p/original/yoQxpUPt3le9zY4Sab3g2ANy4CE.jpg
Rachel Brosnahan,https://image.tmdb.org/t/p/original/piB7t3ykZaylYTRoyK46FknyF2p.jpg
Nicholas Hoult,https://image.tmdb.org/t/p/original/qjdDsrJCx9wgrXDTc7TwZiPn9OC.jpg
Edi Gathegi,https://image.tmdb.org/t/p/original/dt8yMyycDlzxkjhmuuJJ4tXDbp4.jpg
Nathan Fillion,https://image.tmdb.org/t/p/original/aW6vCxkUZtwb6iH2Wf88Uq0XNVv.jpg
Isabela Merced,https://image.tmdb.org/t/p/original/4SolFI9dwyPm6BXcb3PDcOYzSEl.jpg
María Gabriela de Faría,https://image.tmdb.org/t/p/original/coZ5Y5STiSvAx0aewVxFVTTtWtA.jpg
Skyler Gisondo,https://image.tmdb.org/t/p/original/vyalCuJUUP7Ht1vMWZQzhOrscXV.jpg
Alan Tudyk,https://image.tmdb.org/t/p/original/jUuUbPuMGonFT5E2pcs4alfqaCN.jpg
Grace Chan,https://image.tmdb.org/t/p/original/vs6aMdkXkR8A0sOCXK6AGIrVeHb.jpg
Johnny Depp,https://image.tmdb.org/t/p/original/k2xt6EUxQDwYRKIyI4IBdZxfs8n.jpg
Geoffrey Rush,https://image.tmdb.org/t/p/original/npXFjaFQzBNroCEPllGPTZ5IisA.jpg
Orlando Bloom,https://image.tmdb.org/t/p/original/lwQoA0qJTCZ6l2FH6PjmhRQjiaB.jpg
Keira Knightley,https://image.tmdb.org/t/p/original/k69IOXdz8PAvaegAI8WYvQvyyUJ.jpg
Jack Davenport,https://image.tmdb.org/t/p/original/shGH0YWJBfiJznidS0f2ZfN056c.jpg
Jonathan Pryce,https://image.tmdb.org/t/p/original/zwSv5uXzPTtmitFe39UdqnVwmdL.jpg
Lee Arenberg,https://image.tmdb.org/t/p/original/sjv8tdXzLwC8lZi6Ou6i6z5RbrW.jpg
Mackenzie Crook,https://image.tmdb.org/t/p/original/lN96i9ez4FUrQgpYdLMYr0l3Ggy.jpg
Damian O'Hare,https://image.tmdb.org/t/p/original/bO6TMDYluACYKy7zWEloym1SUa5.jpg
Giles New,https://image.tmdb.org/t/p/original/e0Ap9fkLAFcxLVHpK8KH2TQV3wI.jpg
Brendan Fraser,https://image.tmdb.org/t/p/original/tFj5PaWWQbb8rHBBhu1EHklznph.jpg
Rachel Weisz,https://image.tmdb.org/t/p/original/9tfHL5tholha1YF6bSKt422ETPM.jpg
John Hannah,https://image.tmdb.org/t/p/original/8GzJhaZrChZpv84SU4vAsvsR3cl.jpg
Arnold Vosloo,https://image.tmdb.org/t/p/original/o23Z1EvWEYR7PArq2w5UpreVipV.jpg
Patricia Velásquez,https://image.tmdb.org/t/p/original/51Ve74pQUnR6tv3faE8LKUFZa9I.jpg
Oded Fehr,https://image.tmdb.org/t/p/original/xt50Z02mO5pLTW0cNLZhIsiequJ.jpg
Kevin J. O'Connor,https://image.tmdb.org/t/p/original/9ZO0QYkxjhThd8IVqSJw7gHyQ68.jpg
Jonathan Hyde,https://image.tmdb.org/t/p/original/1uhT5uzPkBRCb57RtR6C9MvgteC.jpg
Erick Avari,https://image.tmdb.org/t/p/original/aO53uKgLUCID9rCI0SRAIEdsIex.jpg
Stephen Dunham,https://image.tmdb.org/t/p/original/6kBBjxl4QzHxHXXjvMi6BVbfLsf.jpg
Ben Affleck,https://image.tmdb.org/t/p/original/aTcqu8cI4wMohU17xTdqmXKTGrw.jpg
Teyana Taylor,https://image.tmdb.org/t/p/original/5b2dAuTsBejBsdm9SkWX4F7jG9w.jpg
Catalina Sandino Moreno,https://image.tmdb.org/t/p/original/78V4H40NXJ6dzqFZaEe1fBelw56.jpg
Sasha Calle,https://image.tmdb.org/t/p/original/yLZY25AQOC2xKzsWqteyJTcWPK3.jpg
Kyle Chandler,https://image.tmdb.org/t/p/original/66n7XNj1dyYkzCBWR3Lq8Vz4PJ1.jpg
Scott Adkins,https://image.tmdb.org/t/p/original/9NRr2a1riIn5CWn5McZLJlk4vxR.jpg
Daisuke Tsuji,https://image.tmdb.org/t/p/original/nhJfIy1TH4knV2J8ILDWztz75aI.jpg
Nestor Carbonell,https://image.tmdb.org/t/p/original/4Xn03t2qDEMR2ecM7BtLwpvs3J0.jpg
Hannaj Bang Bendz,https://image.tmdb.org/t/p/original/8gytiT7RNrjVbhazgnPQCmSZUKE.jpg
Dean Kilbey,https://image.tmdb.org/t/p/original/hFvcImTeCZCkKQgOwOz13sKPMgG.jpg
Nicholas Anscombe,https://image.tmdb.org/t/p/original/heKvBj7qvdOADnMD0azgmSwuqZJ.jpg
Alex Walton,https://image.tmdb.org/t/p/original/sngiDZjt6fzx13cShf1vDaeY5E3.jpg
Robert De Niro,https://image.tmdb.org/t/p/original/cT8htcckIuyI1Lqwt1CvD02ynTh.jpg
John Cazale,https://image.tmdb.org/t/p/original/7uKBc2BVbLlAiHuSdfioe1OUnCX.jpg
Lee Strasberg,https://image.tmdb.org/t/p/original/niSM7ejzddgaTcxjgJMYEFCr9Y2.jpg
Michael V. Gazzo,https://image.tmdb.org/t/p/original/g9QvAnjOxC9S1MQnBymMwOUX7q9.jpg
G.D. Spradlin,https://image.tmdb.org/t/p/original/pWNa9H3ABB3Ug9CwTfVNtHsCFjV.jpg
Richard Bright,https://image.tmdb.org/t/p/original/potMaJ2u5PRjXZb7qF9lSW1ldNZ.jpg
Ṣọpẹ́ Dìrísù,https://image.tmdb.org/t/p/original/xcHaI7IOGxWhArkE6iWPCYhx9HD.jpg
William Houston,https://image.tmdb.org/t/p/original/4J4TG1dbyJcSs78hP9fU2x8jrJs.jpg
Kobna Holdbrook-Smith,https://image.tmdb.org/t/p/original/6KNQjNWVdosnKAehV7FHpxQV2dD.jpg
James Marlowe,https://image.tmdb.org/t/p/original/grKtqA62ni9yBqGekfq3Aw1GM1o.jpg
Julianna Kurokawa,https://image.tmdb.org/t/p/original/fObnbEVsnhyWiaXYbaA6JA86r01.jpg
Ruta Gedmintas,https://image.tmdb.org/t/p/original/ArRuSKwJJwr3venBPjwoukApa8j.jpg
Oliver Trevena,https://image.tmdb.org/t/p/original/j0ejU7vdE7lRxYKKrhA5aWw1zCT.jpg
Auliʻi Cravalho,https://image.tmdb.org/t/p/original/vEroqcnM2g6yY7qXDAie7hx2Cyp.jpg
Dwayne Johnson,https://image.tmdb.org/t/p/original/5QApZVV8FUFlVxQpIK3Ew6cqotq.jpg
Hualālai Chung,https://image.tmdb.org/t/p/original/x2g5fdHqETY9dZgL4aB0QDP0boR.jpg
Rose Matafeo,https://image.tmdb.org/t/p/original/zQa39fMjbOTIsovbh1TBTJVlToz.jpg
David Fane,https://image.tmdb.org/t/p/original/tcozyaTgAa8rRmzc5qeht0loni6.jpg
Awhimai Fraser,https://image.tmdb.org/t/p/original/276OUDPl2iIsz772HQw3tiz2JN2.jpg
Khaleesi Lambert-Tsuda,https://image.tmdb.org/t/p/original/3LHXDjy9UijbtR7X2EReX5H57kk.jpg
Nicole Scherzinger,https://image.tmdb.org/t/p/original/kKG7zJvVReTipBYDD3aqHj4uPBe.jpg
Rachel House,https://image.tmdb.org/t/p/original/2LCQF7Bn0I91o17GGkox0ZhhbE7.jpg
Don Rickles,https://image.tmdb.org/t/p/original/iGMOVxIQoTPepRvqSCtRulfpx7u.jpg
Jim Varney,https://image.tmdb.org/t/p/original/zvBFmvKUrPvE6FW35O3RP4i1ZPp.jpg
Wallace Shawn,https://image.tmdb.org/t/p/original/wVaM1WlFKDce4esThwL4XtNLhOe.jpg
John Ratzenberger,https://image.tmdb.org/t/p/original/oRtDEOuIO1yDhTz5dORBdxXuLMO.jpg
Annie Potts,https://image.tmdb.org/t/p/original/hWIzkAH7jkSkxBfwdudxbSPxeno.jpg
John Morris,https://image.tmdb.org/t/p/original/lSdNMhN3DoXEQJ37IeOD5mTMUQK.jpg
Erik von Detten,https://image.tmdb.org/t/p/original/v0ruIqUUZqXRWTsuui5irfsHMJe.jpg
Laurie Metcalf,https://image.tmdb.org/t/p/original/ypAppMZ1Q99cBjtX4BAnZmWjVXe.jpg
Jason Flemyng,https://image.tmdb.org/t/p/original/nYl0180ACnLzVlGbaAfuPtdGr9K.jpg
Merab Ninidze,https://image.tmdb.org/t/p/original/crnBu4gGp3JL92S940XKb8517HW.jpg
Maximilian Osinski,https://image.tmdb.org/t/p/original/wMRtFsZSR9FvYj1wzsziKQqpZ0C.jpg
Cokey Falkow,https://image.tmdb.org/t/p/original/2VEMBUOHKZbpypEuso8jyxSo3Yc.jpg
Michael Peña,https://image.tmdb.org/t/p/original/afs4PCiwn8LR93a10drULLVeVLo.jpg
Noemi Gonzalez,https://image.tmdb.org/t/p/original/9BXgDrNRYy6wp0gxFP5qpqc6B5x.jpg
Arianna Rivas,https://image.tmdb.org/t/p/original/ljQqIBcuX3BwevEANaggqvV4AU2.jpg
Isla Gie,https://image.tmdb.org/t/p/original/ebVVBTpJFiEyKoMwKnbPqLSbSUb.jpg
Shameik Moore,https://image.tmdb.org/t/p/original/ovUKfVOwJ7CadEHaG3NDsfA5xRq.jpg
Brian Tyree Henry,https://image.tmdb.org/t/p/original/2MsJh0bpyzwvOUnXOltHp3j85Pb.jpg
Luna Lauren Vélez,https://image.tmdb.org/t/p/original/98BvmTJCZHx0jPv0oNcv04Jkmfb.jpg
Jake Johnson,https://image.tmdb.org/t/p/original/3UNfW2qZgRkW81neNVfQvaRC92K.jpg
Oscar Isaac,https://image.tmdb.org/t/p/original/dW5U5yrIIPmMjRThR9KT2xH6nTz.jpg
Jason Schwartzman,https://image.tmdb.org/t/p/original/gCjMdmW1DiPAClHVl4zHEIffIsE.jpg
Issa Rae,https://image.tmdb.org/t/p/original/uFjimuDgBv8kckApr19t8DykxPH.jpg
Daniel Kaluuya,https://image.tmdb.org/t/p/original/jj2kZqJobjom36wlhlYhc38nTwN.jpg
Karan Soni,https://image.tmdb.org/t/p/original/t3eNrzRKy3wTVCUiEp002UXbjxX.jpg
Timothée Chalamet,https://image.tmdb.org/t/p/original/dFxpwRpmzpVfP1zjluH68DeQhyj.jpg
Rebecca Ferguson,https://image.tmdb.org/t/p/original/lJloTOheuQSirSLXNA3JHsrMNfH.jpg
Stephen McKinley Henderson,https://image.tmdb.org/t/p/original/z2weSPo4sdMNj47tP5o0me41r2z.jpg
Sharon Duncan-Brewster,https://image.tmdb.org/t/p/original/gp5h6rOrqBrIGgID4AMd58O6Ow6.jpg
Chang Chen,https://image.tmdb.org/t/p/original/4BOQ5pJXdsArkMHvyVhrV8Ditnr.jpg
David Morse,https://image.tmdb.org/t/p/original/A6zGbkFjM3uajIakgsSeNTmSKqY.jpg
Bonnie Hunt,https://image.tmdb.org/t/p/original/tT9C6uLztgN8OxJULq6F9iEzqlA.jpg
Michael Clarke Duncan,https://image.tmdb.org/t/p/original/3RX8OBqt3gbvFwKYZqiom4O3Ta6.jpg
James Cromwell,https://image.tmdb.org/t/p/original/vpNQQbM5PtxsYmVm4oh79SGFyUK.jpg
Michael Jeter,https://image.tmdb.org/t/p/original/pNBf8X56wCOHH7cArsMYJuke4fO.jpg
Graham Greene,https://image.tmdb.org/t/p/original/ubX9pwrzQqnR41gAGyY1GoSZr1G.jpg
Doug Hutchison,https://image.tmdb.org/t/p/original/a32hLANC5LIqT0Pk2nyV7dGdh23.jpg
Barry Pepper,https://image.tmdb.org/t/p/original/xBvW4dMoz496rItLQU6TGteYCEP.jpg
Tony Leung Chiu-wai,https://image.tmdb.org/t/p/original/nQbSQAws5BdakPEB5MtiqWVeaMV.jpg
Tang Wei,https://image.tmdb.org/t/p/original/5HwPMAATexQc8uiPAmW3XKYt9bO.jpg
Leehom Wang,https://image.tmdb.org/t/p/original/mDdI6E8blhw9ga5S4hyIRPsKnwd.jpg
Tou Tsung-hua,https://image.tmdb.org/t/p/original/jfq3haXek8D4zORUy7kIO6JMsuk.jpg
Jacqueline Zhu,https://image.tmdb.org/t/p/original/zJs10JAZSn3upwBSjMHbWPdcwDH.jpg
Ven Kao,https://image.tmdb.org/t/p/original/tSfReSA2Pxjs43Abxfs5HnshtZl.jpg
Lawrence Ko,https://image.tmdb.org/t/p/original/bFcsOt2onOUDmaUz9SyCNHo8nI.jpg
Johnson Yuen Tak-Cheung,https://image.tmdb.org/t/p/original/DfTeOKDttEF8holOMd5hFpIWaX.jpg
Chin Ka-Lok,https://image.tmdb.org/t/p/original/1C8uMztrOOBYlhOj2VKHsfDzQv9.jpg
Sebastian Eugene Hansen,https://image.tmdb.org/t/p/original/40HNkoB3RKPMPgLhTyKQU6kG0sc.jpg
Emma Myers,https://image.tmdb.org/t/p/original/v1Y8RP39135ZOary9M4MbkrCAdn.jpg
Danielle Brooks,https://image.tmdb.org/t/p/original/hwrMFbcALcqrV7S2pRP9C5BXrU0.jpg
Jennifer Coolidge,https://image.tmdb.org/t/p/original/hcpbV0dY4ZJxmZi1WcAWe8euqV2.jpg
Allan Henry,https://image.tmdb.org/t/p/original/iZKNvaQutjb5Otlb7IyYqdfWJ7d.jpg
Bram Scott-Breheny,https://image.tmdb.org/t/p/original/kI51jREZQm4Gvlh4A0PzNmroU6M.jpg
Moana Williams,https://image.tmdb.org/t/p/original/xJnJYBEu2ATZetA6eqEDEDhNFUn.jpg
Arjun Sarja,https://image.tmdb.org/t/p/original/fQ0yTvyDdykFxfHNYKNfRKzlCyz.jpg
Abhirami,https://image.tmdb.org/t/p/original/1TVXmU20s1mrIHEM5f8WpxWDEsd.jpg
Preity Mukhundhan,https://image.tmdb.org/t/p/original/m3qGm6zD2MIye4PB0OaeaS6wc9v.jpg
Vivek Prasanna,https://image.tmdb.org/t/p/original/2Gzfur5QCXWmopdWcLlmNuZcFDt.jpg
John Kokken,https://image.tmdb.org/t/p/original/3dIc5cYnlzLYjaZYTOkrTIAg2D1.jpg
Arjun Chidambaram,https://image.tmdb.org/t/p/original/yay74IONzoiC50I2Od5L5a0bcbm.jpg
Pawan,https://image.tmdb.org/t/p/original/a0DxXtiewiWFnLw5FbJNXwtbAtj.jpg
Dhileban,https://image.tmdb.org/t/p/original/fTpaXP17R845EYZqVU41hd9EXea.jpg
Vinod Sagar,https://image.tmdb.org/t/p/original/1TPybIW2ncqrA9G4q03R3MhUP0B.jpg
Bala Hasan,https://image.tmdb.org/t/p/original/2XnmAawJ8sf8xuTVpT9urM4KDZ4.jpg
Ryan Phillippe,https://image.tmdb.org/t/p/original/fgneZFXn0fGG1o7tMzJvHqfHHF7.jpg
Reese Witherspoon,https://image.tmdb.org/t/p/original/mfjunuTHrd0wnh8UG1ImMN9FSws.jpg
Selma Blair,https://image.tmdb.org/t/p/original/2rO5eN6hDB0JxMMZHxNKEuMRm1m.jpg
Louise Fletcher,https://image.tmdb.org/t/p/original/hN15em5LqXqDe1QgDa6lXK9fx3z.jpg
Joshua Jackson,https://image.tmdb.org/t/p/original/mH2a5YFd8J7upjjWwEzM75vitA2.jpg
Eric Mabius,https://image.tmdb.org/t/p/original/gfTyV38S5BzV9pZnIducUgo68hK.jpg
Sean Patrick Thomas,https://image.tmdb.org/t/p/original/59Mqg13DVutKEN4ZmkG8O814uKg.jpg
Swoosie Kurtz,https://image.tmdb.org/t/p/original/uCHMttpxVITjDXtjs8FS6O7TQHx.jpg
Christine Baranski,https://image.tmdb.org/t/p/original/q6Zi3BYlmoim1JXXMGgRVS5C87x.jpg
Sharafudheen,https://image.tmdb.org/t/p/original/icEHwPLrRp2sAk3gzylO8ar4Hey.jpg
Vijitha Vijayakumar,https://image.tmdb.org/t/p/original/wORKqqUY4Z8vKMLq5jmkblyGfaM.jpg
Sreejaya Nair,https://image.tmdb.org/t/p/original/xiEDFBHJzhyK2RNRyskeSXUOrOI.jpg
Vineeth Thattil David,https://image.tmdb.org/t/p/original/3GRoDMGPrMOBfHki8eAFYfse7kq.jpg
Azees Nedumangad,https://image.tmdb.org/t/p/original/zsPdTjTxeFtwjqG7tIJrFcF45V5.jpg
Saikumar,https://image.tmdb.org/t/p/original/shnJkiBgcsnr4sozTZib4MXN1ou.jpg
Bindu Panicker,https://image.tmdb.org/t/p/original/18KNkcI2UpSASkztGHJCGDtw4bP.jpg
Zoë Kravitz,https://image.tmdb.org/t/p/original/n0mhAgmY6eJQmA7kaugsTZEJgHo.jpg
Jeffrey Wright,https://image.tmdb.org/t/p/original/yGcuHGW4glqRpOPxgiCvjcren7F.jpg
Colin Farrell,https://image.tmdb.org/t/p/original/5FdalJbrbZ5UCsED5rFrXpvbqJa.jpg
Paul Dano,https://image.tmdb.org/t/p/original/aoMS5ITUgDfLyHIyjes7BO9oCIz.jpg
John Turturro,https://image.tmdb.org/t/p/original/63zA58rSyJxBMLBdgeMjjETmpDQ.jpg
Peter Sarsgaard,https://image.tmdb.org/t/p/original/5UANyM4co2nwYPgSEmGeNlZRm7V.jpg
Jim Carrey,https://image.tmdb.org/t/p/original/y3U9QfPN6sJaGl6l68xjwWj28ig.jpg
Ben Schwartz,https://image.tmdb.org/t/p/original/hWEQe66jXUAGVhbU5dy8s0IrrAQ.jpg
Colleen O'Shaughnessey,https://image.tmdb.org/t/p/original/y3Kl5tCX1XD6uyL9wefTRbEXTwj.jpg
James Marsden,https://image.tmdb.org/t/p/original/gmM9kCBzMeSGmkVXJGAkm25i9pe.jpg
Tika Sumpter,https://image.tmdb.org/t/p/original/1zTXufyuQFPXVthryH7KVoZAfb7.jpg
Lee Majdoub,https://image.tmdb.org/t/p/original/vpF3R2YRCGHseGevmDAhftmOPkO.jpg
Krysten Ritter,https://image.tmdb.org/t/p/original/d39VsFGyWq7f5fkUrCI9k3XpZl2.jpg
Adam Pally,https://image.tmdb.org/t/p/original/yY13PEaVbPoXT5MkitVxTfdAZnU.jpg
Simon McBurney,https://image.tmdb.org/t/p/original/h0J9UH1g1C0c8T8x1mjvfUv5X5f.jpg
Rhys Ifans,https://image.tmdb.org/t/p/original/AfXRP33ncRunR83JPehZ06Kgh8e.jpg
Shane Paul McGhie,https://image.tmdb.org/t/p/original/xrW5ioE8lihmmuu1ov1wWBpOWYp.jpg
Khadijha Red Thunder,https://image.tmdb.org/t/p/original/AggU4kVZ04OjKYM4ZZg1pqVVu8F.jpg
Dylan Arnold,https://image.tmdb.org/t/p/original/aeEErE7FcRbGkpxRRkGVdObB7j1.jpg
Samuel Larsen,https://image.tmdb.org/t/p/original/a9AQOsvl0IUHe23sz7wYsgHFBn4.jpg
Inanna Sarkis,https://image.tmdb.org/t/p/original/up8etOETeYTwuGFr9yL0gYf5ZKW.jpg
Pia Mia,https://image.tmdb.org/t/p/original/4klv1dkVPxwWoUVcKa4NBOAEJvl.jpg
Swen Temmel,https://image.tmdb.org/t/p/original/y5LJNkjObFkyp0Ru36v7sy7dMX5.jpg
Natasza Urbańska,https://image.tmdb.org/t/p/original/56Nc4WIey8Qhkf6QUgv1VnmRJJr.jpg
Valérie Lemercier,https://image.tmdb.org/t/p/original/2WMtL9SFIWmOIL2P6PdfHncSLXP.jpg
Gérard Darmon,https://image.tmdb.org/t/p/original/nYup2VXH5zZunl0WoQFy1dTlu1s.jpg
Patrick Timsit,https://image.tmdb.org/t/p/original/lS22SWFT4jo4mgfC0HsbgMstPf2.jpg
Alice de Lencquesaing,https://image.tmdb.org/t/p/original/oqF5V8CT75nHDiLcsC6rHqN7vW.jpg
Aurélien Cavagna,https://image.tmdb.org/t/p/original/tmpAiO1PsqRTlAeBdZLDsmGMXZk.jpg
Éric Viellard,https://image.tmdb.org/t/p/original/spi6sPJs8fQmFiiENJV7AWCzvAS.jpg
Sophie Mounicot,https://image.tmdb.org/t/p/original/4KNx6fehpo6lS8wKYh6HNmiAoLR.jpg
François Berland,https://image.tmdb.org/t/p/original/xiygl2ZDnQ80OVQkv3mFjXHETVv.jpg
Nicole Dubois,https://image.tmdb.org/t/p/original/dZaBe8H6TRP890p4w2TWFCAfsKw.jpg
Vincent Fontannaz,https://image.tmdb.org/t/p/original/kN1EsDP6iT2Y7gzZRhROMYigk9s.jpg
Christian Slater,https://image.tmdb.org/t/p/original/6ww3uweEEXMlvtNjTlgBHxLErPF.jpg
Sophie Kennedy Clark,https://image.tmdb.org/t/p/original/bh3MYQUpLONUuQNdr3J2pEOXKG4.jpg
Connie Nielsen,https://image.tmdb.org/t/p/original/gSQ3O3PJ6ly6nT63joOtfZyscFP.jpg
Ananya Berg,https://image.tmdb.org/t/p/original/miI3oHYISuifls8gAsdDyGLjH6o.jpg
Jens Albinus,https://image.tmdb.org/t/p/original/qpccpDHJi3RX9QAUL5buAJeV47L.jpg
Yôko Nagai,https://image.tmdb.org/t/p/original/qcX4BinJzeHBJd5PKXV3wIpGr3o.jpg
Kriti Verma,https://image.tmdb.org/t/p/original/qHvcnP0Kn007C1yhueMzqhCHSv1.jpg
Yash Shetty,https://image.tmdb.org/t/p/original/sAB72iRVdgOt1Z20VjyRL6U5wQG.jpg
Bala Rajwadi,https://image.tmdb.org/t/p/original/4wUeTa2NuqNBx4AcKxWlKbjnH4B.jpg
Matthew Broderick,https://image.tmdb.org/t/p/original/papqFgpyroZJEqd7WvuNGN8ti2k.jpg
Moira Kelly,https://image.tmdb.org/t/p/original/3yQRnGSfbPWQDInZHTzzXsrAhUR.jpg
Nathan Lane,https://image.tmdb.org/t/p/original/jLPp3RoDhwOpLimKj3NhhBofPfT.jpg
Ernie Sabella,https://image.tmdb.org/t/p/original/tOJUui0e88SmGKF5iLlYKBxDKvx.jpg
Robert Guillaume,https://image.tmdb.org/t/p/original/prqxpeFeyyarRxxfaMHrqCKVyhV.jpg
Rowan Atkinson,https://image.tmdb.org/t/p/original/gdiN2zLjC3Mnfrp7hM3TXVJjWJv.jpg
Whoopi Goldberg,https://image.tmdb.org/t/p/original/f7nOs8pp4rxLQgUaeXu21kMtD9o.jpg
Kikunosuke Toya,https://image.tmdb.org/t/p/original/tSAHe7tjN7luUD1Tx5yPSCuCnuD.jpg
Tomori Kusunoki,https://image.tmdb.org/t/p/original/iiGJPsLAnOoqmkNjLWCvbbDJw50.jpg
Shogo Sakata,https://image.tmdb.org/t/p/original/fRRPNBz3OCNRdmLdUTdpq7dGqxM.jpg
Karin Takahashi,https://image.tmdb.org/t/p/original/40eynav2SoYcfd0McfiF46Hu16o.jpg
Fairouz Ai,https://image.tmdb.org/t/p/original/coFu6WOVBZvqd1fw89vbHkiC0zB.jpg
Maaya Uchida,https://image.tmdb.org/t/p/original/lrcxZXkIgHU55dMs8C4DKkUohqJ.jpg
Yuuya Uchida,https://image.tmdb.org/t/p/original/4xLLQGEDWtmLWUapo0UnfvCdsXp.jpg
Shiori Izawa,https://image.tmdb.org/t/p/original/f9V38OeDvRGevWuKc4dN6LB62TH.jpg
Mireille Enos,https://image.tmdb.org/t/p/original/zza8XezUz4I5Is55H2totMbGLeG.jpg
Daniella Kertesz,https://image.tmdb.org/t/p/original/A419vIv5ayi84hVopbtPSOn0gTT.jpg
James Badge Dale,https://image.tmdb.org/t/p/original/lnm8Jm11btONDU7dzPk9liuMibk.jpg
Ludi Boeken,https://image.tmdb.org/t/p/original/pXtrxvMUzI5Aah7q2XFrDhGssxl.jpg
Matthew Fox,https://image.tmdb.org/t/p/original/6VIfueb4j3GCsIhxnstsXlY5C3Y.jpg
Fana Mokoena,https://image.tmdb.org/t/p/original/4D3VeFLmTWoBilKDeNotchnrYqk.jpg
Elyes Gabel,https://image.tmdb.org/t/p/original/z9IqYTYxhVR9ADxaksbPQwiYQns.jpg
Sterling Jerins,https://image.tmdb.org/t/p/original/10kkqqbO8Ct58DqsBPSQIsG9ve4.jpg
Marek Kondrat,https://image.tmdb.org/t/p/original/xasGFwdCXkKgygkoHnXZNFGuwBy.jpg
Zbigniew Zamachowski,https://image.tmdb.org/t/p/original/qUi05ZXhKoOMOgBkonKOLuIMf0n.jpg
Renata Dancewicz,https://image.tmdb.org/t/p/original/pzMtaaZDrJg3gmQpg8lgGB62541.jpg
Adam Ferency,https://image.tmdb.org/t/p/original/fuvRrHSkJcpouCdSWFQdiZIjqEl.jpg
Artur Barciś,https://image.tmdb.org/t/p/original/n6DVAasjjJA6TtXygonn7GRcziB.jpg
Andrzej Blumenfeld,https://image.tmdb.org/t/p/original/pfB5hdC3vh4fZCxTqBlGRoWAiUY.jpg
Krzysztof Globisz,https://image.tmdb.org/t/p/original/sVp287vlriolCIjmztnKks7nEKH.jpg
Tomasz Schimscheiner,https://image.tmdb.org/t/p/original/oyMCPgMk2lWIsJ389VsUxZuJ407.jpg
Piotr Urbaniak,https://image.tmdb.org/t/p/original/8rozx8gyjJEg67mEuJmXUOoCnke.jpg
Witold Wieliński,https://image.tmdb.org/t/p/original/yPyG6YVjnH5jdlUim7Q9DL2UUON.jpg
Demi Moore,https://image.tmdb.org/t/p/original/wApParZYBDi4yxekjfxjKEifJYh.jpg
Margaret Qualley,https://image.tmdb.org/t/p/original/jStNyMj3acpLuH48awLVLqqlyaV.jpg
Edward Hamilton-Clark,https://image.tmdb.org/t/p/original/q1EWL2z2xMcbf84TpOTqGs6Csxs.jpg
Gore Abrams,https://image.tmdb.org/t/p/original/bKMTqbl0FYlzIC6aTMKQZNAhhXK.jpg
Oscar Lesage,https://image.tmdb.org/t/p/original/8N31SCzlmRBEHRXD7AIE50Wh7Fs.jpg
Christian Erickson,https://image.tmdb.org/t/p/original/cpEzQNW1EsRmK8SMj4y5xwevXwM.jpg
Robin Greer,https://image.tmdb.org/t/p/original/6oAOwJt2LywrGqkB8fGjvAbkLB.jpg
Tom Morton,https://image.tmdb.org/t/p/original/aOdP4niQX4ckaFwPQmbf0mlYTC5.jpg
Hugo Diego Garcia,https://image.tmdb.org/t/p/original/mC0Aly8hHgNIYvZSa1SZmYU47pn.jpg
Giuseppe Sulfaro,https://image.tmdb.org/t/p/original/n2dGRXym6gJwwwkDt5IUjTnAHVt.jpg
Luciano Federico,https://image.tmdb.org/t/p/original/tkZN8uWDtnoMkjaJ1GCQoBKc7eo.jpg
Matilde Piana,https://image.tmdb.org/t/p/original/1lf6Y61wEuUC8yovTpRXSW73Np2.jpg
Pietro Notarianni,https://image.tmdb.org/t/p/original/nlIWno3nXt2E6qk9EHNeKC3Pd56.jpg
Gaetano Aronica,https://image.tmdb.org/t/p/original/zesNYrMFw0fSGXi31gTlNQHsJyc.jpg
Gilberto Idonea,https://image.tmdb.org/t/p/original/Z3VSGptmLjo7fkYT3mek2b9pk9.jpg
Angelo Pellegrino,https://image.tmdb.org/t/p/original/wDCmGI9GM8pDZ7basQRho8Fj0q5.jpg
Stephen Graham,https://image.tmdb.org/t/p/original/yguEO9zFvuccq87kOJpFLsmUgvs.jpg
Sophie Rundle,https://image.tmdb.org/t/p/original/8kZTjHZcvmGo1W53DXM2mjXex2A.jpg
Ned Dennehy,https://image.tmdb.org/t/p/original/wTacXk4meFOJRK38rED0lrhlLw3.jpg
Packy Lee,https://image.tmdb.org/t/p/original/e3E734NTL7OMCkSDTTixLZr8H4E.jpg
Ian Peck,https://image.tmdb.org/t/p/original/efEJsO8xhDdpOkWR0ArLl34B47f.jpg
Jay Lycurgo,https://image.tmdb.org/t/p/original/pbsoexLxfXZZvITACzfOB1dsDip.jpg
Joe Pesci,https://image.tmdb.org/t/p/original/zbAdhqbMfRXSz26TjxJvB5f2eL5.jpg
Sean Ono Lennon,https://image.tmdb.org/t/p/original/aFwPBczQKc1mgMvq38q9Br8rRhP.jpg
Brandon Quintin Adams,https://image.tmdb.org/t/p/original/1mZvTa53pIRElfS2H0SXIpnaite.jpg
Ben Aaron,https://image.tmdb.org/t/p/original/1KpcloNnLTRjBq6VPN8RTSH6qiJ.jpg
Bilal,https://image.tmdb.org/t/p/original/e9zN5LO2E2w7bWSXL8TlsQBGHtI.jpg
Mason Thames,https://image.tmdb.org/t/p/original/kgEYHw8bblVtwRTkR9TLMOpx5WO.jpg
Nico Parker,https://image.tmdb.org/t/p/original/qwkyR7HqqbPbRlI91xjIknVMsMp.jpg
Nick Frost,https://image.tmdb.org/t/p/original/2CHS4t6miNGLgMQAjhFqb4fFuKS.jpg
Gabriel Howell,https://image.tmdb.org/t/p/original/u3PTI9FlrpGFZVMoHXZZBiYWMCl.jpg
Julian Dennison,https://image.tmdb.org/t/p/original/pP9tymIRkOEEQqetcC1Yby5rGbi.jpg
Bronwyn James,https://image.tmdb.org/t/p/original/mSaZaVNsAVU70VH5go2D2oS8OIL.jpg
Harry Trevaldwyn,https://image.tmdb.org/t/p/original/uYHekOiCHZoob1tW11vTceplA2e.jpg
Murray McArthur,https://image.tmdb.org/t/p/original/aW9Ib3PzKuWuSd0YrTIbFLGX877.jpg
Peter Serafinowicz,https://image.tmdb.org/t/p/original/atXOX0UQzIZkcnpNj1cluBdHwAE.jpg
Adivi Sesh,https://image.tmdb.org/t/p/original/vWvU1qlpGGrCsdox0pAJ6Gns4Bp.jpg
Mrunal Thakur,https://image.tmdb.org/t/p/original/rEUE20LCW46AQqExutWxwukFycI.jpg
Anurag Kashyap,https://image.tmdb.org/t/p/original/wS1aF7dFDnKC44ZbFkbDcIpmFq5.jpg
Zayn Marie Khan,https://image.tmdb.org/t/p/original/spktWpG4y40in3XOB3znqmnwcLk.jpg
Kamakshi Bhaskarla,https://image.tmdb.org/t/p/original/rS6eRKX0ZldriYdZjx6zf8faoHH.jpg
Atul Kulkarni,https://image.tmdb.org/t/p/original/z3mRRjJfYs5C9PR4jzKsbZVKTKy.jpg
Vaibhav Tatwawadi,https://image.tmdb.org/t/p/original/pw6IBvvZyEssdfJvtTbq01ta1l.jpg
Ray Liotta,https://image.tmdb.org/t/p/original/jdwGJbJNSRQiG2kB5MJxiu2clCQ.jpg
Lorraine Bracco,https://image.tmdb.org/t/p/original/tAtpCzN4sTOy1RHpMpJj52zTO4S.jpg
Paul Sorvino,https://image.tmdb.org/t/p/original/1gF0UskusEdDcNaBDJ2CMsz5Agi.jpg
Frank Sivero,https://image.tmdb.org/t/p/original/eqvhj0iNtcsN6EJhd21Goqi1DSq.jpg
Tony Darrow,https://image.tmdb.org/t/p/original/kc6cGKm2yYx5ekHo4zGizhMLBge.jpg
Mike Starr,https://image.tmdb.org/t/p/original/hJGhV91dSUiFJ8GwGDTEEri79LX.jpg
Frank Vincent,https://image.tmdb.org/t/p/original/tkKFnuEmgecPYRqAlDZqfWRMst2.jpg
Chuck Low,https://image.tmdb.org/t/p/original/zaw5Tyk2K6aawV13fQ4tSPdbEUp.jpg
Steve Carell,https://image.tmdb.org/t/p/original/cS7Cbyff6wFVfUGem497vy9LS7A.jpg
Will Ferrell,https://image.tmdb.org/t/p/original/yjGbyQzVjpQl8xFkFGa7JxKZWQb.jpg
Sofía Vergara,https://image.tmdb.org/t/p/original/xK7e7NrSm1igQecDQkdy9Uc1KAg.jpg
Miranda Cosgrove,https://image.tmdb.org/t/p/original/qIGeoyXEVu1LxTH34TWx1YSHyQr.jpg
Dana Gaier,https://image.tmdb.org/t/p/original/29kmxnkI0nxZGzZ4t806Zj6MExe.jpg
Madison Polan,https://image.tmdb.org/t/p/original/rFlA9iYyefyFTWv1YIMdMoUFgfZ.jpg
Pierre Coffin,https://image.tmdb.org/t/p/original/eAA9uWRqHlm1LT3nZfXb7UuPfVb.jpg
Chris Renaud,https://image.tmdb.org/t/p/original/sumBJgBqRkK4XEJ2JYXpad3MTJs.jpg
Steve Coogan,https://image.tmdb.org/t/p/original/tT7OXc2qA6hlREHXdwGLp0XihzA.jpg
Liam Neeson,https://image.tmdb.org/t/p/original/g0iIEyt9ILiKTG0g8K69US5VtLy.jpg
Ben Kingsley,https://image.tmdb.org/t/p/original/k3Dmu49B2akwDvgqy52MOxznI59.jpg
Caroline Goodall,https://image.tmdb.org/t/p/original/4cagGtMqACvkuw6Llq8Li8UJ1AR.jpg
Jonathan Sagall,https://image.tmdb.org/t/p/original/waxNDsgfw7CXXO3LH8EdKi8z7VV.jpg
Embeth Davidtz,https://image.tmdb.org/t/p/original/nwsdu9lOsKJ5v9RwOCc7kAiuxSO.jpg
Małgorzata Gebel,https://image.tmdb.org/t/p/original/7MYoXZKIuCAfMzTs1HBkaLB03z8.jpg
Shmuel Levy,https://image.tmdb.org/t/p/original/eZDmJaS0Z0Fj2377wBul9xmm27S.jpg
Mark Ivanir,https://image.tmdb.org/t/p/original/biVPUjq1BbX3YWpvXv5OZjEuJI0.jpg
Béatrice Macola,https://image.tmdb.org/t/p/original/dXdt4Ti4mbJilnsm0wtvwb13eny.jpg
Bonnie Blue,https://image.tmdb.org/t/p/original/rdDY91UYwb17B1TdTv0VwIoVwi7.jpg
Belle Delphine,https://image.tmdb.org/t/p/original/52qEkjLFJ9bKyTnBvpTZe3xGKgi.jpg
Lily Phillips,https://image.tmdb.org/t/p/original/aU6DPVHYB4QFh5MmvJMZoo3VALE.jpg
Andy Lee,https://image.tmdb.org/t/p/original/42N2uciafWylF1f9Uvr8XNBIJeE.jpg
Tyrese Gibson,https://image.tmdb.org/t/p/original/jxoy4fbXNKFQtBdK73cLXEz3ufS.jpg
Ludacris,https://image.tmdb.org/t/p/original/erkJijujhe48vhJ8iCEtVpNEeVn.jpg
John Cena,https://image.tmdb.org/t/p/original/rgB2eIOt7WyQjdgJCOuESdDlrjg.jpg
Nathalie Emmanuel,https://image.tmdb.org/t/p/original/uh8EIhxKJxK7xsJlWcIgBkqyAKq.jpg
Jordana Brewster,https://image.tmdb.org/t/p/original/ceL0zxeVbWfCfhoIDZIE1NYqBWb.jpg
Sung Kang,https://image.tmdb.org/t/p/original/ox4ti0WmpJoN19n3iYJ2T2vHP5f.jpg
Scott Eastwood,https://image.tmdb.org/t/p/original/tKJEy1bFNxvIj7sivsB7Us2ThmY.jpg
Maddie Ziegler,https://image.tmdb.org/t/p/original/hDzdA0IvoPpx5nmwL5Uu75rdfYh.jpg
Lana Condor,https://image.tmdb.org/t/p/original/vWn27Fk2GLwH7o9fBG9hBWZI6OR.jpg
Iris Apatow,https://image.tmdb.org/t/p/original/5RgL4nUBPkAk8jcJqu6R42ixE0j.jpg
Millicent Simmonds,https://image.tmdb.org/t/p/original/clNmG7JlsI5qZTVjYoXiGZ3Pvbq.jpg
Avantika,https://image.tmdb.org/t/p/original/4kASmotHYtrwkIMGmyArKLvaQOz.jpg
Michael Culkin,https://image.tmdb.org/t/p/original/eUTAyHEEKE3ZVVqKuEiPG8APU14.jpg
Lydia Leonard,https://image.tmdb.org/t/p/original/hZyocFIvGrZxJD3sDxAtWvMjDyJ.jpg
Tamás Hagyó,https://image.tmdb.org/t/p/original/dHFdRHgEIomRk95rX44MBKjObZ3.jpg
Julian Krenn,https://image.tmdb.org/t/p/original/zLARA7blzks4bo43Pkla3rCOFkO.jpg
Paul Reiser,https://image.tmdb.org/t/p/original/rGryzG00uSk8LsidacSBXVgo3iv.jpg
Melissa Benoist,https://image.tmdb.org/t/p/original/fUPIkDDVmyZPejPu67HyfdDar9W.jpg
Austin Stowell,https://image.tmdb.org/t/p/original/At09XQpVXnChgedNsxu4ceR5W9i.jpg
Nate Lang,https://image.tmdb.org/t/p/original/6TC0gKxJIttIhXLnCttANV9gd1G.jpg
Chris Mulkey,https://image.tmdb.org/t/p/original/kpJid21QcIBGvwP0Bddvw0p8wEl.jpg
Damon Gupton,https://image.tmdb.org/t/p/original/bbbJiEx01uvOCKwiEHv9OmPI4r8.jpg
Suanne Spoke,https://image.tmdb.org/t/p/original/c3eHskplBRwuORgUWSwnsi6KZpV.jpg
Max Kasch,https://image.tmdb.org/t/p/original/7BvCZldRpYB4UxJv5IxNSMSYgoe.jpg
Kevin McNally,https://image.tmdb.org/t/p/original/1QvG7MbfeWxb4LlZrlR4OtwvB8v.jpg
David Bailie,https://image.tmdb.org/t/p/original/vhw5e7800XoyugmLc4Kd6IEQzsl.jpg
John Rhys-Davies,https://image.tmdb.org/t/p/original/qpXl1YnqQsUKYEDm3BB2zK5wbhe.jpg
Barbie Ferreira,https://image.tmdb.org/t/p/original/kl59GoAbazPffmmZtSLZmUQCK6S.jpg
Dacre Montgomery,https://image.tmdb.org/t/p/original/v5zhoNq2RgnUEtSLAFLOPLTJWCT.jpg
Josie Totah,https://image.tmdb.org/t/p/original/125iM9BTPVDfRjKGVSqmvgeGsai.jpg
Aaron Holliday,https://image.tmdb.org/t/p/original/hFy4UlVt7n8HohIuppl6a6XNPwD.jpg
Jermaine Fowler,https://image.tmdb.org/t/p/original/tUovrCcFKncccMY7yarqeLBeVPk.jpg
Charli xcx,https://image.tmdb.org/t/p/original/mUGMrA4PZg5QEBNtj5BfTsTJM8g.jpg
Kurt Yue,https://image.tmdb.org/t/p/original/kPy0d5uUNiJJB18T55IdE01Ruru.jpg
Ash Maeda,https://image.tmdb.org/t/p/original/safLAdKQTpUgY0vmYBpi1i7AihR.jpg
Sam Malone,https://image.tmdb.org/t/p/original/xr4f2uA0OJrb7DIS74XHD6yn3im.jpg
Thambi Ramaiah,https://image.tmdb.org/t/p/original/murNGZdySdA7uKgLBeMwOK4wEdg.jpg
Ilavarasu,https://image.tmdb.org/t/p/original/gWCREhajMvlOE49g79zyvwdpf5E.jpg
Shrita Rao,https://image.tmdb.org/t/p/original/ac1kGlZsLQb8Td2aLIp0Ubfndmo.jpg
Yashika Anand,https://image.tmdb.org/t/p/original/v87gVYiHc0vXJ50aNGIakGJvrHz.jpg
Chandhini Tamilarasan,https://image.tmdb.org/t/p/original/gagKU6nnLytGhtdpfUquNq7CdaN.jpg
Redin Kingsley,https://image.tmdb.org/t/p/original/JX9ukTnXCNBlsbQeHGY85qf3du.jpg
Viji Chandrasekhar,https://image.tmdb.org/t/p/original/aErRKX7Z6iS6kwFxVQhXxd3OQIr.jpg
Vadivukarasi,https://image.tmdb.org/t/p/original/cGfFXJ20h1KECAzSPfo7zURtdqI.jpg
Brendan Gleeson,https://image.tmdb.org/t/p/original/ctPPJu5ZYDZr1IPmzoNpezczrm0.jpg
Michael Gambon,https://image.tmdb.org/t/p/original/3jdWkDKf4IODbG4JKTeaC7AzxZH.jpg
David Tennant,https://image.tmdb.org/t/p/original/mGfrEMbxjUWjek1WDSq1j4TULIR.jpg
Edie Falco,https://image.tmdb.org/t/p/original/jS2Hnr5OmntpX0J7EpH70zAG0mz.jpg
Jemaine Clement,https://image.tmdb.org/t/p/original/6eiNbeurpHb2fxIeT0RrJ0wRI25.jpg
Jessie Buckley,https://image.tmdb.org/t/p/original/7iUfpW6pTAwK2dkL47Y2rrNTlRs.jpg
John Magaro,https://image.tmdb.org/t/p/original/ah4Jm4Lmrgab9xdHwRId80S4REd.jpg
Jeannie Berlin,https://image.tmdb.org/t/p/original/sT1o2nVecNUgysnHV7g6KYTciXb.jpg
Annette Bening,https://image.tmdb.org/t/p/original/kGslMAWcpv8MKzODhDRDkFE0uX7.jpg
Jake Gyllenhaal,https://image.tmdb.org/t/p/original/j2Yahha9C0zN5DRaTDzYA7WtdOT.jpg
Penélope Cruz,https://image.tmdb.org/t/p/original/n5SFgmvJSENQt8poE4qYacUnKOi.jpg
Zlatko Burić,https://image.tmdb.org/t/p/original/2b9ErKvUwblnByewNMXqBtFEIzQ.jpg
Louis Cancelmi,https://image.tmdb.org/t/p/original/4MUGuoK0WbLsTt3sg2CD4OsLynZ.jpg
Mel Gibson,https://image.tmdb.org/t/p/original/jnqHMaOslt8cef2atSmOpGRvNla.jpg
Shelley Hennig,https://image.tmdb.org/t/p/original/NUoQh53siiPUEgJ4Os0zvRMgK5.jpg
Jordi Mollà,https://image.tmdb.org/t/p/original/9XsTmWLJ2qMXoUpcb105h6h5OUX.jpg
Sofia Hublitz,https://image.tmdb.org/t/p/original/A1nSqZXtKJwuQXDGrhmYa0CP0cZ.jpg
A.J. Buckley,https://image.tmdb.org/t/p/original/arGsJN4HuiNpFsRsNX81fDX1KJj.jpg
James DuMont,https://image.tmdb.org/t/p/original/8DLNFj3a4SJWdtw5daPBQm0qrOO.jpg
Rocky Myers,https://image.tmdb.org/t/p/original/eN5NK71ABZtso4QDrYFrhz2JRvZ.jpg
Scarlet Rose Stallone,https://image.tmdb.org/t/p/original/13f6FANe7TdbvjtZCbArygnDv1S.jpg
Rob Moran,https://image.tmdb.org/t/p/original/lwGI1FIdRpwvKnZlD3dKhntP4i4.jpg
Orianthi,https://image.tmdb.org/t/p/original/4MGPiMfoTOwJlKzx4nG5n1Vul11.jpg
Kenny Ortega,https://image.tmdb.org/t/p/original/cZrsOBr1tp1nNPJ5xj3uao2XQbJ.jpg
Dorian Holley,https://image.tmdb.org/t/p/original/JR3hdAHx4TE0LGyKDcTISNe3yD.jpg
Patrick Woodroffe,https://image.tmdb.org/t/p/original/sywI8Srvh7fozPwzoOFEVoFE4Lj.jpg
Awkwafina,https://image.tmdb.org/t/p/original/l5AKkg3H1QhMuXmTTmq1EyjyiRb.jpg
Viola Davis,https://image.tmdb.org/t/p/original/xDssw6vpYNRjsybvMPRE30e0dPN.jpg
Dustin Hoffman,https://image.tmdb.org/t/p/original/yxNGnTiou25c3zjppT5dW2eWAve.jpg
James Hong,https://image.tmdb.org/t/p/original/v3lfw5aHOy0paOCx6WHiSnwzbH0.jpg
Ronny Chieng,https://image.tmdb.org/t/p/original/nn1y0te102CvakOJ0rSJ7rYPLDF.jpg
Lori Tan Chinn,https://image.tmdb.org/t/p/original/i0pvjYbtcGZzVKfqknkA2eBLy1S.jpg
Kaitlyn Santa Juana,https://image.tmdb.org/t/p/original/75Tdc3wg9mklJHy5LEj8OMjcPw8.jpg
Teo Briones,https://image.tmdb.org/t/p/original/cyykbm4Xht2Pi7brr88FcmS1LPb.jpg
Rya Kihlstedt,https://image.tmdb.org/t/p/original/86ysgxNPkckt8jp715X79CdopB7.jpg
Richard Harmon,https://image.tmdb.org/t/p/original/tlWgu5Kp37C7XsgJVLmYsPKiAd6.jpg
Owen Patrick Joyner,https://image.tmdb.org/t/p/original/eTZiPEsHZmmgQKEhC8HDf28sFmY.jpg
Anna Lore,https://image.tmdb.org/t/p/original/zNurGVtAxvVGnpgyG9kvBUG4nVf.jpg
Alex Zahara,https://image.tmdb.org/t/p/original/8T6k1sBrWyLI368Mk9iyYuwpqv2.jpg
April Telek,https://image.tmdb.org/t/p/original/2D80ewwe0KVbsyXRFIVoyzKbIe.jpg
Andrew Tinpo Lee,https://image.tmdb.org/t/p/original/hod73YmXiv3ZfDCMoJwBYXPqPzZ.jpg
Tony Todd,https://image.tmdb.org/t/p/original/cNUIRoewwiLi8JxyA1J2zb1z5SN.jpg
Angourie Rice,https://image.tmdb.org/t/p/original/iHZzyhvIYW9CSsMSLnxm9FsJohL.jpg
Remy Hii,https://image.tmdb.org/t/p/original/nCXWaFzPNgkr5cwoHkmkqIsQsXJ.jpg
John Cassini,https://image.tmdb.org/t/p/original/kn2Rtn0I8ivCR7ydZTY74XUBh1K.jpg
Peter Crombie,https://image.tmdb.org/t/p/original/pMvhE1wwQo3eTSp4vwq8Hb22CwN.jpg
Reg E. Cathey,https://image.tmdb.org/t/p/original/cgyJJQUdbK4S7ihkL9hgIIwutk3.jpg
R. Lee Ermey,https://image.tmdb.org/t/p/original/aXFJlEGHlQT7bwxkKwq6Sx7PeEp.jpg
Daniel Zacapa,https://image.tmdb.org/t/p/original/85Ve9cyC2RG3cY20HHv1JrtMqdC.jpg
Andrew Kevin Walker,https://image.tmdb.org/t/p/original/t7O6bNRscxOYadGNB1EWvBaSC0d.jpg
George Christy,https://image.tmdb.org/t/p/original/8kmZnMFtItkqASxsRtsSBZbbBBl.jpg
Terrence Howard,https://image.tmdb.org/t/p/original/wXWt2NSY23v7DHe2yZQ1C8TikBp.jpg
Jeff Bridges,https://image.tmdb.org/t/p/original/xms1RAY6q7Lzp7wNeRCB0kzhucn.jpg
Leslie Bibb,https://image.tmdb.org/t/p/original/g3a1O9lOTZvrwQupUtg4Fc3CdTd.jpg
Shaun Toub,https://image.tmdb.org/t/p/original/6fuJ9D50bYuMAhrlEgVqzgqF0LU.jpg
Faran Tahir,https://image.tmdb.org/t/p/original/dMsD7h6KiZ5dM0f9MegXUOKnqb0.jpg
Bill Smitrovich,https://image.tmdb.org/t/p/original/dtLvDK5Z4PHzRj8ngtGake8YDsU.jpg
Sarah Butler,https://image.tmdb.org/t/p/original/9hMzqJcWDblvWhWvvc8T7CBI2AL.jpg
Jeff Branson,https://image.tmdb.org/t/p/original/90EYPrS0gW1mXGUtKkjBci9zmh3.jpg
Tracey Walter,https://image.tmdb.org/t/p/original/wm7XvEpYO6DoV6QnrlLLnNv1ONS.jpg
Andrew Howard,https://image.tmdb.org/t/p/original/kba1JeCUYHufjB933G5xPRhO8lV.jpg
Chad Lindberg,https://image.tmdb.org/t/p/original/sUaxwqrwYjZGtLcRH3rsyBd1L9d.jpg
Rodney Eastman,https://image.tmdb.org/t/p/original/orGHxNB2n9ZZ0QHHMohyvWiNKec.jpg
Daniel Franzese,https://image.tmdb.org/t/p/original/1eSMg903Pr8PGSdMKGrLOOJ6Zjo.jpg
Mollie Milligan,https://image.tmdb.org/t/p/original/7jBBCzw8zixhmThr3sLTa8ENwDk.jpg
Saxon Sharbino,https://image.tmdb.org/t/p/original/zHij5rGZgLmeexP0RzKsiHTswte.jpg
Ben Burtt,https://image.tmdb.org/t/p/original/7asFDWjls2bYQSfXJf5StjXmlhI.jpg
Elissa Knight,https://image.tmdb.org/t/p/original/exRLyaNaHcgawQA0DoBxo5IvdoI.jpg
Jeff Garlin,https://image.tmdb.org/t/p/original/8shJOwynglerVVxhOKbvDYTThBd.jpg
Fred Willard,https://image.tmdb.org/t/p/original/AaHxpkee9nQfBpQeDyJLoPNtYR6.jpg
Lori Alan,https://image.tmdb.org/t/p/original/cavATg4fX0zAl2MHwlt1IZei7EI.jpg
Bob Bergen,https://image.tmdb.org/t/p/original/soDD1xiV3zVQWOJzVdJwfgIqzfe.jpg
John Cygan,https://image.tmdb.org/t/p/original/sIcRLzUyeOL9ayYOUye3LFWkfuA.jpg
America Ferrera,https://image.tmdb.org/t/p/original/7q9uUWnaIjveX8DTU2lcA7mA3dp.jpg
Kate McKinnon,https://image.tmdb.org/t/p/original/2cNetzianFcxPQbyOQnkAIkKUZE.jpg
Alexandra Shipp,https://image.tmdb.org/t/p/original/hcsfWe3XeudLfHub2ioavTuC38A.jpg
Emma Mackey,https://image.tmdb.org/t/p/original/l4JOGnGOAeZr3BQvAerFyvakrU0.jpg
Hari Nef,https://image.tmdb.org/t/p/original/nNeLyxpeagY1fvbkciwp4zaat79.jpg
Sharon Rooney,https://image.tmdb.org/t/p/original/s2u8N5UkDDwpxCrtDpordyBMP8n.jpg
Tom Skerritt,https://image.tmdb.org/t/p/original/oWFCyBLm1lsbsbT5Nmx3SPMaqFZ.jpg
Veronica Cartwright,https://image.tmdb.org/t/p/original/1CiknHO8ssMM4bWPsIMMzCTVHeB.jpg
Harry Dean Stanton,https://image.tmdb.org/t/p/original/9zOTpVMwMHNjPFBNoPy9vOBT1NC.jpg
John Hurt,https://image.tmdb.org/t/p/original/bjNSzt1d7uK3q5PbtFXUJrRt4qg.jpg
Yaphet Kotto,https://image.tmdb.org/t/p/original/4egRA0hA8YJ7chTNGRbOKA3aCVI.jpg
Bolaji Badejo,https://image.tmdb.org/t/p/original/7ddxWlDIOVKBK6TjP66vb9Qp3MW.jpg
Helen Horton,https://image.tmdb.org/t/p/original/ghK0UV1cMPThtRmx5vn9dbDwRYb.jpg
Donnie Yen,https://image.tmdb.org/t/p/original/hTlhrrZMj8hZVvD17j4KyAFWBHc.jpg
Bill Skarsgård,https://image.tmdb.org/t/p/original/xBXLx1m0uzhXIbY3wN8lmPGeUHl.jpg
Lance Reddick,https://image.tmdb.org/t/p/original/22mVtEXZbpt0J7S0LhIhdkfRrZV.jpg
Rina Sawayama,https://image.tmdb.org/t/p/original/yoo4ZcHjF4G51UDBj7omUQrClYI.jpg
Pradeep Ranganathan,https://image.tmdb.org/t/p/original/yfATc50b77UwlNxz9OrokPYnwRj.jpg
Krithi Shetty,https://image.tmdb.org/t/p/original/kXwPHRs4SdrUBPpbbnuslANEc11.jpg
S. J. Suryah,https://image.tmdb.org/t/p/original/7Q8510XwxPU1193cteaFQsiq2rv.jpg
Gouri G Kishan,https://image.tmdb.org/t/p/original/mYfNk1j2yDFNcHCJ3WHHHz39QxI.jpg
Anandaraj,https://image.tmdb.org/t/p/original/gZxzckfurzV0oQOME8b1ATNoMHD.jpg
Shah Ra,https://image.tmdb.org/t/p/original/ByWszUbMQCeHym9ova9b4q21BL.jpg
Seeman,https://image.tmdb.org/t/p/original/AvWr2G6v0OZ3DL3cGF7PbWojag2.jpg
Sunil,https://image.tmdb.org/t/p/original/w92Vawfw4DcLYSLtUeFTm46KNIe.jpg
Lily Tomlin,https://image.tmdb.org/t/p/original/eoFMSqRykiaXMGCiz7Kxehfqy1W.jpg
John Mulaney,https://image.tmdb.org/t/p/original/i3dGv3WoIONVLSlOpW4NIaT8Fs2.jpg
Kimiko Glenn,https://image.tmdb.org/t/p/original/6QnVIyHKbzx0ZsUr3BmIwnZxujL.jpg
Ludwika Paleta,https://image.tmdb.org/t/p/original/dcozq8kwFH1XEu547PZ6OpJcznz.jpg
Juanpa Zurita,https://image.tmdb.org/t/p/original/kVWholhVRM5CwVO1WZ8DRIr8CQV.jpg
Harold Azuara,https://image.tmdb.org/t/p/original/jBZiH0YqASbQZ24PIxu1KGEHUED.jpg
Yuriria del Valle,https://image.tmdb.org/t/p/original/qf0YEZkYATzdIQtIxTJrLMM61ES.jpg
Moisés Arizmendi,https://image.tmdb.org/t/p/original/327RMDJerAG2y2qbXLa0UWsy1IV.jpg
Claudette Maillé,https://image.tmdb.org/t/p/original/jmERdJIsYqkFqTIh5MbtD0CRoyF.jpg
Jenny Slate,https://image.tmdb.org/t/p/original/iNpXig5Djkh5moYG4TCekIATs5B.jpg
Don Lake,https://image.tmdb.org/t/p/original/zVcMF2Jtv1W3mvzYDE3JiFfw2PG.jpg
Tommy Chong,https://image.tmdb.org/t/p/original/4jCJpbssCSGc5jhmrBMoGvWNQDf.jpg
Octavia Spencer,https://image.tmdb.org/t/p/original/zDGydyM1fmvNWzQlTAns9IZjNxT.jpg
Mari Tanaka,https://image.tmdb.org/t/p/original/uEGgQEzLsyEzM5qraNdjMcQUKM8.jpg
Ken Yoshizawa,https://image.tmdb.org/t/p/original/gUDLEBaODem7vf1Z957tHmPdcrM.jpg
Akira Takahashi,https://image.tmdb.org/t/p/original/g4xN85quoDbP31Zy4j2vDeJ75fJ.jpg
Carmen Machi,https://image.tmdb.org/t/p/original/rlyC5BuoLBUAX0M4bDY24fbT1MI.jpg
Paco León,https://image.tmdb.org/t/p/original/dZd0Z3mUgXrE0y21KknLp40Ivuk.jpg
Miren Ibarguren,https://image.tmdb.org/t/p/original/ndusbJn7YggtKhz37dIla81c72p.jpg
Mariano Peña,https://image.tmdb.org/t/p/original/5VlYij4IQggojcDQMlDfp9DnxUu.jpg
Eduardo Casanova,https://image.tmdb.org/t/p/original/r341g2BbigyTm2jCZhzk4kXubKp.jpg
Marisol Ayuso,https://image.tmdb.org/t/p/original/zHWnongjP3ZJWew6H3fzPtiTNX6.jpg
Canco Rodríguez,https://image.tmdb.org/t/p/original/elAZYFdEn6zYerF1qXCy4ynm2PS.jpg
Secun de la Rosa,https://image.tmdb.org/t/p/original/mLuBhTcgVcgiTzsiATgry40vhMa.jpg
Pepe Viyuela,https://image.tmdb.org/t/p/original/aDDn9kF809MMCIXGQ7Cl0crW7Zj.jpg
Melani Olivares,https://image.tmdb.org/t/p/original/xca7sTorEeiXCdEarH7f0eXrMai.jpg
Austin Butler,https://image.tmdb.org/t/p/original/atdAs4pFGjUQ4m2W8kJYly7N6cC.jpg
Christopher Walken,https://image.tmdb.org/t/p/original/ApgDL7nudR9T2GpjCG4vESgymO2.jpg
Léa Seydoux,https://image.tmdb.org/t/p/original/4q6xqqWLLleQrFjeqeYYV8B0fwE.jpg
Tom Kenny,https://image.tmdb.org/t/p/original/dKOxpGnRkIMaPkZSHKIns99WxQa.jpg
Rodger Bumpass,https://image.tmdb.org/t/p/original/lGQkw6adxqB6Hcm7VK8nVHbKupe.jpg
Bill Fagerbakke,https://image.tmdb.org/t/p/original/zntKKc1uT53BnIihmzbq601eWKZ.jpg
Carolyn Lawrence,https://image.tmdb.org/t/p/original/vHycxQTs8EuyFdFJNww15xXB5lT.jpg
Mr. Lawrence,https://image.tmdb.org/t/p/original/gWFgxlREzbaPPdWsQZSCdjrFozy.jpg
George López,https://image.tmdb.org/t/p/original/jeUUeE3ipY9edqdOSNI9v5maAbi.jpg
Ice Spice,https://image.tmdb.org/t/p/original/q3O02uHVOWd6Qoa5uNQmXlpLEpj.jpg
Arturo Castro,https://image.tmdb.org/t/p/original/pbLoDCfjm3fLtGHVqQcnbM2d0cu.jpg
Sherry Cola,https://image.tmdb.org/t/p/original/fO6t05iJo4gqsTkOgPO1jwF4B4t.jpg
Richard Kind,https://image.tmdb.org/t/p/original/yWmuVQeQUzb5OSMVDoWkR0IylCK.jpg
Bill Hader,https://image.tmdb.org/t/p/original/qyT50vQ9PQIEctE1IxDTEsBKstU.jpg
Mindy Kaling,https://image.tmdb.org/t/p/original/m4veWEp9TEDallTZRobb7MLkd9K.jpg
Kaitlyn Dias,https://image.tmdb.org/t/p/original/oO1srX4pLR87A7YRHayjwKKKqjp.jpg
Diane Lane,https://image.tmdb.org/t/p/original/6OfP3vFMuCL51zamFKgb8aS74hs.jpg
Kyle MacLachlan,https://image.tmdb.org/t/p/original/7gNyx8fYAUdOp2jpCEH3dyFbeV.jpg
Paula Poundstone,https://image.tmdb.org/t/p/original/jfu3LSX48WbvcJ4NXmrdI48epLJ.jpg
Chu Hui-Te,https://image.tmdb.org/t/p/original/rSL1j0oFI3PqLX7GLoPtMNP8vu8.jpg
Kao Wen-Song,https://image.tmdb.org/t/p/original/sbFl6OzvjiSysrzUxE7DRqJmrrp.jpg
Chia-bao Lan,https://image.tmdb.org/t/p/original/1s7nySl9T5sKtETqKA2tRwlWDRf.jpg
Ana de Armas,https://image.tmdb.org/t/p/original/tkBWBvcLTihUcVf6iwbMQTFqEEv.jpg
Sylvia Hoeks,https://image.tmdb.org/t/p/original/wKC9LgqgJRCXuzs1kUKaK7Uicv.jpg
Mackenzie Davis,https://image.tmdb.org/t/p/original/CEpYCoD6erYRYekmFHuQAULLD5.jpg
Carla Juri,https://image.tmdb.org/t/p/original/7Tu9PCmTyLD1wWP8PGCzZpuImre.jpg
Hiam Abbass,https://image.tmdb.org/t/p/original/hkzC5aJKTiuCchBpybaHDVngYZW.jpg
David Thewlis,https://image.tmdb.org/t/p/original/sNuYyT8ocLlQr3TdAW9CoKVbCU8.jpg
Timothy Spall,https://image.tmdb.org/t/p/original/pcR6t8kpAgGwIUo4UjlP5gyKkNA.jpg
Josh Hutcherson,https://image.tmdb.org/t/p/original/f0eosZ1Fx0VBUyspq8K2f8sUSBn.jpg
Piper Rubio,https://image.tmdb.org/t/p/original/kIg9VvVBi1H8Bl9B697f2GE9rPo.jpg
Elizabeth Lail,https://image.tmdb.org/t/p/original/lDYjEyqojUs2sF3CgdsOZ9vr2KL.jpg
Matthew Lillard,https://image.tmdb.org/t/p/original/mIEKAfe0iC41RDXibbTy48LtNOi.jpg
Freddy Carter,https://image.tmdb.org/t/p/original/u4Ibhf8LnRzfuR2IUx6ZQWdWaVv.jpg
Wayne Knight,https://image.tmdb.org/t/p/original/ecc2Detpzqu6XyCUPh0BqOBwZyO.jpg
Mckenna Grace,https://image.tmdb.org/t/p/original/sK0CVa56IIpFhCDrcXSTqPWxNbx.jpg
David Andrew Calvillo,https://image.tmdb.org/t/p/original/tn6BeTc0rvpqvZ0d19CO4pCqbHX.jpg
Olga Schoberová,https://image.tmdb.org/t/p/original/f3H2G1v96UiJ090xXA1JGDaRV5U.jpg
Brad Harris,https://image.tmdb.org/t/p/original/xk4nh1jIVToOWTBDCowpzMxouhy.jpg
Gia Sandri,https://image.tmdb.org/t/p/original/wdY1NC4acTWjffgRZR6IO7GVE20.jpg
Femi Benussi,https://image.tmdb.org/t/p/original/3U2YGjGjvto79xk5LVFtZvfqnYv.jpg
Sandro Dori,https://image.tmdb.org/t/p/original/dlxXgpAg7oN9I8HaD8SR3IRpaUe.jpg
Carla Calò,https://image.tmdb.org/t/p/original/42dXX3YcvPDqIDWXJUMuBBLkyJh.jpg
Howard Ross,https://image.tmdb.org/t/p/original/bHjanPW2tJ9nzOxj8tq6RZ7E6pN.jpg
Fortunato Arena,https://image.tmdb.org/t/p/original/3NzdwyHNAW6y3d2UnYjZmt7eYJi.jpg
Marco Tulli,https://image.tmdb.org/t/p/original/9BqqClzYeJlVFPCpNgKua5UjmrL.jpg
Julia Garner,https://image.tmdb.org/t/p/original/ud1RXbvW70J89iqeic7no8olxvb.jpg
Alden Ehrenreich,https://image.tmdb.org/t/p/original/2Ed8m1GmrElvtIQwX2K1CaAW7t5.jpg
Austin Abrams,https://image.tmdb.org/t/p/original/gG4KsGZDw3tO2R66cn9VdOo8uSu.jpg
Amy Madigan,https://image.tmdb.org/t/p/original/h2jErDWMDFFJth4Y9GiVNmwZf65.jpg
Cary Christopher,https://image.tmdb.org/t/p/original/3ATVXSp6iPM9SaKUvQhI9tfGA5M.jpg
Toby Huss,https://image.tmdb.org/t/p/original/dUqygHlDDnOBZLnE51MPJHkHWvQ.jpg
Whitmer Thomas,https://image.tmdb.org/t/p/original/ivz8rehM5WFKsUpDSULUFgPYyze.jpg
Callie Schuttera,https://image.tmdb.org/t/p/original/rStZupJY2T9bRr8Y1kg4CEgnHUX.jpg
Brian Cox,https://image.tmdb.org/t/p/original/scSjbFCTRngXlkJRoKptM5kQGw7.jpg
Diane Kruger,https://image.tmdb.org/t/p/original/o5gVowcjVw4ThYi0L3883Y4X7kH.jpg
Peter O'Toole,https://image.tmdb.org/t/p/original/cQdULVxbxK1HbgqblImXfVXkGyO.jpg
Rose Byrne,https://image.tmdb.org/t/p/original/6YauDiiTBwRGC1xnwspPmNvPWUu.jpg
Saffron Burrows,https://image.tmdb.org/t/p/original/2qMLZh9XWquBt7TZF9wmDiOtJdm.jpg
Vikram,https://image.tmdb.org/t/p/original/c171LQMyHtULZC0RmuIHiiFDOjv.jpg
Anushka Shetty,https://image.tmdb.org/t/p/original/zpe6Es8kdNOXuPdXiJvqxzsmN6z.jpg
Amala Paul,https://image.tmdb.org/t/p/original/11tTCca9pl89XaPhaE2o8UQLUVr.jpg
Santhanam,https://image.tmdb.org/t/p/original/6OoqLm0jzC1Ko6jMGdIJrVWM9nk.jpg
Y. G. Mahendran,https://image.tmdb.org/t/p/original/tx7KRyWaeP53Vq6uVacJJnGJ3wx.jpg
Pandi,https://image.tmdb.org/t/p/original/pQEF1VW9nRqFngRYfClbhSw71Sh.jpg
Rethika Srinivas,https://image.tmdb.org/t/p/original/2G4ZFfBz6lg5JOAiaBekKiFHQMJ.jpg
Adarsh Gourav,https://image.tmdb.org/t/p/original/uVFCZpGPrtmBEZ64rPXwyRnusqV.jpg
Shanaya Kapoor,https://image.tmdb.org/t/p/original/xmjhU64kkNY8snbaad7L3Wx6OT1.jpg
Parul Gulati,https://image.tmdb.org/t/p/original/dfGqZ3SHwosbfILPEs6RiSi4SSf.jpg
Amrutha Srinivasan,https://image.tmdb.org/t/p/original/8EZS7YqMnav3FerG5gC1On85SHY.jpg
Parvathy Thiruvothu,https://image.tmdb.org/t/p/original/eh1ObSspGzkA6GbrtRKPCvyFehl.jpg
Vince Vaughn,https://image.tmdb.org/t/p/original/qImHvsd7SFJh46Ujx50xUfkeMNz.jpg
Eiza González,https://image.tmdb.org/t/p/original/9kwfAiMeRUGR6cpZyY8FCuP5MSX.jpg
Jimmy Tatro,https://image.tmdb.org/t/p/original/xehT2IK65qXKSctcYChrWLE04pI.jpg
Dolph Lundgren,https://image.tmdb.org/t/p/original/fB1tOws6Gav0xE8LYlELEb82hJt.jpg
Kelsey Grammer,https://image.tmdb.org/t/p/original/5zik4VJim6YTSWDjC7tkp13wxUp.jpg
Lili Taylor,https://image.tmdb.org/t/p/original/vWcMUi3QyvCr3QuFbjtwyPx7WtU.jpg
Ron Livingston,https://image.tmdb.org/t/p/original/pr5CjWnkaf5WKTIYh8wtNufjmyb.jpg
Hayley McFarland,https://image.tmdb.org/t/p/original/mapxc0eyuNFqj9IybLmMIofhuzF.jpg
Shanley Caswell,https://image.tmdb.org/t/p/original/yySEoaskedLZKKHSAOOZ5cr7HHo.jpg
Joey King,https://image.tmdb.org/t/p/original/94c69mPYSK9jFsAEu0OKB7Qs684.jpg
Kyla Deaver,https://image.tmdb.org/t/p/original/yK2pAqrhei8N49ZOHL8u6ccaSPr.jpg
Michaela Coel,https://image.tmdb.org/t/p/original/rbN1F0R8DMUh6IYwl0owyD8LukN.jpg
Hunter Schafer,https://image.tmdb.org/t/p/original/6ZDieLlbm2m3jbYaxsHFo7cWWzJ.jpg
FKA twigs,https://image.tmdb.org/t/p/original/8bUUu7jPEY1aQgAtJXM2NyYpfgN.jpg
Sian Clifford,https://image.tmdb.org/t/p/original/rIqcwewXdkrDTMTwX56QPa7MNTC.jpg
Kaia Gerber,https://image.tmdb.org/t/p/original/wO3y1JaO32GhqTVE7AE3ABkz1o7.jpg
Alba Baptista,https://image.tmdb.org/t/p/original/gV5LYhN7BRc7xjySFek9gdm5tNA.jpg
Atheena Frizzell,https://image.tmdb.org/t/p/original/lHMiMYEXUMoemgqcuzz8t2Lhp62.jpg
Jessica Brown Findlay,https://image.tmdb.org/t/p/original/zaqkavcb9ur0W1h1QAxJfKnCJ2h.jpg
Isaura Barbé-Brown,https://image.tmdb.org/t/p/original/wJTO31JEvUP2WUOrpWFaMY6KhxF.jpg
Anjelica Huston,https://image.tmdb.org/t/p/original/6hnYeHa7Rc1w1MmQ3JsLSIb7yCX.jpg
Gabriel Byrne,https://image.tmdb.org/t/p/original/9r9oDGENg92VYYFMkV4C09IUlrb.jpg
Ava McCarthy,https://image.tmdb.org/t/p/original/9HcCr2p1ofBHPb9uuTNBAsxtj0T.jpg
Juliet Doherty,https://image.tmdb.org/t/p/original/pKZjcSanPllyEiHe3rac6OfeQ9a.jpg
Norman Reedus,https://image.tmdb.org/t/p/original/ozHPdO5jAt7ozzdZUgyRAMNPSDW.jpg
Jonah Hill,https://image.tmdb.org/t/p/original/cymlWttB83MsAGR2EkTgANtjeRH.jpg
Rob Reiner,https://image.tmdb.org/t/p/original/rcmPU3YlhHQVzZlV197qhmRsgEL.jpg
Jean Dujardin,https://image.tmdb.org/t/p/original/iPtSWWoO8vajj6fIUQLQeuGOCsk.jpg
Joanna Lumley,https://image.tmdb.org/t/p/original/omQvLqkQf9yemMroaj6MJbf37sf.jpg
Lee Hye-young,https://image.tmdb.org/t/p/original/v1Qy0fyn2Iipk51dkRAI4COhwjz.jpg
Bang Hee,https://image.tmdb.org/t/p/original/xMGyZNEAqyJbgCLGksRcHFFcynr.jpg
Park Am,https://image.tmdb.org/t/p/original/oYoSYp6x3OFHiM5NJw1r1Ak31eT.jpg
Lee Kyeong-hui,https://image.tmdb.org/t/p/original/2RWXVbgRvqyZjdp3yZ2wSHpsBOP.jpg
Clint Eastwood,https://image.tmdb.org/t/p/original/tphaDw3WOWetygIxMl5VtBtp5Xh.jpg
Eli Wallach,https://image.tmdb.org/t/p/original/egLe8r2PwbTx9ocwS1Zu2vsYC9v.jpg
Lee Van Cleef,https://image.tmdb.org/t/p/original/yQc5wjNCdRZzPp5E2wRPRYsEq9a.jpg
Aldo Giuffrè,https://image.tmdb.org/t/p/original/aT6eECl1R3YGYL4KatyIQrq0zG8.jpg
Luigi Pistilli,https://image.tmdb.org/t/p/original/bH5vmD2CMBHzJyBe0P0bL6iTUNL.jpg
Rada Rassimov,https://image.tmdb.org/t/p/original/xJhnSHn2vKp0MJ2KZaihrgqq0Mc.jpg
Enzo Petito,https://image.tmdb.org/t/p/original/6CYnAdcOg1pns5TKI8Pj6VjefT1.jpg
Claudio Scarchilli,https://image.tmdb.org/t/p/original/bOSIxQUHXkSHevhWsIp9I6j5b8d.jpg
Antonio Casale,https://image.tmdb.org/t/p/original/uAhNOD1ZA9Gh1CmCWkb4RRI1OKd.jpg
Livio Lorenzon,https://image.tmdb.org/t/p/original/AkIJIeGG2w0RIWejf6QoReu3ZhB.jpg
Martin Balsam,https://image.tmdb.org/t/p/original/2q7xs6j6vGll3pc9Mm6TUEvvwBf.jpg
John Fiedler,https://image.tmdb.org/t/p/original/27sXisLWQJQ49PD40j89miNhL73.jpg
Lee J. Cobb,https://image.tmdb.org/t/p/original/yxMxBvM0PZwu7YXQamG0kFwt9DZ.jpg
E.G. Marshall,https://image.tmdb.org/t/p/original/psimeVoRk64DV7UNm4cLQylRFy2.jpg
Jack Klugman,https://image.tmdb.org/t/p/original/oJxveOxlunD8C9OczqKeryU0k6D.jpg
Edward Binns,https://image.tmdb.org/t/p/original/s3fk0d0fwuj6bDVP9AcPUXFsGmK.jpg
Jack Warden,https://image.tmdb.org/t/p/original/hSShXiYMfRpMByaB5euZ59qCKN.jpg
Henry Fonda,https://image.tmdb.org/t/p/original/6wXWsqSXF3wCsGcwVqiszy6RX9X.jpg
Joseph Sweeney,https://image.tmdb.org/t/p/original/yUDYdj0yk9dvDAR4dKHvK9zRpDv.jpg
Ed Begley,https://image.tmdb.org/t/p/original/AuPwjGgPphtfQOShb8pTtp5W7Ft.jpg
Saika Kawakita,https://image.tmdb.org/t/p/original/entovRIStrZNue7MdU3HXVEm6S1.jpg
Emmy Raver-Lampman,https://image.tmdb.org/t/p/original/cBkHUBzqoqrnkxDXWlqQmm91pD2.jpg
Bobby Naderi,https://image.tmdb.org/t/p/original/3jfEwF7vyCTIDPPm2OFoFlEEVA0.jpg
David Witts,https://image.tmdb.org/t/p/original/kqelxzQqffd1Qcz8VKOYSpoP7p8.jpg
Michael Epp,https://image.tmdb.org/t/p/original/3Nz3sX7QISm5e6mWNvJDKUD2Qyd.jpg
Taylor James,https://image.tmdb.org/t/p/original/sMMCf0O7GcbJZoxmyWAbU6CsN6B.jpg
Phylicia Rashād,https://image.tmdb.org/t/p/original/o0sQd9JvPsxRq7BJLOeP6ASsh5Q.jpg
Jemma Redgrave,https://image.tmdb.org/t/p/original/1Lgtd9zpwwuyKqjmd5ME2lN9FUq.jpg
Tom Sizemore,https://image.tmdb.org/t/p/original/soINOuacuiThRb2LyPD4tTWve7C.jpg
Edward Burns,https://image.tmdb.org/t/p/original/pTLdPUSxDUcdmvy91LGCF3pk0AM.jpg
Adam Goldberg,https://image.tmdb.org/t/p/original/xEbqDqTWlSSCi4v8FI3S9YSEPJz.jpg
Jeremy Davies,https://image.tmdb.org/t/p/original/tNtcpQnMxzl0OqVDsyA63oAgPbI.jpg
Ted Danson,https://image.tmdb.org/t/p/original/2QUEYVhrKbOkRKeFEUnc5sJby6a.jpg
Neil Patrick Harris,https://image.tmdb.org/t/p/original/r2twLWLwDpKJ7JyhWsD1YsL7rJV.jpg
Tyler Perry,https://image.tmdb.org/t/p/original/8KU0OizemVLrERXt5HJIa0PAkIN.jpg
Carrie Coon,https://image.tmdb.org/t/p/original/vWChiHhXFjZVKC6HbACyyRFmdW4.jpg
Kim Dickens,https://image.tmdb.org/t/p/original/yr6kstI1hdLP6LXz2xyBB4ovduj.jpg
Patrick Fugit,https://image.tmdb.org/t/p/original/bsONcodcqRKV97p1Oo1jcPkEnDA.jpg
David Clennon,https://image.tmdb.org/t/p/original/jLOf8nYolcb4P8LUDOW7QK5Y9pH.jpg
Lisa Banes,https://image.tmdb.org/t/p/original/bSYs9z8Su9Ewg71XO8LdiNu2OwU.jpg
Missi Pyle,https://image.tmdb.org/t/p/original/lKMPTI0PbPv6kGQiublwHOp73Ff.jpg
Son Ye-jin,https://image.tmdb.org/t/p/original/pR3QiJKcMBG7oseZUnnU54lgU1V.jpg
Kim Nam-gil,https://image.tmdb.org/t/p/original/jTMr4gpGMXfHZUeoPyaa2Rq9ZU4.jpg
Oh Dal-su,https://image.tmdb.org/t/p/original/hd72oGjq0YKYdgZKMnqtV00MV28.jpg
Park Cheol-min,https://image.tmdb.org/t/p/original/7IZSnaNTuK2vBHJuhc0iR31iq56.jpg
Lee Kyung-young,https://image.tmdb.org/t/p/original/aDNcLCWs7KHToiXxfG7ACwvne3l.jpg
Sulli,https://image.tmdb.org/t/p/original/vvP4Swmfkz6fYTOFP2g867uyvu3.jpg
Kim Tae-woo,https://image.tmdb.org/t/p/original/wbuNQxRUdykKZgCiwchZYmPQMmJ.jpg
Lee Yi-kyung,https://image.tmdb.org/t/p/original/arIQjEhzxihRJvkOJjIksPA5EZM.jpg
Shin Jung-keun,https://image.tmdb.org/t/p/original/2zuxoRgBPNCQXDGb3wOnGaJCI4y.jpg
Ted Levine,https://image.tmdb.org/t/p/original/451KSkowLW6M2Au0wBKZZcidgGm.jpg
Elisabeth Röhm,https://image.tmdb.org/t/p/original/hIlBBZD2Rou4to1OauI799jV1UH.jpg
Diego Boneta,https://image.tmdb.org/t/p/original/hgEcC28oljaPBYi7ONMToQYMHMA.jpg
Alexandra Dowling,https://image.tmdb.org/t/p/original/r82iduLbDcvN4VvwfWtkFn6Libn.jpg
Becky Ann Baker,https://image.tmdb.org/t/p/original/84fEZMqVMlcl9EaBeCLbrYhHn0x.jpg
Christine Ebersole,https://image.tmdb.org/t/p/original/bSFrS3JtDwnzbw877Iqwf8tEmF.jpg
Gbenga Akinnagbe,https://image.tmdb.org/t/p/original/vFcVgkew7ign5utNWycKvUiBb75.jpg
Gary Grubbs,https://image.tmdb.org/t/p/original/uXJG4skJTElTQ5BJ9pkJjzfKIDv.jpg
Sandra Ellis Lafferty,https://image.tmdb.org/t/p/original/tlkmEzWjwaw6i8rBPE71yVJzhw9.jpg
Jon Abrahams,https://image.tmdb.org/t/p/original/xeCJMATz4Dko8e9yEifGGh0LW91.jpg
Lochlyn Munro,https://image.tmdb.org/t/p/original/bOJ03k0oe2R6snRgzV8M4Qtoo4O.jpg
Shannon Elizabeth,https://image.tmdb.org/t/p/original/1H99EVPLMQx3C0DKrVCiFKPpDB5.jpg
Dave Sheridan,https://image.tmdb.org/t/p/original/qJF27jpleZBQOikOuYL7rfh9CPM.jpg
Tanja Reichert,https://image.tmdb.org/t/p/original/umFRFg5mhiLuDvvqhVxfMlOWrkm.jpg
Vanessa Kirby,https://image.tmdb.org/t/p/original/tViEEsjvbhrJxWsOipUqIYjdHEb.jpg
Ebon Moss-Bachrach,https://image.tmdb.org/t/p/original/xD8GVNayMpiTZxLfahy2DseYcQq.jpg
Joseph Quinn,https://image.tmdb.org/t/p/original/zshhuioZaH8S5ZKdMcojzWi1ntl.jpg
Ralph Ineson,https://image.tmdb.org/t/p/original/sn3ONJw2pJxMHiCqPwvkaiWr5mc.jpg
Natasha Lyonne,https://image.tmdb.org/t/p/original/2QJoTBEIeYyjGSDot9qxv2ayPH3.jpg
Mark Gatiss,https://image.tmdb.org/t/p/original/rkZKKDRbnGqqg2fjd5iPYDS4syy.jpg
Robin Shou,https://image.tmdb.org/t/p/original/cnL8HqBowYu9ssTkShDfEmxTgdZ.jpg
Talisa Soto,https://image.tmdb.org/t/p/original/tpEGbGgASne8m1iHzncuxdSLIkX.jpg
James Remar,https://image.tmdb.org/t/p/original/56LwfMaMge2LmWYI46O6R2Wm0YX.jpg
Brian Thompson,https://image.tmdb.org/t/p/original/qooSjBMA1P85JhBpHlwmmisGroO.jpg
Sandra Hess,https://image.tmdb.org/t/p/original/qqXxOm6UzrjxQ4yQ9jhApHw8ZXD.jpg
Lynn 'Red' Williams,https://image.tmdb.org/t/p/original/gXhZfx3F98V8QX5WqWlSnHIKe9l.jpg
Irina Pantaeva,https://image.tmdb.org/t/p/original/uZiajwCHfKXhnLXPT9Bb2vg4GX6.jpg
Reiner Schöne,https://image.tmdb.org/t/p/original/2vuOaIvN6mxwcoc4HbxlloX53Ta.jpg
Musetta Vander,https://image.tmdb.org/t/p/original/7dW6Zjh81x0Ibb3THwdtX4XXuMg.jpg
Marjean Holden,https://image.tmdb.org/t/p/original/psdSq3GOF0pxYu9K8IJD8JfI5q6.jpg
Gurnam Bhullar,https://image.tmdb.org/t/p/original/slxhaH3dWoRue6HYTX4atEu0APy.jpg
Isha Malviya,https://image.tmdb.org/t/p/original/qWIAhyXvXuS9rWsphKZAdj5y3Nv.jpg
Rana Ranbir,https://image.tmdb.org/t/p/original/nrU97rU67R5U7Vmh114JczX1Klt.jpg
Mintu Kapa,https://image.tmdb.org/t/p/original/tOwgE34MTeBEXkaoWhFJBxGQRL8.jpg
Kim Min-hee,https://image.tmdb.org/t/p/original/zZ41nW0GJqesHB75hFP6qllPS9y.jpg
Kim Tae-ri,https://image.tmdb.org/t/p/original/gFofVUeVlIvBJMUv7maHQwWdfsk.jpg
Ha Jung-woo,https://image.tmdb.org/t/p/original/9KINm0XIwbt4Qql4oZX55krzKxg.jpg
Cho Jin-woong,https://image.tmdb.org/t/p/original/r3o7eKsqVCQu0ppIY88d16VLCsj.jpg
Kim Hae-sook,https://image.tmdb.org/t/p/original/dt5bmKeG7qbvDwHrxFZFxiGc9fZ.jpg
Moon So-ri,https://image.tmdb.org/t/p/original/iXfIsmrzohNAAf2gyPCE06rJM1N.jpg
Lee Yong-nyeo,https://image.tmdb.org/t/p/original/jS6PtHgyd6GNepvboyLrtnR8qZp.jpg
Kwak Eun-jin,https://image.tmdb.org/t/p/original/tYbmsI4Wzt2fv5PWSZJg1SjkC2t.jpg
Lee Dong-hwi,https://image.tmdb.org/t/p/original/dqGCVaJ5yuGgKTPUEqCJNk8Nzbs.jpg
Jo Eun-hyung,https://image.tmdb.org/t/p/original/k72sQ6tq60e8vk2R8sFTe1fHV1H.jpg
John Goodman,https://image.tmdb.org/t/p/original/yyYqoyKHO7hE1zpgEV2XlqYWcNV.jpg
Billy Crystal,https://image.tmdb.org/t/p/original/jfcCceTnP7rrHz1pSjCxiqRosw3.jpg
Mary Gibbs,https://image.tmdb.org/t/p/original/nqYOXIaf8ztfacrludRtS1Bytzz.jpg
James Coburn,https://image.tmdb.org/t/p/original/9GApjInyrVvjnTAr652C1aViPqZ.jpg
Jennifer Tilly,https://image.tmdb.org/t/p/original/9vYoYF385cVq9oDO3pDpXihP4vz.jpg
Bob Peterson,https://image.tmdb.org/t/p/original/dJe3nTCIToebjj1WHFHP7LmZKyk.jpg
Frank Oz,https://image.tmdb.org/t/p/original/NmtYrntP8gElfulb4KaEYjbOha.jpg
Daniel Gerson,https://image.tmdb.org/t/p/original/amOuK3ytWV7KXeWrpl9joCglRlF.jpg
Kali Reis,https://image.tmdb.org/t/p/original/ruLDXHnKA4aHEQCcFGDAJ7bLTdt.jpg
Kylie Rogers,https://image.tmdb.org/t/p/original/9c9CPWTT8a2GXMab8vuSxCJ0CcW.jpg
Chris Sullivan,https://image.tmdb.org/t/p/original/gKZ9xSFrDzUPv27iAkMpH6Qf0Sk.jpg
Jeff Pierre,https://image.tmdb.org/t/p/original/mKaKc7dviX6q0d7EJpzyHgtdBC7.jpg
Annabelle Wallis,https://image.tmdb.org/t/p/original/b6PltW1e18BdmRz3nKZ7ID9uZ24.jpg
Rafi Gavron,https://image.tmdb.org/t/p/original/avCWoO9fLwEhbT6cvu0TJcSj49g.jpg
Kenneth Choi,https://image.tmdb.org/t/p/original/3606Uo4fiUtV9Y6eOwpM48qpSgJ.jpg
Jamie McBride,https://image.tmdb.org/t/p/original/3rQFX5gCPj0x0lQlMcP0z02ML0y.jpg
Li Sitong,https://image.tmdb.org/t/p/original/qd0SkKAE8qXFjoB9FuxnmXFIZy4.jpg
Wang Yantong,https://image.tmdb.org/t/p/original/keTfNQWbrxxUwcfNJhqOzKUj6Sj.jpg
Wu Shaoqing,https://image.tmdb.org/t/p/original/wQPDmCZo3Kt16gus2Jx33xs6DKC.jpg
Zheng Runqi,https://image.tmdb.org/t/p/original/2mRR7nbdvg1t7JEsB293p9cZOdC.jpg
Wang Xiaohui,https://image.tmdb.org/t/p/original/pJ2HLxSAwpXT4l16U6nybnhUBDS.jpg
Zhao Shuguang,https://image.tmdb.org/t/p/original/ypOq0Z7I9yI3Jxw626HvWEQ7zqA.jpg
Li Deru,https://image.tmdb.org/t/p/original/5bYeqEGqDsku7xXERn573FODx21.jpg
Usha Seamkhum,https://image.tmdb.org/t/p/original/dJjJeB3lY3lHqtliLyXFwLvCOwR.jpg
Rebecca Hall,https://image.tmdb.org/t/p/original/u1Q7HF01llNzx0yx0A8g2W0Xj9L.jpg
Stephanie Szostak,https://image.tmdb.org/t/p/original/ejqFLxGCQ2CTRr63P4qgqVTpAFP.jpg
Paul Bettany,https://image.tmdb.org/t/p/original/vcAVrAOZrpqmi37qjFdztRAv1u9.jpg
Jenn Rosa,https://image.tmdb.org/t/p/original/f2EItX0kOXJjDzZFZSFmGOVS8HB.jpg
Aica Veloso,https://image.tmdb.org/t/p/original/bL1Kd7IkesWnSPviN6waja99X7J.jpg
Cariz Manzano,https://image.tmdb.org/t/p/original/RaMgVj09Qm7cr1l3V4BYbOSKSZ.jpg
JD Aguas,https://image.tmdb.org/t/p/original/sjZFtChwvFmzYHbkcOo8kz3yfCP.jpg
Ralph Engle,https://image.tmdb.org/t/p/original/xHnaYDypbAWEYxyRUpcB5yxmRCv.jpg
Ghion Layug,https://image.tmdb.org/t/p/original/s3FMVqDXZ7lbEXDXh6HWBN0VEUy.jpg
Aina Ashley Roque,https://image.tmdb.org/t/p/original/uIjtxbtiVncGbdhSmnMPtjn9UPA.jpg
Antonio Banderas,https://image.tmdb.org/t/p/original/fce7zl6elUzsv7wudHFc7RgFtjD.jpg
Salma Hayek Pinault,https://image.tmdb.org/t/p/original/1qfYF7NGRObmeKR7IVXUFVIC0CN.jpg
Harvey Guillén,https://image.tmdb.org/t/p/original/yiNBonobPwqMVweB02JWufzp2l9.jpg
Wagner Moura,https://image.tmdb.org/t/p/original/53IbAed4t1dOWxY3iygbRYZBBnm.jpg
Olivia Colman,https://image.tmdb.org/t/p/original/4kceB4JYBcFTdzVhfq3cDnExcGa.jpg
Ray Winstone,https://image.tmdb.org/t/p/original/eSRgAC98u5hQroeZzDeRf60XE21.jpg
Samson Kayo,https://image.tmdb.org/t/p/original/jyGT8cgl6MEANOpRKoHgXaC1yp6.jpg
Da'Vine Joy Randolph,https://image.tmdb.org/t/p/original/7RuYeGxTwFRt2q8fkT8nuEz1nIC.jpg
Maika Monroe,https://image.tmdb.org/t/p/original/x4yiKkMnCdf8g4eOrDoqla9FYEA.jpg
Tyriq Withers,https://image.tmdb.org/t/p/original/ilDZHfT8mlXWlvLCaWDhL0OlLSh.jpg
Rudy Pankow,https://image.tmdb.org/t/p/original/204FlvdJL9mLRkJP1tuJpg01Ml8.jpg
Bradley Whitford,https://image.tmdb.org/t/p/original/oeDv2qZWTxELLaNtOIoeG72leNY.jpg
Lauren Graham,https://image.tmdb.org/t/p/original/3leQVZnthAZwngH7HAD6T7qfsVu.jpg
Zoe Kosovic,https://image.tmdb.org/t/p/original/txYng7NF0ypn9RwYuj424RPNFAn.jpg
Nicholas Duvernay,https://image.tmdb.org/t/p/original/kJQt4ZiGVbfVrVJQgrPLRYh8vqQ.jpg
Jennifer Robertson,https://image.tmdb.org/t/p/original/poEzn35CILuG3dtCRrTocU2TC2d.jpg
Lainey Wilson,https://image.tmdb.org/t/p/original/5bFkESPlURPG76bHTI6XmHyXKTa.jpg
Ram Charan,https://image.tmdb.org/t/p/original/twGqYUCR0Yh33j3TcgRTZRBRhTd.jpg
Janhvi Kapoor,https://image.tmdb.org/t/p/original/gzTtKYASxhUUF5DqxqrWW3IT9GC.jpg
Shiva Rajkumar,https://image.tmdb.org/t/p/original/aOQ6tjRLjMReW8Pig9PjJaudl5b.jpg
Jagapati Babu,https://image.tmdb.org/t/p/original/bm72k6FmDxhxtZsl1xvxoz88Hkm.jpg
Divyendu Sharma,https://image.tmdb.org/t/p/original/rGlCCQtOBiNJULfB5w0FXgPPKw0.jpg
Rajatabha Dutta,https://image.tmdb.org/t/p/original/8ukhcXEule4DROSsd4MtXaVoQnt.jpg
Dayanand Reddy,https://image.tmdb.org/t/p/original/8rP0hqbamgqPCVkjMhbXtydAYI4.jpg
Upendra Limaye,https://image.tmdb.org/t/p/original/vFELR5TiBfc6LkLvI5kC5lpEnHv.jpg
Bradley Cooper,https://image.tmdb.org/t/p/original/sQq0nft6YZmJ7EMQwPcbaxym3AL.jpg
Ed Helms,https://image.tmdb.org/t/p/original/gPZ8tZaNQGAc3KZRIPp9rgGbEnN.jpg
Zach Galifianakis,https://image.tmdb.org/t/p/original/c2RKFiezoJfVlgWebO6mdU8fLbM.jpg
Justin Bartha,https://image.tmdb.org/t/p/original/AalKjN8nR8RZ8g6ZdWV2smnQq4d.jpg
Sasha Barrese,https://image.tmdb.org/t/p/original/4SGcSiC46h86mdChDj0taF5eHSl.jpg
Jeffrey Tambor,https://image.tmdb.org/t/p/original/e4IkxsEo5O4oUWrIpXlEhWa6lqB.jpg
Rachael Harris,https://image.tmdb.org/t/p/original/opgx6hYjg8OhrNjOBHJfzcfEVZa.jpg
Mike Tyson,https://image.tmdb.org/t/p/original/7eI1WK9985q8XiUgg3rDjOwa3MR.jpg
James Spader,https://image.tmdb.org/t/p/original/uET0mbf2bMkUXbRb1Oxi8Qjqcw3.jpg
Scott Adsit,https://image.tmdb.org/t/p/original/hhFWlYAasLldXD1fvzwmmzo9X43.jpg
Ryan Potter,https://image.tmdb.org/t/p/original/3Hdip1zNYrea3V7uzJQYxTps5Ne.jpg
Daniel Henney,https://image.tmdb.org/t/p/original/elAolohpUG5nS99EZxHZjd44DsS.jpg
T.J. Miller,https://image.tmdb.org/t/p/original/rRrVvBxOkyYM5XdLXimShHR1Itn.jpg
Jamie Chung,https://image.tmdb.org/t/p/original/5KS919slWvKwK2fcE3jpkEodlxs.jpg
Genesis Rodriguez,https://image.tmdb.org/t/p/original/gUI9KADVjfHiI8nMc87hkeaWEF3.jpg
Maya Rudolph,https://image.tmdb.org/t/p/original/bpEVMFMyHEQ8wLdii9WKB279w8p.jpg
William H. Macy,https://image.tmdb.org/t/p/original/hdVEGSrP8qWlJnt0v5vSVcGOjy7.jpg
Lee Pace,https://image.tmdb.org/t/p/original/eeTc0d2AX1vFYVxZ6Qw7qZpg4Tz.jpg
Michael Cera,https://image.tmdb.org/t/p/original/lFKyW2C7xj7X4nWpOEbVIDGOKrH.jpg
Emilia Jones,https://image.tmdb.org/t/p/original/xHzb3lgOAwTl2NoGtc3mmY0u8ii.jpg
Daniel Ezra,https://image.tmdb.org/t/p/original/43AIgx8PEABQKkK08OCJ9239OK6.jpg
Sean Hayes,https://image.tmdb.org/t/p/original/31TI5l5QvcZHN4fh0NpejZyJtP.jpg
Katy O'Brian,https://image.tmdb.org/t/p/original/b7i6dQrHhCYu4Z9bgaXO5U2hrgP.jpg
Madelaine Petsch,https://image.tmdb.org/t/p/original/mfZo30YgMx7vhAUajM8OG6I6VM8.jpg
Richard Brake,https://image.tmdb.org/t/p/original/JwsiErANShzPSdYsNoiNYdrSg1.jpg
Ema Horvath,https://image.tmdb.org/t/p/original/4YindT5cKhekpAilc6q0scQeUQx.jpg
Gabriel Basso,https://image.tmdb.org/t/p/original/6jHYQf6Y37BEouavp03WWpWpFyR.jpg
Pedro Leandro,https://image.tmdb.org/t/p/original/2mqNYfAKoazh2cWwPmSKLUuqzuV.jpg
Rachel Shenton,https://image.tmdb.org/t/p/original/oCStwXsSGTDwO8md00tzwAviyBk.jpg
George Young,https://image.tmdb.org/t/p/original/dDTtlhWEnqIvBoOljmX2Hoi8IO4.jpg
Kyle Breitkopf,https://image.tmdb.org/t/p/original/zAxDr9wdkLYPD3sVnW5Y9gZVgA4.jpg
Finn Cofell,https://image.tmdb.org/t/p/original/nzbhVDO6clR5B43S7Eui4fyJXqQ.jpg
Stevee Davies,https://image.tmdb.org/t/p/original/3Wck1WgvZzU8WmTRHMdY6pU5Vpp.jpg
Mario Ermito,https://image.tmdb.org/t/p/original/9HlLY9yECyYwCIaMxdaJQ5RH4FL.jpg
Celia Freijeiro,https://image.tmdb.org/t/p/original/l32Ys5nQptZLJFRtlVJXKbK704U.jpg
David Solans,https://image.tmdb.org/t/p/original/j0aKkDMqevgdXGZB8ciu9KMqE0K.jpg
Alba Ribas,https://image.tmdb.org/t/p/original/zfASs4kqXPL7CmRWmqjJovwjfsu.jpg
Joel Bosqued,https://image.tmdb.org/t/p/original/pTCPqrbf9dtHUf4be3TANv6hRSL.jpg
Paco Tous,https://image.tmdb.org/t/p/original/uDGKTKKv9v2JRutCZJjKwpJVKOs.jpg
Michael J. Fox,https://image.tmdb.org/t/p/original/2JB4FMgQmnhbBlQ4SxWFN9EIVDi.jpg
Christopher Lloyd,https://image.tmdb.org/t/p/original/nxVjpyb3UrfbPZnEyDNlQVlFAs5.jpg
Crispin Glover,https://image.tmdb.org/t/p/original/imBnLpSXvg61qDDdEfvL6R4ITKt.jpg
Lea Thompson,https://image.tmdb.org/t/p/original/vsi9xdehaMWMoPKyq1qKxqN9Zz4.jpg
Claudia Wells,https://image.tmdb.org/t/p/original/2VOsPvoV2vmEUd1O2KjW3kcN8JD.jpg
Thomas F. Wilson,https://image.tmdb.org/t/p/original/b5pr7ZizBHbWRp5tC7wjs2zIxc9.jpg
Marc McClure,https://image.tmdb.org/t/p/original/qOOd1C4rj8GbnXi8YKldwbHpa8z.jpg
Wendie Jo Sperber,https://image.tmdb.org/t/p/original/dufqiCvSBQUxuHmMXcH6U8fZG4k.jpg
George DiCenzo,https://image.tmdb.org/t/p/original/8L9fr5601BbUs3UzoCEELnxEKVm.jpg
Frances Lee McCain,https://image.tmdb.org/t/p/original/8KL73kRxsLDdrXPuMfiPET1EqH6.jpg
François Cluzet,https://image.tmdb.org/t/p/original/4ioxRGRJdSjItLxAQ2pp7byWkd3.jpg
Omar Sy,https://image.tmdb.org/t/p/original/ftoP3CMC4ob8VJAu1gEHSC714K5.jpg
Anne Le Ny,https://image.tmdb.org/t/p/original/aBNMt6uTYj7JhSwDsXi3UMDAlNA.jpg
Audrey Fleurot,https://image.tmdb.org/t/p/original/83wsYI6oRWrtkcKr7ozobh1VWrm.jpg
Joséphine de Meaux,https://image.tmdb.org/t/p/original/kpkTzxQTcVhaANLEtqX5TKZ9Njr.jpg
Clotilde Mollet,https://image.tmdb.org/t/p/original/2eR1tpq9zEger1JdANUpehzaSa3.jpg
Alba Gaïa Bellugi,https://image.tmdb.org/t/p/original/et8xwRWwvrVmDkjLP2ggABcyLy1.jpg
Cyril Mendy,https://image.tmdb.org/t/p/original/9yLrfKP5h4RKCyUKtKvuez9sfgM.jpg
Salimata Kamate,https://image.tmdb.org/t/p/original/3opCuVDzaArRYo8RYZ2tDAwYqdf.jpg
Absa Diatou Toure,https://image.tmdb.org/t/p/original/rFFyQTOJnQtrPJVbeXI1kX1zWkf.jpg
Sam Claflin,https://image.tmdb.org/t/p/original/e5CU4tjCNZFfm7ITmZfzjZse2Bb.jpg
Àstrid Bergès-Frisbey,https://image.tmdb.org/t/p/original/2mcTwrg61M7beQv05YQFPLWADmc.jpg
Keith Richards,https://image.tmdb.org/t/p/original/hzb2tyMA2sa2AgEYXSmr63w8BFQ.jpg
Will Smith,https://image.tmdb.org/t/p/original/8TlKqbXYgHmmaEoPBJ7djJ8Rxxa.jpg
Jaden Smith,https://image.tmdb.org/t/p/original/aXCn1kRjs4sZS55xSrdmjbht7SM.jpg
Brian Howe,https://image.tmdb.org/t/p/original/6JpzCLWbKG6Hp44r09ro0ZkJDSH.jpg
James Karen,https://image.tmdb.org/t/p/original/kW947hrR36DTHcm9mxes5nWkgVX.jpg
Dan Castellaneta,https://image.tmdb.org/t/p/original/AmeqWhP4A46AWkM4kVphg6jOTQX.jpg
Kurt Fuller,https://image.tmdb.org/t/p/original/kV02XLACLFd1YYQdSOgqy6lFmQ3.jpg
Takayo Fischer,https://image.tmdb.org/t/p/original/xP8pWrxEOzRTzQzJTTAG4We0KxE.jpg
Kevin West,https://image.tmdb.org/t/p/original/yUPnUbIRrezzx5cOXSTLJliPHlJ.jpg
George Cheung,https://image.tmdb.org/t/p/original/kUXxjH3tyxbiiTqDcqoXbuTTFGM.jpg
Dan Stevens,https://image.tmdb.org/t/p/original/fFsgginZKH527o38ZfdDxuzx7Ew.jpg
Kaylee Hottle,https://image.tmdb.org/t/p/original/xpQQZgptOUI6duMMBDyCiaJ4JUv.jpg
Alex Ferns,https://image.tmdb.org/t/p/original/3V3L7MJGURXU6lVaqai80zFT4Wa.jpg
Fala Chen,https://image.tmdb.org/t/p/original/nsucfzPlPHeYVXhIS2b8ZtKr4wJ.jpg
Ron Smyck,https://image.tmdb.org/t/p/original/a1KEvCRpoeWbmDM13C9qCGtopkD.jpg
Chantelle Jamieson,https://image.tmdb.org/t/p/original/dQMkUVkCcKFKVPjZRuSHPwuTK8N.jpg
Greg Hatton,https://image.tmdb.org/t/p/original/j0jioHCWjJJEr41Vr2vHgRRtEMx.jpg
Michelle Yeoh,https://image.tmdb.org/t/p/original/i6fHvGt7Rb8oVyjjdQVV6vEHB94.jpg
Tallie Medel,https://image.tmdb.org/t/p/original/8IiG5GcOfYr9tz2uC9DyFTgm8uZ.jpg
Harry Shum Jr.,https://image.tmdb.org/t/p/original/xFQsThmdyuOk9jt3zgZL08ixf2b.jpg
Biff Wiff,https://image.tmdb.org/t/p/original/hfXXxpwugRUHX4sxEP7njAnYXTy.jpg
Sunita Mani,https://image.tmdb.org/t/p/original/xQo4rkMEphSAt8F9D1OyWv0GBLx.jpg
Stefanie Scott,https://image.tmdb.org/t/p/original/mBRaixP8IVGGo3pPXXDHErZP6wt.jpg
Joely Fisher,https://image.tmdb.org/t/p/original/aHJxw4cbpoxvi7LNbnuA1c6jPPO.jpg
Braxton Bjerken,https://image.tmdb.org/t/p/original/21vO66zI6tMv1EmFY0sWpHv6dMs.jpg
Emily Topper,https://image.tmdb.org/t/p/original/tb37vPbLBFW0Fyo0dr7eRNuTuGz.jpg
Jake Nuttall,https://image.tmdb.org/t/p/original/wzyf056J8NLIUiQeQuCJ8sCl9rs.jpg
Liam Pileggi,https://image.tmdb.org/t/p/original/tWaC5n41PXwObUAkS4iWlegUMzp.jpg
Leo Woodall,https://image.tmdb.org/t/p/original/aurLg09FobKlhY3fNLg2xyiNBaZ.jpg
Havana Rose Liu,https://image.tmdb.org/t/p/original/lqdialbfdj5l4KYMSlL4aausMaV.jpg
Lior Raz,https://image.tmdb.org/t/p/original/bl3KLFUQ4Q0zC9lCU4qP1Jf4qHS.jpg
Tovah Feldshuh,https://image.tmdb.org/t/p/original/c0VOkTP88UneW37YOBebtBhMHYF.jpg
Jean Reno,https://image.tmdb.org/t/p/original/mw0EZJYz3kiFq9fNxsML773gotF.jpg
Jonnie Park,https://image.tmdb.org/t/p/original/lcIPg223TayLkrDvaizIOwSADQY.jpg
Jean Yoon,https://image.tmdb.org/t/p/original/ce8sXtsy7HNGWG0xqSo4QTaghjM.jpg
C.S. Lee,https://image.tmdb.org/t/p/original/cjqzZKv7iCDk2o5Wp2TlhxuQi52.jpg
Gil Cohen,https://image.tmdb.org/t/p/original/lHZi4fChatE5ul54xaAAWppQ8sR.jpg
Chieko Baisho,https://image.tmdb.org/t/p/original/b8ANR4WfdUZtoU4ktlnMFzbq759.jpg
Takuya Kimura,https://image.tmdb.org/t/p/original/sswCg8kvFsgSaVJwcIKKe4K7jOe.jpg
Akihiro Miwa,https://image.tmdb.org/t/p/original/z0G2wYBMxBHOREe99Hd5zmq9EVI.jpg
Mitsunori Isaki,https://image.tmdb.org/t/p/original/qg7TOjxWW2UMvUJglQ7fyLlE3gI.jpg
Akio Otsuka,https://image.tmdb.org/t/p/original/uH9oiqOOgrsz2zNnouVZ1qPzDyb.jpg
Daijirō Harada,https://image.tmdb.org/t/p/original/i1r0vuDmUgz7LgqR1qXkP0vO9MH.jpg
Haruko Katō,https://image.tmdb.org/t/p/original/WyeP5PbPEDeQI83Mq1NYwB87mk.jpg
Laura Linney,https://image.tmdb.org/t/p/original/yIopIq7l7eIvjoQqnZJkpdQEvds.jpg
Noah Emmerich,https://image.tmdb.org/t/p/original/qwPPHYWJ3a9yRwFXicbbHsf60Nm.jpg
Natascha McElhone,https://image.tmdb.org/t/p/original/sc1kLBI1jK7MicTYammnFs5JYrS.jpg
Holland Taylor,https://image.tmdb.org/t/p/original/jt9yFB3nLfZQ0c1DcnvvcfA11gB.jpg
Ed Harris,https://image.tmdb.org/t/p/original/kUbUA70WPiosPT4kBJMWtGk0ASd.jpg
Paul Giamatti,https://image.tmdb.org/t/p/original/wbrVVJRr5TwhDZuvijBgOorzcAb.jpg
Brian Delate,https://image.tmdb.org/t/p/original/rydDYe4VHjZsJZPWOus4KGkhroG.jpg
Peter Krause,https://image.tmdb.org/t/p/original/4p42emuJrU8fFxbBuOhYFFdzmN6.jpg
Blair Slater,https://image.tmdb.org/t/p/original/oB59kmZNfez3Nm3biShW2L1ntJq.jpg
Parmish Verma,https://image.tmdb.org/t/p/original/bY9F4nbWvJI22jiwvyo7FdtemZ6.jpg
Sonal Chauhan,https://image.tmdb.org/t/p/original/a6AXLhQ75gA2Z0BjHXPOfTifMlP.jpg
Yograj Singh,https://image.tmdb.org/t/p/original/AqYCK8VDWGDg2d87Qgm8RuwtVXJ.jpg
Manav Vij,https://image.tmdb.org/t/p/original/qBGYyDNhHB8Gt2gKQUs0VdsWutJ.jpg
Dakssh Ajit Singh,https://image.tmdb.org/t/p/original/xUW6cJRjyfttSmxITqEg1x954a9.jpg
Mahabir Bhullar,https://image.tmdb.org/t/p/original/oLqAyaImBLOIRY4cZLgRCrDmOee.jpg
Aiysha Hart,https://image.tmdb.org/t/p/original/ilIvkFvqgyDrlKpJwNcDpAITeNd.jpg
Sami Bouajila,https://image.tmdb.org/t/p/original/xq8TMMCA4RI2omGxbPtLVsBMWX8.jpg
Sharlto Copley,https://image.tmdb.org/t/p/original/em89OJJvBRX7kNJJPASmNKQujsC.jpg
Ghassan Massoud,https://image.tmdb.org/t/p/original/d02DsjfBcbZctPCUrRxS0vWbpk7.jpg
Lamis Ammar,https://image.tmdb.org/t/p/original/qNWpwJOXepQaoIDs1zLly0caRJi.jpg
Ramsey Faragallah,https://image.tmdb.org/t/p/original/lxjwDvvfenkjUI1n8qwO13QmhEv.jpg
Saïd Boumazoughe,https://image.tmdb.org/t/p/original/5aOxePnZD6X1rMYXueN7aKUl7u9.jpg
Younes Bouab,https://image.tmdb.org/t/p/original/vlZtenkbtcUB6nt6qyfRjYRzshR.jpg
Chynna Rae Shurts,https://image.tmdb.org/t/p/original/grxwhkVW9wux9VhLjNYAWdU5YPP.jpg
Erik Skybak,https://image.tmdb.org/t/p/original/yZ1mnUq3RFlPj1xrlD79oENyKi1.jpg
Tim Coyle,https://image.tmdb.org/t/p/original/mInwXIaMgkQ1va8dgAiTI6s4lQw.jpg
Joaquin Phoenix,https://image.tmdb.org/t/p/original/u38k3hQBDwNX0VA22aQceDp9Iyv.jpg
Oliver Reed,https://image.tmdb.org/t/p/original/dWfotc1X71wNCGyPO9hXpv8U9Gw.jpg
Derek Jacobi,https://image.tmdb.org/t/p/original/yHENzHZSVpnNrqsoATuDSMiQflf.jpg
Djimon Hounsou,https://image.tmdb.org/t/p/original/tpvtxxvCx2Mb5DV632hmuYlHoiY.jpg
David Schofield,https://image.tmdb.org/t/p/original/2Dlxu9pqbjKA0dbfy4yMUFjiqeW.jpg
John Shrapnel,https://image.tmdb.org/t/p/original/A4Wmltbkz3sz79GcBkLeTqwfkvE.jpg
Tomas Arana,https://image.tmdb.org/t/p/original/qMuQWxUQ2sXDiN2d9EDVT5VXHo2.jpg
Seth MacFarlane,https://image.tmdb.org/t/p/original/8oQJqM51Z0Qtdb7sE6ZfX1peNCB.jpg
Jessica Barth,https://image.tmdb.org/t/p/original/vQBxmLtlGqT8CuOnBwtzIWdwnNH.jpg
Sam J. Jones,https://image.tmdb.org/t/p/original/x2xX7Az0nlAD5C2WEnnr2ZNj1np.jpg
Michael Dorn,https://image.tmdb.org/t/p/original/6mVjb0YsidC0gW9P8mXMkQirfcK.jpg
Lesley Ann Warren,https://image.tmdb.org/t/p/original/keo0DKSTITmDJIeQ91tHQZ0lh2k.jpg
Stephen McHattie,https://image.tmdb.org/t/p/original/zqOwiEDXYM9AKQgHGJGeIp7QkPh.jpg
Patrick Bauchau,https://image.tmdb.org/t/p/original/kdrFAJJFdfQaYUETTHQw77gim9O.jpg
Jessica Tuck,https://image.tmdb.org/t/p/original/lXpxXSuLtOxSTOLZ6KKqdE8XnK1.jpg
Osgood Perkins,https://image.tmdb.org/t/p/original/sshAqrQ2DV2TUsgBAr1XaYqqxkm.jpg
Amy Locane,https://image.tmdb.org/t/p/original/kzbLeGmII0LIiJ1efSwFr7D9zwh.jpg
Mary Joy,https://image.tmdb.org/t/p/original/4w1kTAWkbyRwNabOwyJAk6wO6fA.jpg
Lou Romano,https://image.tmdb.org/t/p/original/1qOuqRzlp5BghzTkYSN3MsaEXgF.jpg
Brian Dennehy,https://image.tmdb.org/t/p/original/cg7CwS1vMJXCzZ0FUm4RbrjAJ2t.jpg
Peter Sohn,https://image.tmdb.org/t/p/original/8cQGViF2lXlcsAIvFUMWboXYXIu.jpg
Brad Garrett,https://image.tmdb.org/t/p/original/813ffbpoaoaJRdoe1yrbivboWKp.jpg
Janeane Garofalo,https://image.tmdb.org/t/p/original/cdNooT0otUf5QVHDPm9bkGN7gNu.jpg
Will Arnett,https://image.tmdb.org/t/p/original/cXupYqk2ERP13XBkw816skYdVDO.jpg
Julius Callahan,https://image.tmdb.org/t/p/original/ggEnMBpO6K77TgGiXYVQA32ksQ6.jpg
Peggy Lu,https://image.tmdb.org/t/p/original/ng5eaDcOf9kSwIYGNmwF9wEfIHp.jpg
Clark Backo,https://image.tmdb.org/t/p/original/d24KKFxfoql6PBsBPsejFgzhSlH.jpg
Alanna Ubach,https://image.tmdb.org/t/p/original/p2sIpgftEIkhPrrpgu8wW8XEpDg.jpg
Cristo Fernández,https://image.tmdb.org/t/p/original/irx5BVVLSQWY9m5NrhqyxPekwIY.jpg
Jared Abrahamson,https://image.tmdb.org/t/p/original/3hShByAdCj1Qom9mXeeqJL9zu8d.jpg
Rusty Joiner,https://image.tmdb.org/t/p/original/aBKbYXtmPYZJ89z1h91TpnzXyfW.jpg
Lucy Loken,https://image.tmdb.org/t/p/original/pqWT1XcgALfTpbSjPQt8UE335F6.jpg
Laura Bilgeri,https://image.tmdb.org/t/p/original/AjcHvbF6NkzjxH3zxK7OgDFZ3uT.jpg
Jana Lee Hamblin,https://image.tmdb.org/t/p/original/deOY9RUPBHPJhcNxWHwfqK7Xb2J.jpg
Alexandria DeBerry,https://image.tmdb.org/t/p/original/ts7SJoaHRYDeST8EfteBQ8UugBj.jpg
Bruno Rose,https://image.tmdb.org/t/p/original/5a47N43XejI8hVCX5SSljkOOBaa.jpg
Lestonja Diaz,https://image.tmdb.org/t/p/original/1NoBzZNILnXj9BOilxteY6r5jlK.jpg
David Ditmore,https://image.tmdb.org/t/p/original/pN3OhI6rnCUnOSdDrvV1AZzgEFv.jpg
Dakota Bruton,https://image.tmdb.org/t/p/original/ivpP6d6DVzox0NHcGZyng6egvvH.jpg
Vin Morreale Jr,https://image.tmdb.org/t/p/original/7VTQy35V4OJoe8K41Q3fqQiqy9C.jpg
Kaya Scodelario,https://image.tmdb.org/t/p/original/uVp7VarM5GX08hfCEGt63OM5c5c.jpg
Thomas Brodie-Sangster,https://image.tmdb.org/t/p/original/tapXeOg3wnezcjm2ENox0lL2b25.jpg
Ki Hong Lee,https://image.tmdb.org/t/p/original/Ws4cNaHHX4tNddh7mw4zIBZyPb.jpg
Will Poulter,https://image.tmdb.org/t/p/original/9blYMaj79VGC6BHTLmJp3V5S8r3.jpg
Aml Ameen,https://image.tmdb.org/t/p/original/46V5p1lIsWu1A1nCiJAFJ5dOiPq.jpg
Patricia Clarkson,https://image.tmdb.org/t/p/original/rHHM9G83fpBAcFathbSyV4Tot5j.jpg
Blake Cooper,https://image.tmdb.org/t/p/original/mFGnJZk83mOEF7duAi4uiaCcYvw.jpg
Dexter Darden,https://image.tmdb.org/t/p/original/4Io5JOdl17GtCaXt0ZBv0p6IEEk.jpg
Jacob Latimore,https://image.tmdb.org/t/p/original/8bdhpFXGJpXYsOB6Jn8o85VJItz.jpg
Arnold Schwarzenegger,https://image.tmdb.org/t/p/original/2marNcjIfCUE5Z2HyrcEiJHPbsA.jpg
Michael Biehn,https://image.tmdb.org/t/p/original/9oFLsADWQm2TvU8XzLIzBbjdMkU.jpg
Linda Hamilton,https://image.tmdb.org/t/p/original/7FNn9Z5xkRS9EFbGL2tpmpph9xV.jpg
Paul Winfield,https://image.tmdb.org/t/p/original/6NLUJEFJCJ2Hog1ZOz4K2iyDvMZ.jpg
Lance Henriksen,https://image.tmdb.org/t/p/original/1PkFmD5HdjmRa2DumtwINnnAjTH.jpg
Rick Rossovich,https://image.tmdb.org/t/p/original/uShNdPWbDHMejpMxuoNsqaaDbuc.jpg
Bess Motta,https://image.tmdb.org/t/p/original/Aw3UWQm1XzCuObNugFBAYzyJCb1.jpg
Earl Boen,https://image.tmdb.org/t/p/original/nRAlyqkAA84gCTDwjFR77avdfHK.jpg
Dick Miller,https://image.tmdb.org/t/p/original/zyQXh8BkLg0DDo23pxJN2dy6Bqj.jpg
Shawn Schepps,https://image.tmdb.org/t/p/original/sNvRc8siK8nO5lzaXsylvQeNvc9.jpg
Warwick Davis,https://image.tmdb.org/t/p/original/vUwjgAYcBEcCv0OVAN00qUUXX3V.jpg
Ciarán Hinds,https://image.tmdb.org/t/p/original/d8wLIX9VYgwXRGSp1gmUdUxmApv.jpg
Matthew Lewis,https://image.tmdb.org/t/p/original/aPQCLK2gxWOallsFoEwjb1p9lWE.jpg
Denzel Washington,https://image.tmdb.org/t/p/original/jj2Gcobpopokal0YstuCQW0ldJ4.jpg
Chloë Grace Moretz,https://image.tmdb.org/t/p/original/yq4rYmaTRC5degaOYmJQFpaiho1.jpg
Haley Bennett,https://image.tmdb.org/t/p/original/c2UpS5JRooWADFVkK8JpDfUewJH.jpg
Bill Pullman,https://image.tmdb.org/t/p/original/AlLhgmcX5zh3frPT82OSPY9gqXO.jpg
David Meunier,https://image.tmdb.org/t/p/original/8gLRTQxeTUVtgGGb302f80peoMq.jpg
Johnny Skourtis,https://image.tmdb.org/t/p/original/4TjXylYMTEUbAqavF6cuP3QhnBb.jpg
Alex Veadov,https://image.tmdb.org/t/p/original/bpJKpwpYSgnSkjAA5SX50Wwr0Qa.jpg
Albert Brooks,https://image.tmdb.org/t/p/original/8iDSGu5l93N7benjf6b3AysBore.jpg
Ellen DeGeneres,https://image.tmdb.org/t/p/original/z8IEEid4z63CBlJtxrTKEfsW7NA.jpg
Alexander Gould,https://image.tmdb.org/t/p/original/zzfj8LHhSiRntnyThvOBirEEmII.jpg
Allison Janney,https://image.tmdb.org/t/p/original/hpBKWV1jjoXQbr1s0iUZTSvw582.jpg
Austin Pendleton,https://image.tmdb.org/t/p/original/nrXfqtXDDYzSFNLPQnfLkus4I7s.jpg
Vicki Lewis,https://image.tmdb.org/t/p/original/dwTjtleLh1uu8n9AvUCv0n3mi2R.jpg
Brandon Engman,https://image.tmdb.org/t/p/original/9PhXVdDPb5NTEvD5dbFfTJnssQw.jpg
Brian Stivale,https://image.tmdb.org/t/p/original/ggNQronrHaUZnFZeolK0SGfW38V.jpg
Shahar Taboch,https://image.tmdb.org/t/p/original/hpuiheYJrOU4HYczWgCJNeBPWlZ.jpg
Miri Mesika,https://image.tmdb.org/t/p/original/v9tqyqIfG6V9Ezix0Bienpco9B5.jpg
Sloan Lucas Muldown,https://image.tmdb.org/t/p/original/4eQoD8TdgDB1UbCRwiyLw2nyYYg.jpg
Fan Bingbing,https://image.tmdb.org/t/p/original/pV2wYJiiPd6cgHK580PKD0GM4Dc.jpg
Elaine Jin Yan-Ling,https://image.tmdb.org/t/p/original/i5CCFBhgntuaDSjbMdDYyzbO5jK.jpg
Tong Dawei,https://image.tmdb.org/t/p/original/rU2KjybHgkoeNeuLwoh5dYn6E2M.jpg
Chloe Maayan,https://image.tmdb.org/t/p/original/pWqis5tAvGtZexuObCNWzO5AKd3.jpg
Bao Zhenjiang,https://image.tmdb.org/t/p/original/kn7sxIqUUHTkf3LQwZ9JgiIK7Vl.jpg
Fang Li,https://image.tmdb.org/t/p/original/fonju6gAYd24h0vAtCDF1feIAjW.jpg
Dong Li-Fan,https://image.tmdb.org/t/p/original/kWfHuXC8y3i35p5cefVJDWHkNHl.jpg
Phoebe Dynevor,https://image.tmdb.org/t/p/original/cviluUTn94TaPy9rlVSkHpgGxRR.jpg
Whitney Peak,https://image.tmdb.org/t/p/original/nDJQufvXG9ojYV1dQi51TnG9h6K.jpg
Alyla Browne,https://image.tmdb.org/t/p/original/h9qYvAqEZS6HTQhE8zLA0q3u52n.jpg
Stacy Clausen,https://image.tmdb.org/t/p/original/2lJGolkOjsE7ElRX4GiD2HfKt1H.jpg
Dante Ubaldi,https://image.tmdb.org/t/p/original/tIWrOHT6lekRq43cFuaWCGOhaiB.jpg
Matt Nable,https://image.tmdb.org/t/p/original/yI7D2pwoWlNKClPym5lKCVEevEe.jpg
Andrew Lees,https://image.tmdb.org/t/p/original/jHbq7Zw4Yd1zKmhwmBfX62AojjV.jpg
Sami Afuni,https://image.tmdb.org/t/p/original/4ze6JEcAEPKWKxl23V5XZQ4bjEz.jpg
Tyler Coppin,https://image.tmdb.org/t/p/original/2SIrr9mHJgPymqpSAVeUWysplCT.jpg
Rocci Williams,https://image.tmdb.org/t/p/original/e5GWh54fUmbupb5DKsSNU5axEx2.jpg
Jeffrey Donovan,https://image.tmdb.org/t/p/original/wlDXfXpu6Uz32LUmbFzU8QPDoQH.jpg
Andy Garcia,https://image.tmdb.org/t/p/original/9EivXoBlczZcFBet96WOoFbDsfF.jpg
Deobia Oparei,https://image.tmdb.org/t/p/original/kcw8vNMlYgK8peuN80zhX6TqeNk.jpg
Raúl Castillo,https://image.tmdb.org/t/p/original/wyxl5HtyjeJRXkE89LtsItQhPHN.jpg
Sydney Agudong,https://image.tmdb.org/t/p/original/3K5hJ3meeClHWsPKetqd9qgyveJ.jpg
Chris Sanders,https://image.tmdb.org/t/p/original/6CtrIOCxggJ5eIAWeFQqd4Hs9FP.jpg
Billy Magnussen,https://image.tmdb.org/t/p/original/ugyx7Wn2uAWsNlR5eX4yWFsGV2Y.jpg
Courtney B. Vance,https://image.tmdb.org/t/p/original/6ci3wf6oecjz875QRwryOsapW0Y.jpg
Amy Hill,https://image.tmdb.org/t/p/original/x5vR2MXZiWGHkppRXlXYj7y7611.jpg
Tia Carrere,https://image.tmdb.org/t/p/original/oAIyl8U6bMvID8gJKskeKmLB1cA.jpg
Kaipo Dudoit,https://image.tmdb.org/t/p/original/5U20b5I3gTKAK5nN3VeWxlXDu6W.jpg
Hannah Waddingham,https://image.tmdb.org/t/p/original/eHAICyhvjiRZCgzKyJCk9hWnnjr.jpg
David Denman,https://image.tmdb.org/t/p/original/4I06ZD8SQ6pU1QYShiUXb711fJW.jpg
Roger Dale Floyd,https://image.tmdb.org/t/p/original/qys24ezlOgRom93mq0Gk1vRY5uf.jpg
Scott Glenn,https://image.tmdb.org/t/p/original/8DHORod2l6ZFS9KR0gNAAM3WZfI.jpg
Andrew Bachelor,https://image.tmdb.org/t/p/original/dReXjimiVOydELw2ASQwRcStkbo.jpg
Merrin Dungey,https://image.tmdb.org/t/p/original/7MZ69k1UwOd1FEQJyiNx9dANu0a.jpg
Gary Weeks,https://image.tmdb.org/t/p/original/n4taftpteF6qUTeYRDkdGPHC58.jpg
Bene Dion Rajagukguk,https://image.tmdb.org/t/p/original/vnocfgBJCAUFViiiGOV2VObU6rZ.jpg
Oki Rengga,https://image.tmdb.org/t/p/original/q5PUYJnN572SH8KnfU3zyyTXngp.jpg
Indra Jegel,https://image.tmdb.org/t/p/original/7jRuZsXENvsh8nXPPw0F7bpVRTF.jpg
Boris Bokir,https://image.tmdb.org/t/p/original/suo3hQ0RhWDKvuQPq8tmrzrcmv0.jpg
Tissa Biani,https://image.tmdb.org/t/p/original/lCVPm2NSK8mIjGE0pCVLE87oGLj.jpg
Boah Sartika,https://image.tmdb.org/t/p/original/zQusiZdshBupjJjMMCBLkkZYnmx.jpg
Priska Baru Segu,https://image.tmdb.org/t/p/original/auT6gdwEMlIdmYiGgwwaiDvc2.jpg
Gita Bhebhita,https://image.tmdb.org/t/p/original/oH2Lp3WgwmdLDQNySUUhxEW46gZ.jpg
Ariyo Wahab,https://image.tmdb.org/t/p/original/nTgFLjcOTS11tQr5W8CnAzoN09X.jpg
Tika Panggabean,https://image.tmdb.org/t/p/original/afZOBUf2UAjrvpA0DgWCGwkVDy0.jpg
Sean Penn,https://image.tmdb.org/t/p/original/9glqNTVpFpdN1nFklKaHPUyCwR6.jpg
Chase Infiniti,https://image.tmdb.org/t/p/original/6tO5t5anIb7D1Nwr6TQjAXMog5N.jpg
Benicio del Toro,https://image.tmdb.org/t/p/original/aYomJWx0B2B8ra6Rmgt8lr0XCrw.jpg
Wood Harris,https://image.tmdb.org/t/p/original/v3puIl2KncqUd6amDyD1Y0crzkF.jpg
Tony Goldwyn,https://image.tmdb.org/t/p/original/A3hXimbzDtFxQ1PXNo8gG7RZeN4.jpg
D.W. Moffett,https://image.tmdb.org/t/p/original/7lcIxTqarAgkdLiNlc7Ad57vcP1.jpg
Paul Grimstad,https://image.tmdb.org/t/p/original/maPuaFdSLnz3br46Ar2GptK4okK.jpg
Angelina Jolie,https://image.tmdb.org/t/p/original/bXNxIKcJ5cNNW8QFrBPWcfTSu9x.jpg
David Cross,https://image.tmdb.org/t/p/original/aYsbAtUu5oWk1p8RY31k3w5Emul.jpg
Randall Duk Kim,https://image.tmdb.org/t/p/original/31T1gSUP67F2qPI3x6uLJn3Sat7.jpg
Dan Fogler,https://image.tmdb.org/t/p/original/zJWbLEjfbDthBMucq9M6L4GJXL3.jpg
Dan Aykroyd,https://image.tmdb.org/t/p/original/iVMmeVJx8IpCEjlGBZWzIWvX5Qo.jpg
Ralph Bellamy,https://image.tmdb.org/t/p/original/yIB5fGE79hEOwUsC4AN3SXrqpDS.jpg
Don Ameche,https://image.tmdb.org/t/p/original/p2Q0LE3SECDvb5W2yAvvfRtzIyo.jpg
Denholm Elliott,https://image.tmdb.org/t/p/original/qqgkT4QMMUbiFztfcUVLPYRXAxD.jpg
Paul Gleason,https://image.tmdb.org/t/p/original/a7PJofFcVpDxw2wAak1d56J7L4k.jpg
Jim Belushi,https://image.tmdb.org/t/p/original/wIvFYH110ER7ukwR0qryQJJDQYH.jpg
Kristin Holby,https://image.tmdb.org/t/p/original/mKAawXYcJS3E1FomiN7UuOKQdZZ.jpg
Aliya Raymundo,https://image.tmdb.org/t/p/original/qSZGqJscT4cPO7g4lqzYjGYc3Or.jpg
VR Relosa,https://image.tmdb.org/t/p/original/mbsIqmnrrBsAUb0y4ZHfV7zTfMm.jpg
Chester Grecia,https://image.tmdb.org/t/p/original/4wICQfl1RbrL6C0HhTtW9Yic8kE.jpg
Johan Widerberg,https://image.tmdb.org/t/p/original/vzD8l02LjcF3AleiUNhtogOvHE9.jpg
Marika Lagercrantz,https://image.tmdb.org/t/p/original/ya50fGUyUD1PfCopwgwr79O1O9w.jpg
Tomas von Brömssen,https://image.tmdb.org/t/p/original/zVK1ZgXG80VKVJmG6b2yYqvmZXF.jpg
Nina Gunke,https://image.tmdb.org/t/p/original/nl3zvEeExyZRK1oDkp4J3J1XBCi.jpg
Kenneth Milldoff,https://image.tmdb.org/t/p/original/4MPK3Atvzh6Judck8oKRXiiVJMV.jpg
Björn Kjellman,https://image.tmdb.org/t/p/original/iNzZuWG303K8Z9Ils7Linp0CeUU.jpg
Monica Stenbeck,https://image.tmdb.org/t/p/original/tbnDlK5Nl4UFf4mY1kTvzy3opPM.jpg
Henry Cavill,https://image.tmdb.org/t/p/original/kN3A5oLgtKYAxa9lAkpsIGYKYVo.jpg
Carlos Bardem,https://image.tmdb.org/t/p/original/4eVSnaYe4O06BNZjuw8UHnWaqB5.jpg
Michael Vu,https://image.tmdb.org/t/p/original/rHtIIqQvViPHovSJkDzDegBU6nb.jpg
Fisher Stevens,https://image.tmdb.org/t/p/original/wWC6wbLV56RJGtyytMmmGvi054t.jpg
Mohammed Al Turki,https://image.tmdb.org/t/p/original/u9tO2CaUajPbkErAvZCAUYrORkc.jpg
Kojo Attah,https://image.tmdb.org/t/p/original/xtE8Nd5sVskymf3haYUWixFwv4g.jpg
Jason Wong,https://image.tmdb.org/t/p/original/tt3D1PAoB8Yf4jPCovnhlP4pvL3.jpg
Michael Shannon,https://image.tmdb.org/t/p/original/6mMczfjM8CiS1WuBOgo5Xom1TcR.jpg
Mark O'Brien,https://image.tmdb.org/t/p/original/8ckgltvlife4BBJcBpHEQWXfQ9p.jpg
Colin Hanks,https://image.tmdb.org/t/p/original/zi7f3V39eyEeSaxvYAq8zaXMjok.jpg
Wrenn Schmidt,https://image.tmdb.org/t/p/original/4zi3u7pbYWk1HapRlw0Db5t1Lb9.jpg
Andreas Pietschmann,https://image.tmdb.org/t/p/original/72Srjd11dwvovxe1tyUKU0ml04u.jpg
Sunny Deol,https://image.tmdb.org/t/p/original/w9RenJriQVys2k5fa9ojkXpYMwO.jpg
Varun Dhawan,https://image.tmdb.org/t/p/original/gvvXYTpvO0Tu7naCDLL3tInyN2R.jpg
Diljit Dosanjh,https://image.tmdb.org/t/p/original/xB57LAMYa1q3CaS0TZjgf4d2OaS.jpg
Ahan Shetty,https://image.tmdb.org/t/p/original/obZtTEPF38U7LVUVSLrIx4zUthv.jpg
Mona Singh,https://image.tmdb.org/t/p/original/fBl5KYnlKY8HDUqlTs64xbDZtU8.jpg
Sonam Bajwa,https://image.tmdb.org/t/p/original/8mZZwu4GJfYJHGHrtgluVn8XXhS.jpg
Anya Singh,https://image.tmdb.org/t/p/original/epszHS7QSn7FjcCv4z2sWR1KBb0.jpg
Medha Rana,https://image.tmdb.org/t/p/original/h4KLmNU2xdg33aH0NfDjOV2qqbC.jpg
Paramvir Singh Cheema,https://image.tmdb.org/t/p/original/s22Tv1fgJUJlngZtDc3hfjJ2rcg.jpg
Guneet Sandhu,https://image.tmdb.org/t/p/original/brIjkbiTQOUKw0Zg4GOv0rIR793.jpg
Andrew Garfield,https://image.tmdb.org/t/p/original/beO5YvbTjrr5yy8hW26KVDMSr35.jpg
Emma Stone,https://image.tmdb.org/t/p/original/cZ8a3QvAnj2cgcgVL6g4XaqPzpL.jpg
Denis Leary,https://image.tmdb.org/t/p/original/tAOziVWQBnrW9eR442M6g9SQkmA.jpg
Martin Sheen,https://image.tmdb.org/t/p/original/m2Y3Q0uyuW6htrn2W9UWCWMkpZu.jpg
Irrfan Khan,https://image.tmdb.org/t/p/original/qkA9PpWJRw3rNjVkWfNZdwLvRZx.jpg
Campbell Scott,https://image.tmdb.org/t/p/original/lJCxZpQru76zBeuZGxc0Gm5Pm9y.jpg
Chris Zylka,https://image.tmdb.org/t/p/original/8ctswPqjqNpDPxW792xnHEZnWwA.jpg
Estelle Harris,https://image.tmdb.org/t/p/original/8L9umRwdjVs9CysJW24hhm2wNZ2.jpg
Blake Clark,https://image.tmdb.org/t/p/original/pA4OZQPyATEX9AqZYUIOItQ447o.jpg
Jeff Pidgeon,https://image.tmdb.org/t/p/original/t8LV9Y6s1qwQQNSRfo6GWEExffd.jpg
Ned Beatty,https://image.tmdb.org/t/p/original/rUNNq9CYLkyOwnyGd8QA0LzhmJf.jpg
Anthony Gonzalez,https://image.tmdb.org/t/p/original/WF7bn6t0LkxwBWyDMWvomVujn7.jpg
Gael García Bernal,https://image.tmdb.org/t/p/original/7uEO29wtdyY9bjt2JN43gVpE6vt.jpg
Renée Victor,https://image.tmdb.org/t/p/original/wAVDqwFhQsRQgO6VIYq6T9Wbbx8.jpg
Jaime Camil,https://image.tmdb.org/t/p/original/njvdXEGN3bSSXpsyVnyKQTXdf1V.jpg
Alfonso Arau,https://image.tmdb.org/t/p/original/5ishPim5akWXSnMbwOWSc3KxDx8.jpg
Herbert Siguenza,https://image.tmdb.org/t/p/original/aVLX3sRMZp1qIfqCRHgjjy2NfGI.jpg
Gabriel Iglesias,https://image.tmdb.org/t/p/original/8Bjy3RZ5TfNs3oUOUpxTv84G01f.jpg
Lombardo Boyar,https://image.tmdb.org/t/p/original/wwWs0u2QDz1XOakR05C0BYJCfM1.jpg
Ben Zook,https://image.tmdb.org/t/p/original/nw6ydKzxl1vKwXayZEfnQrn0QA6.jpg
Rick Copp,https://image.tmdb.org/t/p/original/vnDmKEQVHH4dAe8sg1u2HMawNta.jpg
Joe Dietl,https://image.tmdb.org/t/p/original/etMYFj2ftATXumeNkvk59wEsOmm.jpg
Ian Parks,https://image.tmdb.org/t/p/original/aHw3AxGD5C5spS2kuJafWHUqBCo.jpg
Scott Beauchemin,https://image.tmdb.org/t/p/original/BUwvfJmlMtu5Cj6tFyt6qmeO4h.jpg
Karamo Brown,https://image.tmdb.org/t/p/original/zcXVnd1HLtw2UIFJcRSC21fDb71.jpg
Kevin Chamberlin,https://image.tmdb.org/t/p/original/gvnPT9OFA8c1LxuIri7T4TWhrQe.jpg
Margaret Cho,https://image.tmdb.org/t/p/original/rcPafSweZ9jdUaFucw96kS2KM4q.jpg
Wasabi Mizuta,https://image.tmdb.org/t/p/original/sJ4kytbg2XiERgch3k2k82FXK2B.jpg
Megumi Oohara,https://image.tmdb.org/t/p/original/zelZQmq65MaiSeDIiqEpZOINIxd.jpg
Yumi Kakazu,https://image.tmdb.org/t/p/original/sVIBofobg32jmGmL0gjEDVsJdaz.jpg
Tomokazu Seki,https://image.tmdb.org/t/p/original/jGQC9KkfNMh2wBgizw81GLX2KN2.jpg
Shoya Chiba,https://image.tmdb.org/t/p/original/pF2urY77wuCYd9Fxh7dTirFYKSF.jpg
Ryo Hirohashi,https://image.tmdb.org/t/p/original/6CIsUKnB9DLjjMdbcPch3kmuf85.jpg
Narilya Gulmongkolpech,https://image.tmdb.org/t/p/original/eBa4fndcdfVcI4dNXi7ZFwMSXHL.jpg
James Laver,https://image.tmdb.org/t/p/original/wh1rXCGgkKCMkGwUXogkdt6Kuzw.jpg
Yasaka Chaisorn,https://image.tmdb.org/t/p/original/4trP7QqmzLLEJuxlpPTLDGO54H0.jpg
Daung,https://image.tmdb.org/t/p/original/1kQsSCSkBkZE9X7pQfD1oDZHIo5.jpg
Ohmi Ryota,https://image.tmdb.org/t/p/original/qhoCoHDzgO3Xb4ZJpcTjw7tC7P2.jpg
Keerati Sivakua,https://image.tmdb.org/t/p/original/q0Cgbeheq2OVjYP2UJAVzkQlG8j.jpg
Sawanee Utoomma,https://image.tmdb.org/t/p/original/vfr0G13M34r56brKpQ6eJxdp6RZ.jpg
Mila Kunis,https://image.tmdb.org/t/p/original/cJAHQWX9hVadDFx5WTSBIW0VjvP.jpg
Matt Walsh,https://image.tmdb.org/t/p/original/fp1JsNbZyhJ3PHpwZJVDYRz1RGF.jpg
Aedin Mincks,https://image.tmdb.org/t/p/original/81WMQalNlb0LFYCdeLaNamorHhW.jpg
Scottie Thompson,https://image.tmdb.org/t/p/original/fx7b87WwORTZxzq8qWvPZS78phg.jpg
Chris Mullinax,https://image.tmdb.org/t/p/original/9BILCPkrZDuhLATdMhzVWKRe3yJ.jpg
Michael Sirow,https://image.tmdb.org/t/p/original/nhUJDr8d3RHQdz7aIVW5Jc2t3RD.jpg
Johnny Yong Bosch,https://image.tmdb.org/t/p/original/a0JtdXCVw8HIkWNq2rqlWs1A8CR.jpg
Maurice Compte,https://image.tmdb.org/t/p/original/9PFInf2I0kqjAU0CmZhdDWmHfwT.jpg
Natalie Canerday,https://image.tmdb.org/t/p/original/o1oaQCQknPps42QNsnFs9E0Jjrm.jpg
Hector Melgoza,https://image.tmdb.org/t/p/original/nDZ31jLZGdqiYh5p1Qxqw7zGUc0.jpg
Zo In-sung,https://image.tmdb.org/t/p/original/69gbyFI0ET0l0dyjKChlx1Zx269.jpg
Park Jeong-min,https://image.tmdb.org/t/p/original/o0IKTRpUgNILXzWtskyMJM1NG4j.jpg
Park Hae-joon,https://image.tmdb.org/t/p/original/heNKjLHWCQXXfkDB1Hb2nhuhDCf.jpg
Shin Sae-kyeong,https://image.tmdb.org/t/p/original/Ai0GlT4ZqRDIJ1gO1fnrJOl9fTu.jpg
Robert Maaser,https://image.tmdb.org/t/p/original/ngaXyP5DZJhYURVCwhFlkoo7yUT.jpg
Jung Yoo-jin,https://image.tmdb.org/t/p/original/iiY8UUU93EjutlfRrTZTPm566d6.jpg
Lee Shin-ki,https://image.tmdb.org/t/p/original/7enUunjkXqs6nhVE06nnBuYobUM.jpg
Kang Ha-kyung,https://image.tmdb.org/t/p/original/nFHW4I2IX5F0ycHXE3qD2SWgTwe.jpg
Adam Sandler,https://image.tmdb.org/t/p/original/iTMnXrPfC1rmom6a9q4hy6YSJWG.jpg
Kevin James,https://image.tmdb.org/t/p/original/3WPW5duZyQcjveefxwLULgIyhM0.jpg
Chris Rock,https://image.tmdb.org/t/p/original/5lILFeBvX3sC0EfbHhrvMEc7bPD.jpg
David Spade,https://image.tmdb.org/t/p/original/vKU8JKKjluUrEIGHTvitdZBtZBc.jpg
Rob Schneider,https://image.tmdb.org/t/p/original/kVHNFDOGDrC3LjDyYf5RaCd6auK.jpg
Maria Bello,https://image.tmdb.org/t/p/original/it1f5mxiGIWO0DzTBfwtLTjphZb.jpg
Joyce Van Patten,https://image.tmdb.org/t/p/original/vbt3LzgBiQ7UhL5tDwn1wV4ndBd.jpg
Ebony Jo-Ann,https://image.tmdb.org/t/p/original/vHiSk4Gl6H30AtBa0gCXDn1j1kK.jpg
Nate Bargatze,https://image.tmdb.org/t/p/original/60KdELrwXRuNAKJveTaZIpHyDUU.jpg
Mandy Moore,https://image.tmdb.org/t/p/original/2n0rqUGojRNEHrmtPeCEptHREEY.jpg
Colin Jost,https://image.tmdb.org/t/p/original/cuNRnDX02digyoqYVyFGkwd78fn.jpg
Zach Cherry,https://image.tmdb.org/t/p/original/fT3Wv8ef0Vn0daHWAObCp2Bd4Y.jpg
Martin Herlihy,https://image.tmdb.org/t/p/original/3SxAueQPPc27P7zJoUmj0QMYdOK.jpg
Kumail Nanjiani,https://image.tmdb.org/t/p/original/nUIuTKmB855tdWKTNaHrdiLNuyg.jpg
Will Forte,https://image.tmdb.org/t/p/original/4VEzbkL3HwHTUZAPA5PyypFG2U.jpg
Stella Grace Fitzgerald,https://image.tmdb.org/t/p/original/xiSvi4zwTIUlSFm34ovk3JJBqYO.jpg
Birdie Borria,https://image.tmdb.org/t/p/original/1e8iouPs7g0kXuvWoSu6S4nqdIo.jpg
Charlotte Ann Tucker,https://image.tmdb.org/t/p/original/56fIr7bqvuJsZkhoG8nBoo40TzK.jpg
Ethan Hawke,https://image.tmdb.org/t/p/original/oojD9jSshvUT4t6AUySsBxoekHk.jpg
Madeleine McGraw,https://image.tmdb.org/t/p/original/6pCrbeTe4evCfn08sOeukWs6xg9.jpg
Demián Bichir,https://image.tmdb.org/t/p/original/dur9tX8tbDDJE5mSOZkuW2VDGz4.jpg
Miguel Mora,https://image.tmdb.org/t/p/original/yVjtjXQ4WWlN8XiDYsHKdwcBRXU.jpg
Maev Beaty,https://image.tmdb.org/t/p/original/xu1NcOTmT3gNPgjcIu1UJxLaNPD.jpg
Graham Abbey,https://image.tmdb.org/t/p/original/6xLpD2Ap69mphaqCKPirRLNPf1l.jpg
James Ransone,https://image.tmdb.org/t/p/original/n1O0RnxKPfxvVJUh13Gr0pPGlvd.jpg
Thomas Haden Church,https://image.tmdb.org/t/p/original/74NK9HCYvNafMggSp1PAK5Nwkpe.jpg
Bryce Dallas Howard,https://image.tmdb.org/t/p/original/6yhDkPXythZavS6Wk57XQ2sg5AW.jpg
Dylan Baker,https://image.tmdb.org/t/p/original/4mw6xj8Aj3ixjjeUj9pZdZPTbvz.jpg
Kelly Macdonald,https://image.tmdb.org/t/p/original/k0yVocTnTMWlNdaeOO7YRViCdhO.jpg
Billy Connolly,https://image.tmdb.org/t/p/original/imqsEA1EPet7OvHx80VfTYfFcWf.jpg
Julie Walters,https://image.tmdb.org/t/p/original/bCTkV2OUgzbJdQEoCk3GesE4DXq.jpg
Kevin McKidd,https://image.tmdb.org/t/p/original/KtmEKOSehmQ35JfGjEjpqlypbP.jpg
Craig Ferguson,https://image.tmdb.org/t/p/original/mBxNrOxdQeM7bVBveE47Syj9ES6.jpg
Peigi Barker,https://image.tmdb.org/t/p/original/xwlTiTmOTvyhRYjAeYHOdxMgeZQ.jpg
Steve Purcell,https://image.tmdb.org/t/p/original/8wdCJVDq7v4g5N9Qkv8D87B3Xne.jpg
Patrick Doyle,https://image.tmdb.org/t/p/original/w7ZWMi75p0a6ElIbZw9mfkmjGPs.jpg
Erin Brown,https://image.tmdb.org/t/p/original/z8Qd49pOtTPp0LVhmxpCOIdSxXp.jpg
Julian Wells,https://image.tmdb.org/t/p/original/cRhenBXTbW2BfAd3A5l7CptBNXF.jpg
Darian Caine,https://image.tmdb.org/t/p/original/taiz3wHjWV1UN1tnUyOsV0dZId0.jpg
Shelby Taylor,https://image.tmdb.org/t/p/original/caEtejICDilxJ2xXOGjigJkFQqT.jpg
John Link,https://image.tmdb.org/t/p/original/hlOx9Ty5NSgU39GS4BrHElweMwt.jpg
Felix Kammerer,https://image.tmdb.org/t/p/original/T12faHW0QXunSZbv6YNmDWG7bC.jpg
David Bradley,https://image.tmdb.org/t/p/original/znpkwHitb3pcaJbUmgDqG0YenYp.jpg
Lars Mikkelsen,https://image.tmdb.org/t/p/original/xw3bJxjf8yT8TS8zigEGWQYSaXH.jpg
Christian Convery,https://image.tmdb.org/t/p/original/tOR2tSrvHPVDltE4jBDEva3GNqY.jpg
Nikolaj Lie Kaas,https://image.tmdb.org/t/p/original/aU7YfSyQxxOwiNyXuaW0YRgpYyg.jpg
Ewan McGregor,https://image.tmdb.org/t/p/original/q2UDxfwWnmXTB7khOUF3J9puBVP.jpg
William Fichtner,https://image.tmdb.org/t/p/original/wWtJOoaNAwPparpzMNuRBjvxwEf.jpg
Sam Shepard,https://image.tmdb.org/t/p/original/mVR3Le1rSGIbQmld3Ve42RVFcyI.jpg
Ewen Bremner,https://image.tmdb.org/t/p/original/u80rtfJRqCg4qKcdEPmYv8IkCvu.jpg
Jorma Tommila,https://image.tmdb.org/t/p/original/ll9ZZR4kMnHS8FU2yHx76bnm0P.jpg
Tommi Korpela,https://image.tmdb.org/t/p/original/8RdCWktYZl0xF7SLZdRUKAoV7Ta.jpg
Kaspar Velberg,https://image.tmdb.org/t/p/original/mYlQdQWoNdk7QdrqNqATNA7ZOWH.jpg
Pääru Oja,https://image.tmdb.org/t/p/original/yKNm7jeaOSCGqv5Dc5lnrtzSrAC.jpg
Erki Laur,https://image.tmdb.org/t/p/original/aa4wbEfwdGor9FROMcjg7RdOmZ5.jpg
Maksim Demidov,https://image.tmdb.org/t/p/original/cboHDTpWyJxTtT4pQjHjYGc3xWr.jpg
Mart Nurk,https://image.tmdb.org/t/p/original/pATjfadiK5aKHjO2kF4ae2HfvJP.jpg
Riho Rosberg,https://image.tmdb.org/t/p/original/1ET5xzXa0wu15mUmDAN7T2Q8O0k.jpg
Cynthia Erivo,https://image.tmdb.org/t/p/original/gIAXqZwZCBqkh2ppfAV4xcnMxki.jpg
Ariana Grande,https://image.tmdb.org/t/p/original/cPMOJAlc8LX1CH2pch3vewLd6zt.jpg
Ethan Slater,https://image.tmdb.org/t/p/original/xIgqyrM78FPt7Pb2Vv3IvJcnOWS.jpg
Marissa Bode,https://image.tmdb.org/t/p/original/9n4IPNHY3Yp9JGDx8syinu9z7DX.jpg
Jeff Goldblum,https://image.tmdb.org/t/p/original/kcyEPgYtBP5Pm6LLeLGfXKjYovL.jpg
Peter Dinklage,https://image.tmdb.org/t/p/original/9CAd7wr8QZyIN0E7nm8v1B6WkGn.jpg
Andy Nyman,https://image.tmdb.org/t/p/original/9bN9RVoPWmsmV3VBI7hp4VKD9Kg.jpg
Courtney-Mae Briggs,https://image.tmdb.org/t/p/original/ofOEXvhJpbFV7v8ZnH0ztTPGKkr.jpg
Alon Aboutboul,https://image.tmdb.org/t/p/original/ja0vix3b43U5whDTYZascbeXlQo.jpg
Prabhas,https://image.tmdb.org/t/p/original/u6RVP8ukgLaymeoi5VmX0JRAcCn.jpg
Rana Daggubati,https://image.tmdb.org/t/p/original/dCQE1CoWWc6RoXUTxOKjAXO8KDr.jpg
Ramya Krishnan,https://image.tmdb.org/t/p/original/kZvSnBTgsMgTsUE5o1yFQnDR3dl.jpg
Sathyaraj,https://image.tmdb.org/t/p/original/lnlBZ7V3K3Z3OIsjCd0zkKx26L3.jpg
Subbaraju,https://image.tmdb.org/t/p/original/upq4ba9D8GgejWkI5tRVzze2yZV.jpg
Tamannaah Bhatia,https://image.tmdb.org/t/p/original/t4WYoKiFAyO1Rhjv7O03EKmJHp4.jpg
Rohini,https://image.tmdb.org/t/p/original/oeT5DXeqsTY17DtJLTGpQec91fr.jpg
Tanikella Bharani,https://image.tmdb.org/t/p/original/zRjr0F64Eznbliz1RvN9icj3Lq1.jpg
Martin Freeman,https://image.tmdb.org/t/p/original/nrO54AzrxiNgCjBUOSz6ebyxDZY.jpg
Richard Armitage,https://image.tmdb.org/t/p/original/oNoKjTOUNUiJ01UNQSCQDkt5EHi.jpg
James Nesbitt,https://image.tmdb.org/t/p/original/lQiGZcwUXbCqpF055Ia5jxdZ2Ma.jpg
Ken Stott,https://image.tmdb.org/t/p/original/yzF2h7xhwtCkQ6T556pHSE7F1k4.jpg
Sylvester McCoy,https://image.tmdb.org/t/p/original/y7spOkUTzwf7WYgeGeNMnvBjStd.jpg
Barry Humphries,https://image.tmdb.org/t/p/original/gtOAbs8ZFJiDDRPPock1qmP4V18.jpg
Dean O'Gorman,https://image.tmdb.org/t/p/original/2goR6GBeQey7EkTmLufrEi0PZcb.jpg
Aidan Turner,https://image.tmdb.org/t/p/original/owWJR9RCq7FcOw9R9yX70TKNsvQ.jpg
Graham McTavish,https://image.tmdb.org/t/p/original/qpKVz46PkKVaXzthcJO4ldFPdM9.jpg
Eva Green,https://image.tmdb.org/t/p/original/8MqXy7Jd6HsRSBFK05J0KrR2x5Z.jpg
Alexander Siddig,https://image.tmdb.org/t/p/original/oETjmdGRXgahgwGue7k52ZwMs5x.jpg
Michael Sheen,https://image.tmdb.org/t/p/original/nGxIcIcfJjdPN3k8zFabtA1gRqL.jpg
Xochitl Gomez,https://image.tmdb.org/t/p/original/q39DOx44YHrGF1h88R9HxRNZS3.jpg
Elizabeth Olsen,https://image.tmdb.org/t/p/original/dlS1CKO8Dh2lORhE73WosZ4bRt2.jpg
Jett Klyne,https://image.tmdb.org/t/p/original/6F7fGR6iQFzKNFfHCCYZbg82Alk.jpg
Julian Hilliard,https://image.tmdb.org/t/p/original/lp1IJliBZb9OFP5KK09HjSGOsau.jpg
Michael Stuhlbarg,https://image.tmdb.org/t/p/original/aYB3SQm3h6ZyAdlbGyiNfakjx56.jpg
Barbara Niven,https://image.tmdb.org/t/p/original/qRwCFXzAzna7viOOC4xjOCSu2Hy.jpg
Jessica Clark,https://image.tmdb.org/t/p/original/o0qh9Nct5pKnl1EzGqUHPRFpz1b.jpg
John Heard,https://image.tmdb.org/t/p/original/zjhcxrCFK4q0C1gtVmeN8FeqCw0.jpg
Morgan Fairchild,https://image.tmdb.org/t/p/original/k0tQuMliATnRyrbuWyl7jPZqOPE.jpg
Kerry Knuppe,https://image.tmdb.org/t/p/original/fJGFRIcMiVyyxoSXs3zfBDjcjht.jpg
Imelda Corcoran,https://image.tmdb.org/t/p/original/qUKhamo0T8BrDM3BzCOYqjHJb42.jpg
Mary Jane Wells,https://image.tmdb.org/t/p/original/4iMMTlMdZb3DDcAkpEr5A4BHBQp.jpg
Rebecca Staab,https://image.tmdb.org/t/p/original/AavKqTvgAjqoJHFc4xOipmZJXiV.jpg
Michael Adam Hamilton,https://image.tmdb.org/t/p/original/dLo4bFS6WNVwXQhul4CmBWDNA6W.jpg
Lori Malépart-Traversy,https://image.tmdb.org/t/p/original/5e1eyZDw9CUHdonxBqFtBJFJcUO.jpg
Imelda Staunton,https://image.tmdb.org/t/p/original/96LYLMnUOWZ4DFXEeQPItNsxzEP.jpg
Pepe Barroso,https://image.tmdb.org/t/p/original/1aclLzISTojUZ9CrKsRcI1eIJls.jpg
Mia Jenkins,https://image.tmdb.org/t/p/original/qlFJG7THmA04TOCntAXtHmOL0J2.jpg
Luca Melucci,https://image.tmdb.org/t/p/original/2lo03n0c384PKsUVrN3L7bYQUuy.jpg
Andrea Guo,https://image.tmdb.org/t/p/original/xFmzjzxzuMvRAEYs9DQPzUQBx3l.jpg
Michelangelo Vizzini,https://image.tmdb.org/t/p/original/oLXMchaEaabWcFl2yAp63WCPlqa.jpg
Madior Fall,https://image.tmdb.org/t/p/original/aHEr670j2N4VZuai0mF6XhkR9mY.jpg
Vanessa Donghi,https://image.tmdb.org/t/p/original/hlMccYxEKs1tR4CgoUMjMo3v67U.jpg
Elizabeth Kinnear,https://image.tmdb.org/t/p/original/aULRpczkkQK4ietPJOOu9bcOB9c.jpg
Tommaso Caporali,https://image.tmdb.org/t/p/original/k8itWmTKgD3TU9VlphFZC9nPnB2.jpg
Ángel de Miguel,https://image.tmdb.org/t/p/original/9MIRTVsSnCa4wHw5H8w74QSdRtV.jpg
Kristen Stewart,https://image.tmdb.org/t/p/original/xldswdQ1VnpcOf2wZMPguZ3avgO.jpg
Billy Burke,https://image.tmdb.org/t/p/original/AoyN5a1TNRa4OCeylcXusQM1bD4.jpg
Peter Facinelli,https://image.tmdb.org/t/p/original/mmha3A5INmromiCsN8FBSLScVpZ.jpg
Ashley Greene,https://image.tmdb.org/t/p/original/7crsfr0klw5iaYvZ3n9ps6RCIhp.jpg
Jackson Rathbone,https://image.tmdb.org/t/p/original/bTf1lKi9JpIryUgd2L5PWZaF8kZ.jpg
Nikki Reed,https://image.tmdb.org/t/p/original/xNIXLZ9giqTdvjkBUGq1bJqPe5D.jpg
Kellan Lutz,https://image.tmdb.org/t/p/original/pLzdFABlU6oS2BvlHlAN990woY1.jpg
Elizabeth Reaser,https://image.tmdb.org/t/p/original/nqWRrjsCAY542gtrGCn7NZWHatW.jpg
Taylor Lautner,https://image.tmdb.org/t/p/original/xyRXoKM7UQdijwmjpiCcLGPzcc7.jpg
Ella Rubin,https://image.tmdb.org/t/p/original/8AKz6wWvokDM4N4tMGIoyv0wYsl.jpg
Annie Mumolo,https://image.tmdb.org/t/p/original/wkdmu4w0cBweYoyaqQQSgaEYoKD.jpg
Reid Scott,https://image.tmdb.org/t/p/original/kBAeDUDA7XJRXFLGNALlpE5d3lA.jpg
Perry Mattfeld,https://image.tmdb.org/t/p/original/7oM81wmfkM185bivpMx95HMWeQ7.jpg
Jordan Aaron Hall,https://image.tmdb.org/t/p/original/70wXromowEycW1SN88xzzwuzwk7.jpg
Meg Millidge,https://image.tmdb.org/t/p/original/roPUbUXROyIGMUptmA7QvU3ey0l.jpg
Cheech Manohar,https://image.tmdb.org/t/p/original/AsvQFmZtSioAF1dWgAN88Dmpf6y.jpg
Anthony Perkins,https://image.tmdb.org/t/p/original/7FipKwmg2woHNvt5ATeXLBirHXs.jpg
Janet Leigh,https://image.tmdb.org/t/p/original/2dv9IqJEx31RSoH7xAHlJZXF5uB.jpg
Vera Miles,https://image.tmdb.org/t/p/original/9PDTsJnBfrAlvVPOBBFS3ehN8lD.jpg
John Gavin,https://image.tmdb.org/t/p/original/n8vlG1PRtNzv6vlwjTNK7UnoKr0.jpg
John McIntire,https://image.tmdb.org/t/p/original/6t1VIejDVkfyspgrwlvgyrbDwWk.jpg
Simon Oakland,https://image.tmdb.org/t/p/original/wDytzjcJNp1P39mZ1hcRb8mcvvl.jpg
Frank Albertson,https://image.tmdb.org/t/p/original/sT9JZ8GgHgunZS4PWIDX6wMoIS7.jpg
Patricia Hitchcock,https://image.tmdb.org/t/p/original/bgMYy4SJLFcFex91an1D593pBY9.jpg
Vaughn Taylor,https://image.tmdb.org/t/p/original/qX7jGnLyveGDBRy9nRgzBJFMqTH.jpg
Val Kilmer,https://image.tmdb.org/t/p/original/sWH9jTD0bC5gWhhceUlzfNiNup0.jpg
Jon Voight,https://image.tmdb.org/t/p/original/oxLsItDwLddXu8YYJCfkddYNejL.jpg
Diane Venora,https://image.tmdb.org/t/p/original/d1Lol2OZb5jkklQJS7MqoqF3OiB.jpg
Amy Brenneman,https://image.tmdb.org/t/p/original/4FJNcWqnYciJzsZRsORZuyxdKfb.jpg
Ashley Judd,https://image.tmdb.org/t/p/original/5771ZxVIs5rQbI1SV8TOlAFcF15.jpg
Freddie Boath,https://image.tmdb.org/t/p/original/yR1yJnwALekEG521eddpnL5mApD.jpg
Alun Armstrong,https://image.tmdb.org/t/p/original/zSIzT6iM53ZdXbC2bEZCzNgW1h6.jpg
Adewale Akinnuoye-Agbaje,https://image.tmdb.org/t/p/original/zdtwVtVmmm7VzYfu8xH7mbuTvrH.jpg
Marcus Thomas,https://image.tmdb.org/t/p/original/wpsm5roIsSqaOX9ApIJqCxDAqgD.jpg
Grace O'Sullivan,https://image.tmdb.org/t/p/original/ifgurjdagUpyw9Dyh4yYtN0p3R7.jpg
Saksham Sharma,https://image.tmdb.org/t/p/original/vjyz2K6mqfw3T2X8uWv19Xlrqvd.jpg
Bernard Curry,https://image.tmdb.org/t/p/original/tSZTKbE0TkU0CbZxzgeixqlyoTq.jpg
Geoff Morrell,https://image.tmdb.org/t/p/original/zdbbOZPOb1VeAXh1idj9fKeHE87.jpg
Amelia Bishop,https://image.tmdb.org/t/p/original/9PETfDjcqwfOJEPTuv6xrRVcHQy.jpg
Shapoor Batliwalla,https://image.tmdb.org/t/p/original/s0Bu0S4k3PaPWIZQiAhmyo7KvlC.jpg
Sandra Bullock,https://image.tmdb.org/t/p/original/hPHGKPAWZ8gArYXMk225rrYPoyJ.jpg
Malin Åkerman,https://image.tmdb.org/t/p/original/u38qRcCAiO3SZdFKJKx3fncDyef.jpg
Craig T. Nelson,https://image.tmdb.org/t/p/original/rMh8qdexFKmc7mq7oLzsLLvCCjs.jpg
Mary Steenburgen,https://image.tmdb.org/t/p/original/yJhfuqS3yXW7kLSyvRU6n3b35mq.jpg
Betty White,https://image.tmdb.org/t/p/original/2Vlr5E1EoD4GglLHoSolLztBQWM.jpg
Oscar Nuñez,https://image.tmdb.org/t/p/original/UBILHiRphJdlshvsyH920QSAhk.jpg
Aasif Mandvi,https://image.tmdb.org/t/p/original/hoBCqgxK2JqV3MOQYncHRMfwu8V.jpg
Michael Nouri,https://image.tmdb.org/t/p/original/cbrDZMRb7DRsiVcuoU0VDbLL6qj.jpg
Robin Williams,https://image.tmdb.org/t/p/original/iYdeP6K0qz44Wg2Nw9LPJGMBkQ5.jpg
Robert Sean Leonard,https://image.tmdb.org/t/p/original/jXehZM0AWLJ2OIz4o0jFtHEzcMI.jpg
Josh Charles,https://image.tmdb.org/t/p/original/xmFdIoFKVRNUmXaslBlErA3UHfF.jpg
Gale Hansen,https://image.tmdb.org/t/p/original/gVZ9TFvseA3I0fLLJiXKInzBygp.jpg
Dylan Kussman,https://image.tmdb.org/t/p/original/33V8NdkLrpSCEVeIiKk5DoGRthx.jpg
Allelon Ruggiero,https://image.tmdb.org/t/p/original/sSjaviVlBCnZYipURQY5o9rvPl7.jpg
James Waterston,https://image.tmdb.org/t/p/original/7IPxmwB7f2CqCJvxAea0BjwI5Fz.jpg
Norman Lloyd,https://image.tmdb.org/t/p/original/z7jg1zuFfC5jqn4kI40OGAOrD5U.jpg
Kurtwood Smith,https://image.tmdb.org/t/p/original/7dqsk4NYbNZNnmppv2zPuf1hKBn.jpg
Anuk Steffen,https://image.tmdb.org/t/p/original/iVJMED7ot80vpHEllGav3AdFQ3H.jpg
Bruno Ganz,https://image.tmdb.org/t/p/original/8bhS1PObqe8OOVcyIRxV5Rcdufd.jpg
Quirin Agrippi,https://image.tmdb.org/t/p/original/fzTuGPyjwnNJ1pWpI0ytBf6rL3M.jpg
Isabelle Ottmann,https://image.tmdb.org/t/p/original/3k1PEMnC0mU4THgyXQzFbUn8ygl.jpg
Katharina Schüttler,https://image.tmdb.org/t/p/original/flIGG4GZ1r8IsrpvsuVV0LegK59.jpg
Maxim Mehmet,https://image.tmdb.org/t/p/original/mKxkszluLiJAv7fpHg2T3BS8b6P.jpg
Hannelore Hoger,https://image.tmdb.org/t/p/original/cSEgeVHkVQRATHMoFnBPoXIOCuG.jpg
Jella Haase,https://image.tmdb.org/t/p/original/kwbw9Q4Cnk1Oiwz8ktIQXgECLTx.jpg
Anna Schinz,https://image.tmdb.org/t/p/original/tHNI3VFmoBmjMfZrTpM2YZBmK5j.jpg
Peter Lohmeyer,https://image.tmdb.org/t/p/original/1hnbaz9deXeNzCDwPxudTea17rV.jpg
Jeff Daniels,https://image.tmdb.org/t/p/original/r0mkZJZnTSJO3HJRsMW5HtszxE8.jpg
Kate Mara,https://image.tmdb.org/t/p/original/xZYD8wYHMmN9dMMPiohnKEFoTGx.jpg
Sebastian Stan,https://image.tmdb.org/t/p/original/v20RLWst39klatsqUgSrwHxhwee.jpg
Aksel Hennie,https://image.tmdb.org/t/p/original/sceuNjVXtsHOS3cn0MsLfZRkAQx.jpg
Frances Conroy,https://image.tmdb.org/t/p/original/aJRQAkO24L6bH8qkkE5Iv1nA3gf.jpg
Brett Cullen,https://image.tmdb.org/t/p/original/4P6TsRcnr9MRbXlCdHitulGM5LT.jpg
Shea Whigham,https://image.tmdb.org/t/p/original/d3caK3l4UfbnzOxv95wLoFLZzMO.jpg
Bill Camp,https://image.tmdb.org/t/p/original/wxYyJSltCHwU0MTg838SllOlvNT.jpg
Glenn Fleshler,https://image.tmdb.org/t/p/original/x1Cef2yPZS7bJTwxI7DX3q0HNcv.jpg
Leigh Gill,https://image.tmdb.org/t/p/original/stbbWD89FQWa34TNVyxVj5xBVIm.jpg
Josh Pais,https://image.tmdb.org/t/p/original/uH90fGfLLzYCX02yOW3kH4LMO7n.jpg
Ed Skrein,https://image.tmdb.org/t/p/original/btJvbQbWf3ciYM4SM5tMWSJEkXX.jpg
Gina Carano,https://image.tmdb.org/t/p/original/6K89PVbt3v2N7cqbPyZiO74yuOj.jpg
Brianna Hildebrand,https://image.tmdb.org/t/p/original/8lGwV4rMQReWMlsXhLBYMRTYzTA.jpg
Stefan Kapičić,https://image.tmdb.org/t/p/original/6qHO7ckiyjLNOmW0v5RZj1MpLBj.jpg
Randal Reeder,https://image.tmdb.org/t/p/original/eJfW7w36Vl8dEnN9T2dnlkUReWG.jpg
Adam Brody,https://image.tmdb.org/t/p/original/qKBWrohBYegm6AAaLrtxEqqouIK.jpg
Andie MacDowell,https://image.tmdb.org/t/p/original/akeheO4i3cR1HpSU8yu9HrLcsKm.jpg
Melanie Scrofano,https://image.tmdb.org/t/p/original/qEb6GF67ZGuxwq3FWfjJLqz32ep.jpg
Kristian Bruun,https://image.tmdb.org/t/p/original/m2yXWJAQEWYPF5Q7DHqJtj3r9mc.jpg
Elyse Levesque,https://image.tmdb.org/t/p/original/eVn30OMvrfUtlldpcAgFA9Ohozq.jpg
Nicky Guadagni,https://image.tmdb.org/t/p/original/qJCelkMEFOa86LC0xTPF8m9p5Rf.jpg
John Ralston,https://image.tmdb.org/t/p/original/f89otIIkQaqeB1oEoN0l7XWp26n.jpg
Adam Driver,https://image.tmdb.org/t/p/original/b5w381C8Z33D1iF30KT4k8tJNsk.jpg
Daisy Ridley,https://image.tmdb.org/t/p/original/eM6NVIoRiwWkB9WiorbG2r1BQ8t.jpg
John Boyega,https://image.tmdb.org/t/p/original/3153CfpgZQXTzCY0i74WpJumMQe.jpg
Domhnall Gleeson,https://image.tmdb.org/t/p/original/a63BgOBKzJ9XPaLFyu7u5Ge3REG.jpg
Max von Sydow,https://image.tmdb.org/t/p/original/u16BsGyT6v9yuO7wWAF62NayDth.jpg
Michelle Williams,https://image.tmdb.org/t/p/original/jn3BVMVbIptz2gc6Fhxo1qwJVvW.jpg
Jackie Earle Haley,https://image.tmdb.org/t/p/original/xDPeiyklN8f9Ilowsti4lGVbioj.jpg
John Carroll Lynch,https://image.tmdb.org/t/p/original/lXlHxLK91U2l3yb77Tw32yEHJyT.jpg
Haley Lu Richardson,https://image.tmdb.org/t/p/original/iTNWzU5FlKT8s0CBZQyMIvebBPh.jpg
Asim Chaudhry,https://image.tmdb.org/t/p/original/1F0DwOpxUAEpw5iovMHZ5Y1C8n6.jpg
Tom Taylor,https://image.tmdb.org/t/p/original/pEDSmASONpB9FKLgb354fVpHBm3.jpg
Georgia Goodman,https://image.tmdb.org/t/p/original/igrVZq0JVIkFW1TbgaOG9ESd9pR.jpg
Daniel Barnett,https://image.tmdb.org/t/p/original/n8hnzKLIvPbMjqhC6fjjp73Wlo8.jpg
Artie Wilkinson-Hunt,https://image.tmdb.org/t/p/original/7AmNS1dxEB2TCsuovbjc83hJ5El.jpg
Patrick Seitz,https://image.tmdb.org/t/p/original/dIAUmfTbC4duex4lRV5ET7JEQhs.jpg
Jordan Rodrigues,https://image.tmdb.org/t/p/original/tBnYesvg7JFIiqZJUwgEyZxNIt0.jpg
Jennifer Carpenter,https://image.tmdb.org/t/p/original/sQeNgRFfCjt3EHMuaJBm8jRCLgw.jpg
Ike Amadi,https://image.tmdb.org/t/p/original/xsv09XrYPk5bdY3cAUwKqJnraxC.jpg
Artt Butler,https://image.tmdb.org/t/p/original/t2uZ5Nno4TcWdBCjM2AIfN3W7tu.jpg
Darin De Paul,https://image.tmdb.org/t/p/original/vGzewVsLWtXyEU7X3iNdjWEd6y9.jpg
Robin Atkin Downes,https://image.tmdb.org/t/p/original/qb4xPIJGiKyiQ2MhSDQzFWxN0jS.jpg
Grey DeLisle,https://image.tmdb.org/t/p/original/vrUHaXe1pG56yZkgH7Hs3LGRLTT.jpg
Jim Broadbent,https://image.tmdb.org/t/p/original/s7lXYfrsJoGA4vKmyv61SPgABmR.jpg
Bonnie Wright,https://image.tmdb.org/t/p/original/1O3bVJp2geFCqlDkOCJuTeSuqx.jpg
Jessie Cave,https://image.tmdb.org/t/p/original/bo1zUtdS878MzOVrPV6hnIN90CT.jpg
Evanna Lynch,https://image.tmdb.org/t/p/original/mebDQC5FnPVYYRxqmhCVVdl8fVM.jpg
Jeremy Irvine,https://image.tmdb.org/t/p/original/wnyLs0r9j1IB4zK2QBkgg2TyAzZ.jpg
Hannah Emily Anderson,https://image.tmdb.org/t/p/original/fSyNGF4pZQj9Ne9IKv9kfimECzk.jpg
Evie Templeton,https://image.tmdb.org/t/p/original/1JV3FEULVnROl4APfkUprqTrFF6.jpg
Pearse Egan,https://image.tmdb.org/t/p/original/bzHkytLIEk4T4arzd7h5BRLufov.jpg
Nicola Alexis,https://image.tmdb.org/t/p/original/jPynKGMPaArRB4SAr6OIGHWQRl.jpg
Robert Strange,https://image.tmdb.org/t/p/original/4GBjA1itRhsKaPaOrVE1YN9qOqc.jpg
Emily Carding,https://image.tmdb.org/t/p/original/zW0SKNWWlEFrLm5XAZh24rL0E6b.jpg
Eve Macklin,https://image.tmdb.org/t/p/original/7e1bpd3iTst0PvCk4A7LVfUgNut.jpg
Lara Duru,https://image.tmdb.org/t/p/original/AoNaXZCfDs7A6AvCUYxmY9Npesl.jpg
Karya Duru,https://image.tmdb.org/t/p/original/sz21OipX3iSbdULxvaYbL1yFQDh.jpg
Gal Gadot,https://image.tmdb.org/t/p/original/qCJB1ACi5VjtY4ypXuv3hjAvbSu.jpg
Amy Adams,https://image.tmdb.org/t/p/original/lub0nBRhsCu2pByvfvxt5DcW86d.jpg
Holly Hunter,https://image.tmdb.org/t/p/original/oNoFAi0AQXDP68tv7c7t5WjYioy.jpg
Scoot McNairy,https://image.tmdb.org/t/p/original/oP2LJEqupxVZ2XdEW1lN5Q5LF3M.jpg
Yoo Jung,https://image.tmdb.org/t/p/original/gJy2W6dGndkaqrffN4LdmyHJmvv.jpg
Kim Soo-ji,https://image.tmdb.org/t/p/original/51Nbexh5jSbUi6QX5Hw26te31Xm.jpg
Lee Chae-dam,https://image.tmdb.org/t/p/original/27qVJm4vpUKBXC9zyW2CbEiyfgG.jpg
Cha Myung-Hoon,https://image.tmdb.org/t/p/original/rxs2zSSLkDMC5suX9viZ9YYFVqR.jpg
Park Do-jin,https://image.tmdb.org/t/p/original/rZbs4lJMVVYLnQ5JfQavFCyDEjN.jpg
Natalie Portman,https://image.tmdb.org/t/p/original/edPU5HxncLWa1YkgRPNkSd68ONG.jpg
Danny Aiello,https://image.tmdb.org/t/p/original/2WiZ8SkiFU355GUT2QuSPlenrfM.jpg
Peter Appel,https://image.tmdb.org/t/p/original/AvOZjWVwklfJHNHD2AwLmYRhSXw.jpg
Michael Badalucco,https://image.tmdb.org/t/p/original/ntqAjxrBsyXbRzAaln4ynSBTE1r.jpg
Ellen Greene,https://image.tmdb.org/t/p/original/nJzE8dS38hxbALr5LZ88BYt8dm0.jpg
Elizabeth Regen,https://image.tmdb.org/t/p/original/bC7qS0SFXOqJ2rUAGItxhZTAV1k.jpg
Carl J. Matusovich,https://image.tmdb.org/t/p/original/2HkLgKM58cgp5ysmYPleZiCsRhi.jpg
Eric Challier,https://image.tmdb.org/t/p/original/1GFuPK17DFHxToC07qSfwIENwuq.jpg
Bronisław Wrocławski,https://image.tmdb.org/t/p/original/zsN1MZUP4GdE3mHwSNNvY5qunZD.jpg
Grażyna Szapołowska,https://image.tmdb.org/t/p/original/pjI5gFihRcpee7nWJs2CFPIrQgZ.jpg
Tomasz Stockinger,https://image.tmdb.org/t/p/original/5fn6ecsmdmBwSCO21CsW5P6iBBR.jpg
Gianni Parisi,https://image.tmdb.org/t/p/original/eFiLkqWLiloCDlqSUv1cD8WmWq6.jpg
Ahaan Panday,https://image.tmdb.org/t/p/original/7EgMmDE4v3dVDJUPG61Bvhjf06m.jpg
Aneet Padda,https://image.tmdb.org/t/p/original/9YP19WwvZ6DkFwbCyfydUbh7TSt.jpg
Alam Khan,https://image.tmdb.org/t/p/original/qI9VLzGq4DDCjTdBLQI2bBM9la3.jpg
Rajesh Kumar,https://image.tmdb.org/t/p/original/vat8qbqIeumutuToGX0VrtA06M6.jpg
Geeta Agrawal Sharma,https://image.tmdb.org/t/p/original/5Jrwb9zWG2Hjmf8PQLuDmCKnMHG.jpg
Anngad Raaj,https://image.tmdb.org/t/p/original/vxDu6v0eHSTTc1kHLGLzqtkP61Z.jpg
Varun Badola,https://image.tmdb.org/t/p/original/dzSBwofeP4dh3bP8TG6VxkHSjLy.jpg
Shaad Randhawa,https://image.tmdb.org/t/p/original/eFUtx2lbDmu6RUaezRsub9O7yGv.jpg
Sid Makkar,https://image.tmdb.org/t/p/original/b9E8NeQ2CgDEAMTnHuutLlpmfBY.jpg
Aamir Khan,https://image.tmdb.org/t/p/original/6uiZSwi2kvd1jZ7X7Xz9W9VGuV4.jpg
Sharman Joshi,https://image.tmdb.org/t/p/original/mQr8ynFFVq08qgQ4aSNl5B0ko8v.jpg
Kareena Kapoor Khan,https://image.tmdb.org/t/p/original/pJZJJ93NwJq3kb3RWtaZBYVga1x.jpg
Boman Irani,https://image.tmdb.org/t/p/original/5J7GiiNar9bg9rGYeA2L30JXE2W.jpg
Omi Vaidya,https://image.tmdb.org/t/p/original/G37HGmfBM8b6pTczZrpJmTFIGl.jpg
Rahul Kumar,https://image.tmdb.org/t/p/original/pYw7c1T0ifdvWMUtUJl3GMkx4aP.jpg
Parikshat Sahni,https://image.tmdb.org/t/p/original/wQs7zYQNahLrntjqd7aIrajnbpM.jpg
Farida Dadi,https://image.tmdb.org/t/p/original/uriqyktmJedfF7LHkiWhKh4IXe1.jpg
Ben Stiller,https://image.tmdb.org/t/p/original/scgpxhI05JpdNXXfmpK6z0rPOWN.jpg
David Schwimmer,https://image.tmdb.org/t/p/original/XtKzJ9lM5Xwa7vCmE4xNHy6Owf.jpg
Jada Pinkett Smith,https://image.tmdb.org/t/p/original/3RyvVVSlgRbZANDFkYiAsRMaHW.jpg
Tom McGrath,https://image.tmdb.org/t/p/original/83lSBvaRShYObPvhE89UDUkUfWo.jpg
Christopher Knights,https://image.tmdb.org/t/p/original/fsdaXx2ytNx2KEW438mlFfSSzkc.jpg
Edward Furlong,https://image.tmdb.org/t/p/original/e221dMIBgb6Lk092GIkHB9ohQF1.jpg
Robert Patrick,https://image.tmdb.org/t/p/original/qRv2Es9rZoloullTbzss3I5j1Mp.jpg
Joe Morton,https://image.tmdb.org/t/p/original/w7rGWWSGKWWukojLbZOQJ5yh9jv.jpg
S. Epatha Merkerson,https://image.tmdb.org/t/p/original/pXCmHxrWzlv1kPZSxJXFM45QgOP.jpg
Castulo Guerra,https://image.tmdb.org/t/p/original/nYZihE7w1baKehLmDQb0eKEqYqF.jpg
Danny Cooksey,https://image.tmdb.org/t/p/original/1diDYWnss7hsYzRru9nfPCyg6Yb.jpg
Jenette Goldstein,https://image.tmdb.org/t/p/original/4YZVLLWEFtxPLaOAlndfzxH1WG1.jpg
Kajol,https://image.tmdb.org/t/p/original/h4m0TkDuEMCUNaPrQxMRyFb2AQ7.jpg
Shah Rukh Khan,https://image.tmdb.org/t/p/original/gc3Ul6EtVYKgjBuYAaD8U2qIcSl.jpg
Amrish Puri,https://image.tmdb.org/t/p/original/uhMGFS7tuG71LDv2wk9LfZZ4EG6.jpg
Farida Jalal,https://image.tmdb.org/t/p/original/tJdqL4BRSAWVFX1W6cmwxFs9IFh.jpg
Anupam Kher,https://image.tmdb.org/t/p/original/kgU5Ap1Kf9RnicB5DMcXEZqed2f.jpg
Pooja Ruparel,https://image.tmdb.org/t/p/original/evHnj6s0Z2sbV1Mq0dfXxQQU8Mf.jpg
Parmeet Sethi,https://image.tmdb.org/t/p/original/paTrHCbnwMxBZREfoGcfY5TlvyY.jpg
Satish Shah,https://image.tmdb.org/t/p/original/AaXbQI0fAoTW4Qjg4dAtC5xkK1G.jpg
Mandira Bedi,https://image.tmdb.org/t/p/original/l50tq0OwzIxE4Z5JXDUSQvqCltN.jpg
Achala Sachdev,https://image.tmdb.org/t/p/original/6kgq6Mnmd01HZzvbsEDQAFBurog.jpg
Hannah John-Kamen,https://image.tmdb.org/t/p/original/V8P9EVelewGVXbuyEylqrzF6iG.jpg
Olga Kurylenko,https://image.tmdb.org/t/p/original/ei6eYUhQFw2AaV6U5fyPptBaPF0.jpg
Geraldine Viswanathan,https://image.tmdb.org/t/p/original/mZ1dKqL2ymRipGEudzr8TQliB52.jpg
Steven Bauer,https://image.tmdb.org/t/p/original/eMSeKPgfilE2v5VcmwSt5pxbp0x.jpg
Michelle Pfeiffer,https://image.tmdb.org/t/p/original/khpWT4F4Nj0QEuVPP1P2Zgz41G2.jpg
Mary Elizabeth Mastrantonio,https://image.tmdb.org/t/p/original/vbZ1E557K5oj34xLHR5ErO8wPCi.jpg
Robert Loggia,https://image.tmdb.org/t/p/original/mRSUgJnfprCNw83pyVfpfW7ryfK.jpg
Miriam Colon,https://image.tmdb.org/t/p/original/9jnz7htVMCTDNRDmoi2mdOKv6Pj.jpg
F. Murray Abraham,https://image.tmdb.org/t/p/original/p2RYVGdrcP0m70BkkiKcwyrDeim.jpg
Paul Shenar,https://image.tmdb.org/t/p/original/kc0I4h9fTY8WP3wyQbwVWEzbmil.jpg
Harris Yulin,https://image.tmdb.org/t/p/original/3W758yxhdphzblpgDz4wKgLCriB.jpg
Ángel Salazar,https://image.tmdb.org/t/p/original/lZQXjnIHxFa2DjaStlYZcW7GqES.jpg
Zachary Levi,https://image.tmdb.org/t/p/original/1W8L3kEMMPF9umT3ZGaNIiCYKfZ.jpg
Donna Murphy,https://image.tmdb.org/t/p/original/tmre2oZkIHGqnLhWeldpX2Ujgl0.jpg
Ron Perlman,https://image.tmdb.org/t/p/original/pOgMRdJhbBsvwGLRFXPRASTfcay.jpg
M.C. Gainey,https://image.tmdb.org/t/p/original/nM82se0lOFbOhhj3J6tRFcdEydO.jpg
Paul F. Tompkins,https://image.tmdb.org/t/p/original/pL9v2aubEAOSW0lgrWyP0vvGr34.jpg
Richard Kiel,https://image.tmdb.org/t/p/original/wop4KV2ywl6gdYnCUs1OthtGylM.jpg
Delaney Rose Stein,https://image.tmdb.org/t/p/original/fivjClC0riAPwL9esdOAkAHWdS3.jpg
Milly Alcock,https://image.tmdb.org/t/p/original/deSE6C5LlgBCYcIoMDcfBoubEx3.jpg
Matthias Schoenaerts,https://image.tmdb.org/t/p/original/9mRssCj4si6f6IF3nJ2RB5w0J7g.jpg
Eve Ridley,https://image.tmdb.org/t/p/original/wLIZmmRWRn9T6jZzqtecZVHSyS2.jpg
David Krumholtz,https://image.tmdb.org/t/p/original/ibp6vAc8MWTAKaTI9tfpUJtqiAX.jpg
Emily Beecham,https://image.tmdb.org/t/p/original/x6cFQCNK09RjCfSp0shXzG2zmnG.jpg
Alice Hewkin,https://image.tmdb.org/t/p/original/Ab92Gh6ILQCaoniNeJHwds9za2Y.jpg
Ferdinand Kingsley,https://image.tmdb.org/t/p/original/arGWhGhfBl8CvNuUoKkUmfrDG0b.jpg
Diarmaid Murtagh,https://image.tmdb.org/t/p/original/QHWy0m8t0JrxSwlxcWZrawfUdi.jpg
Wil Coban,https://image.tmdb.org/t/p/original/73REwJckTBMNJoiGIrrGhcCdTqf.jpg
Jack Nicholson,https://image.tmdb.org/t/p/original/hBHcQIEa6P48HQAlLZkh0eKSSkG.jpg
Shelley Duvall,https://image.tmdb.org/t/p/original/zwscEWl7QLiOsfsvzGXFjAQCVp3.jpg
Danny Lloyd,https://image.tmdb.org/t/p/original/5pEmugZ6m25RB0cXbL4t5D4kZAO.jpg
Scatman Crothers,https://image.tmdb.org/t/p/original/ughfThqQuuoPLSsC9HfkxwX370w.jpg
Barry Nelson,https://image.tmdb.org/t/p/original/fSrHmvOxZJbeKpNM0uWGvha1aK9.jpg
Philip Stone,https://image.tmdb.org/t/p/original/l9riEGDgSK1NkVDUN6fn1TaXdpy.jpg
Joe Turkel,https://image.tmdb.org/t/p/original/rqpNzjLFCoMrvGSf6SIL5JnWwMT.jpg
Anne Jackson,https://image.tmdb.org/t/p/original/tRXdd8JVhClmM0LsuyD7lWbbw4a.jpg
Tony Burton,https://image.tmdb.org/t/p/original/iG51d1Ck1doZNGseRMqGTnNC8t8.jpg
Lia Beldam,https://image.tmdb.org/t/p/original/cMqC8geIBmTnKRN2AhBtYbA5fT4.jpg
Karl Glusman,https://image.tmdb.org/t/p/original/mTpLq73gepoX1fCLCtTunCxWYp5.jpg
Aomi Muyock,https://image.tmdb.org/t/p/original/iU05t946KkwRInlBnxq5SQLBemS.jpg
Klara Kristin,https://image.tmdb.org/t/p/original/nKxU3md9cLlmNuGBlxpiq15Fevp.jpg
Juan Saavedra,https://image.tmdb.org/t/p/original/7VgYejn4Sg5kdrLgT66algsdsVX.jpg
Gaspar Noé,https://image.tmdb.org/t/p/original/wyUEwuZr3ATzltxxS4puwT5RS0b.jpg
Isabelle Nicou,https://image.tmdb.org/t/p/original/i9P1guyqkThWitWPIIN6LISCOTT.jpg
Benoît Debie,https://image.tmdb.org/t/p/original/n9SS1I13aogkoFe9HHxRb5aNYct.jpg
Vincent Maraval,https://image.tmdb.org/t/p/original/slIYj3ceiLYgzPOOcJHQciljX0B.jpg
Déborah Révy,https://image.tmdb.org/t/p/original/a3EmfvlSIcRhIwFm6nFLWCnIuFi.jpg
Jason Biggs,https://image.tmdb.org/t/p/original/3nRgOQylYbNuDiddtNoh8uWTz5P.jpg
Chris Klein,https://image.tmdb.org/t/p/original/56kCtPVfvjm5IRPa2GyaQHTPIOy.jpg
Thomas Ian Nicholas,https://image.tmdb.org/t/p/original/hQo2P9vwjJW6A1b327nl71a2JEW.jpg
Alyson Hannigan,https://image.tmdb.org/t/p/original/bO16z8rAzZWdjCga8dcbJ2AFAh2.jpg
Tara Reid,https://image.tmdb.org/t/p/original/3m75fMnLhgmRRKM9bLb9T5s75h.jpg
Eddie Kaye Thomas,https://image.tmdb.org/t/p/original/k8f8MK8KSOyLozl9pQGaSpYMbpM.jpg
Seann William Scott,https://image.tmdb.org/t/p/original/mKc2YXdh8d4U2jYDwpLWaOY6Jwg.jpg
Eugene Levy,https://image.tmdb.org/t/p/original/epZE1ZohKhEFCdCKYFyvtJEj0I7.jpg
Taito Ban,https://image.tmdb.org/t/p/original/pSExEOVmjAujKUyJJJSxC1WEzOM.jpg
Genta Nakamura,https://image.tmdb.org/t/p/original/bl3pu2fsaNfHqnZQSDugY4V1CE0.jpg
Haruna Mikawa,https://image.tmdb.org/t/p/original/nsrFjmDDzo4FDMhxyvuVk4mPEH3.jpg
Daisuke Hirakawa,https://image.tmdb.org/t/p/original/8uDi5NxFdxFvfVyo4n5CeOSLWEf.jpg
Hiroki Touchi,https://image.tmdb.org/t/p/original/bU2vogWmnTWiQEwUADWlnBqAPhJ.jpg
Banjo Ginga,https://image.tmdb.org/t/p/original/qiXnKaZheMiVyA1U2mX9tPdNA3T.jpg
Makoto Furukawa,https://image.tmdb.org/t/p/original/inLmBZhrqXeE9wlViyK28ocKJSw.jpg
Jill Talley,https://image.tmdb.org/t/p/original/x0r43qyI9KNEyb5RsF0MckqxgfM.jpg
Mary Jo Catlett,https://image.tmdb.org/t/p/original/nHDeiQ5jwx0M8HtGgki8ZEsmUQo.jpg
Idina Menzel,https://image.tmdb.org/t/p/original/eGsyJmAZNV5tUU4RYy2DIRlFVpW.jpg
Kristen Bell,https://image.tmdb.org/t/p/original/rP74dJXl7EjinGM0shQtUOlH5s2.jpg
Jonathan Groff,https://image.tmdb.org/t/p/original/3kmnYKAzSc3Lp7iK5pcj97Hx9Cm.jpg
Josh Gad,https://image.tmdb.org/t/p/original/p9hWNRwrVEBpl8We2bxLMHkk5Mj.jpg
Livvy Stubenrauch,https://image.tmdb.org/t/p/original/13BqIDnKbVt43SVvVxXa0glwzWw.jpg
Santino Fontana,https://image.tmdb.org/t/p/original/3EtNGPVBN5bBamV817n43kFd4MB.jpg
Eva Bella,https://image.tmdb.org/t/p/original/8XmnkpEEEtXYXTQ9PFBBtIUAaBR.jpg
Maia Wilson,https://image.tmdb.org/t/p/original/fqKBpJsMaGFFU5PlOD1TY3ivogK.jpg
Kelvin Harrison Jr.,https://image.tmdb.org/t/p/original/uRViX11fZQGmO9p91ZH7QVh2l5y.jpg
Tiffany Boone,https://image.tmdb.org/t/p/original/9LwqRFdSzxVtnutDUg98YLq0bSz.jpg
Kagiso Lediga,https://image.tmdb.org/t/p/original/nfqx3CqFVsAMelk6ry560SuN7Y0.jpg
Preston Nyman,https://image.tmdb.org/t/p/original/eidKvLDCRw68tG3CN6fGhvHUnW.jpg
Blue Ivy Carter,https://image.tmdb.org/t/p/original/mnaFedkdW9TFCkky7fiiT5dfXye.jpg
John Kani,https://image.tmdb.org/t/p/original/g7tqg3q128a5O2qXMCwVnXsow9I.jpg
Mads Mikkelsen,https://image.tmdb.org/t/p/original/AsX4bdvZ8UCayWTmAf9lAqOA8V7.jpg
Billy Eichner,https://image.tmdb.org/t/p/original/kScO4moqNlDbyCTZuIoBqyaml4l.jpg
Angeline Aril,https://image.tmdb.org/t/p/original/o4MCnB8mdXXTYn6AWPKsik29lxs.jpg
Audrey Avila,https://image.tmdb.org/t/p/original/9xPDiznkS7MZ3KeGt8NIWbFRbWn.jpg
Cheena Dizon,https://image.tmdb.org/t/p/original/aNZHynNSy2JBvBxsSEys9cXzALV.jpg
Neil Tolentino,https://image.tmdb.org/t/p/original/80EsqBkKVUxXbpQHIww7AYD6fFA.jpg
Mikey Madison,https://image.tmdb.org/t/p/original/nsWQNYBTBYE2TCzGpyXTpA0TTEz.jpg
Mark Eydelshteyn,https://image.tmdb.org/t/p/original/1M4zBlIRCdsQtJfi9Yn6uStGtsK.jpg
Yura Borisov,https://image.tmdb.org/t/p/original/zLcD2UmXJG6m3qOQhNZs13SQRIp.jpg
Karren Karagulian,https://image.tmdb.org/t/p/original/rxyx8OFgShe0Kolptm5LpbsOUJj.jpg
Vache Tovmasyan,https://image.tmdb.org/t/p/original/cKHEEer9V0zK96f1gE0gvQ5IvZq.jpg
Luna Sofía Miranda,https://image.tmdb.org/t/p/original/eSEfNzd7f3Eg6LxWkiA1hjN51YN.jpg
Lindsey Normington,https://image.tmdb.org/t/p/original/2sEruLIIjLpyVAYHMSpraMPlFFb.jpg
Darya Ekamasova,https://image.tmdb.org/t/p/original/ehOZQn0EcYe0m7Qf59Bo6A8niIq.jpg
Aleksey Serebryakov,https://image.tmdb.org/t/p/original/ch67oszo5D7lK64xnDp9JFcmGLp.jpg
Anton Bitter,https://image.tmdb.org/t/p/original/iWmPlBzc0RQ2XnHQc2tgLJbELlQ.jpg
Max Baker,https://image.tmdb.org/t/p/original/z3hNp4zntZJVQPBUd08IXSAiWAL.jpg
Pruitt Taylor Vince,https://image.tmdb.org/t/p/original/jqC1v8tF92QcmkQycnaLSuJiQfl.jpg
Gavin Rossdale,https://image.tmdb.org/t/p/original/zjvzezZJwfKX2gJqyT3aF9RukAM.jpg
Tilda Swinton,https://image.tmdb.org/t/p/original/dzjT4LKgs7eOma84GsPy78DsGNH.jpg
Jesse Ramirez,https://image.tmdb.org/t/p/original/nqBud4GP4SThco0qQlteDpqQGz8.jpg
Frankie Faison,https://image.tmdb.org/t/p/original/3717JOXK2Z8qelfyvScDGimfFBf.jpg
Terry Crews,https://image.tmdb.org/t/p/original/pxTY4SglLo5hFcMH00MxPeC5u55.jpg
Faune Chambers Watkins,https://image.tmdb.org/t/p/original/iP1x9TsE9RzluXQjTtY0Ujxhp9r.jpg
Rochelle Aytes,https://image.tmdb.org/t/p/original/wn2555ynBlXnBd6jyFuW0bedcng.jpg
Busy Philipps,https://image.tmdb.org/t/p/original/7yvrZFL9gM4mqRITD5rrVU0mcmM.jpg
Jaime M. Callica,https://image.tmdb.org/t/p/original/bMdYe1mrsvLp638lNqTqQELroNr.jpg
Sean Rogerson,https://image.tmdb.org/t/p/original/AeU4FinI8HOEh7CFhx99YTS5FkY.jpg
Catherine Lough Haggquist,https://image.tmdb.org/t/p/original/3q6uhNYa7Dapl09YtqVrwndmj1l.jpg
Angel Prater,https://image.tmdb.org/t/p/original/bTkS0ULS8EvMwNj2t0OGOfTaScI.jpg
Keegan Connor Tracy,https://image.tmdb.org/t/p/original/lP5rlqK8YIqobtFghURPbNdN5zw.jpg
Chris Casson,https://image.tmdb.org/t/p/original/tE14eWGWlf9bWdGurjcUwmmtjWJ.jpg
Joe Perry,https://image.tmdb.org/t/p/original/6NMVlMatC1bVTwIGDwWE2Xe3uIx.jpg
Ray Romano,https://image.tmdb.org/t/p/original/zWT03QvuVYySlrjmHCojKrNYjoC.jpg
Goran Višnjić,https://image.tmdb.org/t/p/original/2jFpq46QPjCbRmmGYdW9WSVC47W.jpg
Diedrich Bader,https://image.tmdb.org/t/p/original/z7CctykPTuXDfAs7pkAA7vW4b3T.jpg
Lorri Bagley,https://image.tmdb.org/t/p/original/73ZDCsvbvScwlYA26sAvYqAkOjI.jpg
Keisha Castle-Hughes,https://image.tmdb.org/t/p/original/9lBukGiFVV0pKNwndaNhRQVnNmt.jpg
Lance E. Nichols,https://image.tmdb.org/t/p/original/uFrgXjSwMZpOZKn7wsu438BzMHp.jpg
Camille Balsamo,https://image.tmdb.org/t/p/original/hg3SXERGLuCrLFX5nJTMdntVFKp.jpg
Reid Collums,https://image.tmdb.org/t/p/original/ia8E1qH01K7Ck0O17NJoyZRRYPx.jpg
Siena D'Addario,https://image.tmdb.org/t/p/original/n8ncFoJgm1Y7vKsZXWJHJaLkYrW.jpg
Park Ji-hoon,https://image.tmdb.org/t/p/original/zbNZZ8o6qF3gaDndsq76h19Pe33.jpg
Yoo Ji-tae,https://image.tmdb.org/t/p/original/gGGV2gc0orgssYJ0Q9MSomdYo2I.jpg
Jeon Mi-do,https://image.tmdb.org/t/p/original/5di7RaZamjLPRqSVlvjUlXgVKm4.jpg
Kim Min,https://image.tmdb.org/t/p/original/yroLxyelxGjmw0c6igUCNekaEW0.jpg
Park Ji-hwan,https://image.tmdb.org/t/p/original/jgydG4s0GsZ2YR5lmjd8T9aawBy.jpg
Lee Jun-hyuk,https://image.tmdb.org/t/p/original/zXo037qPJhdSvyhAjGCNoT0TcCF.jpg
Ahn Jae-hong,https://image.tmdb.org/t/p/original/pypB7S7Wpja3mgfT2iAEKcR7uXp.jpg
Lee Jun-hyeok,https://image.tmdb.org/t/p/original/bgZrYipsty7yTMHEy4cmVmfWJzQ.jpg
Kim Soo-jin,https://image.tmdb.org/t/p/original/72tFyGXH1ta8oV0ojOBKi61FIGW.jpg
Christina Hendricks,https://image.tmdb.org/t/p/original/nwSh3NXQtUT3joHbCVwLvOoBxJG.jpg
Jordan Peele,https://image.tmdb.org/t/p/original/kFUKn5g3ebpyZ3CSZZZo2HFWRNQ.jpg
Ally Maki,https://image.tmdb.org/t/p/original/jLeL0NSbV1j0snQugmFGzXhFbmv.jpg
Dane DeHaan,https://image.tmdb.org/t/p/original/8asHTI9I2Xz0ki018r7b0LuLWf4.jpg
Colm Feore,https://image.tmdb.org/t/p/original/oOxcf1qB1IvVZrBEE1PdrfMiyBK.jpg
Felicity Jones,https://image.tmdb.org/t/p/original/ywXf5fLAYLlwK5JRn6UrMMsBnwb.jpg
Richard Gere,https://image.tmdb.org/t/p/original/i7wcBNmFldh2E4QInCvmv7CPSIR.jpg
Olivier Martinez,https://image.tmdb.org/t/p/original/rS1pHEsXrLWqpkmzItnAqnBEpZQ.jpg
Erik Per Sullivan,https://image.tmdb.org/t/p/original/alyd7YBgfCCQxUuYgChifjINToT.jpg
Željko Ivanek,https://image.tmdb.org/t/p/original/xLv19n8UvGJLxI7Z6RIv9eNXGmf.jpg
Gary Basaraba,https://image.tmdb.org/t/p/original/dH6zocqD5heDerhCANUtfy00gHm.jpg
Kate Burton,https://image.tmdb.org/t/p/original/rHnt0gTvarr492I1ZIYg8VNBdPn.jpg
Margaret Colin,https://image.tmdb.org/t/p/original/tsg9bGtD1mY1FLKIeIFUNeD5jpm.jpg
Chad Lowe,https://image.tmdb.org/t/p/original/g5pFsMIHZozK9kvWPvjgq0hc7b4.jpg
Dominic Chianese,https://image.tmdb.org/t/p/original/wJIybLAbVv6VEPFpZtpxRW26aq2.jpg
Katie Holmes,https://image.tmdb.org/t/p/original/gDhc9rLbhpXdY8lISD7yPiIhvp4.jpg
Tom Wilkinson,https://image.tmdb.org/t/p/original/xSUohQDXuepOU2nSqtDj2us5RZo.jpg
Rutger Hauer,https://image.tmdb.org/t/p/original/xyag0LbjocTwx2Ht7B3RofvCNMT.jpg
Asha Banks,https://image.tmdb.org/t/p/original/9McWYJPSySGOcNr5KuFWyW2bLe7.jpg
Matthew Broome,https://image.tmdb.org/t/p/original/nSjPuDG5IVQfyMU8TkZl0ZQkLu6.jpg
Ray Fearon,https://image.tmdb.org/t/p/original/ou2cqhqdhfQoKVEBpIh0P3sKZti.jpg
Kerim Hassan,https://image.tmdb.org/t/p/original/b1LNPysqfX5XmCkF8En67RR3aPI.jpg
Sam Buchanan,https://image.tmdb.org/t/p/original/au5WjiUcUjheDEJ8BEXRFXhsIS8.jpg
Amelia Kenworthy,https://image.tmdb.org/t/p/original/3QgUXGc7iOEHDlK7MQhTBmkKpP.jpg
Harry Gilby,https://image.tmdb.org/t/p/original/4rORd6r6Ts4eYWVhbP9iIsE4CEo.jpg
Jesse Gervasi,https://image.tmdb.org/t/p/original/ncXW5NuXsKqtjMsNwUgui0VyADI.jpg
Jackson Reid,https://image.tmdb.org/t/p/original/5JzYWpGDHDGhzB3qqZL1EJhzFF7.jpg
Lilly Bartlam,https://image.tmdb.org/t/p/original/dPIQFgUNaEQ70m6Bt7SVbbfYPbg.jpg
Kai Harris,https://image.tmdb.org/t/p/original/qW3fWsWIYXsuJW3bWIM07UoDxr5.jpg
Lucien Duncan-Reid,https://image.tmdb.org/t/p/original/sliCDt3gkMHXcXusq72PLLFTbHG.jpg
Luke Dietz,https://image.tmdb.org/t/p/original/3JsnxWS7wIsdplyDLtzr2PS6sgM.jpg
Jordan Mazeral,https://image.tmdb.org/t/p/original/iZtTedIiDtKbOhW070ZJPFOGuD1.jpg
Brenda Blethyn,https://image.tmdb.org/t/p/original/mxENo8tEvN0998PrNidYkN4wGGO.jpg
Carey Mulligan,https://image.tmdb.org/t/p/original/iwVHhqoz5b62FR0SDpZ7wfsuTBI.jpg
Jena Malone,https://image.tmdb.org/t/p/original/kGwV9iLmfUxJ6a73ehr0QvAnc8C.jpg
Talulah Riley,https://image.tmdb.org/t/p/original/fyfrZQOHNiOcPs2SZTajfXpX17A.jpg
Donald Sutherland,https://image.tmdb.org/t/p/original/yM8WO2BYqFvgQXAvf4CIuCYnY4j.jpg
Simon Woods,https://image.tmdb.org/t/p/original/okhXv0URRB7OYmPfQQEtEyjCg34.jpg
Judi Dench,https://image.tmdb.org/t/p/original/cpna5VGvAxuKuC31xJPBKy9zbnv.jpg
Sophie Nélisse,https://image.tmdb.org/t/p/original/1ScgAuQ4XFslWxjvHN6TGlg5ql9.jpg
Sky Yang,https://image.tmdb.org/t/p/original/vOkkOgn7CrSHY1pecVr5p8ZHIcB.jpg
Jhaleil Swaby,https://image.tmdb.org/t/p/original/bc1W48Ed875s0UqejA6XaRK9XZZ.jpg
Alissa Skovbye,https://image.tmdb.org/t/p/original/smnFa3aKNJyzwtYmGQThBsXHG4J.jpg
Percy Hynes White,https://image.tmdb.org/t/p/original/de84y3MlgDBnEtZZ3f7RDkYQPYs.jpg
Michelle Fairley,https://image.tmdb.org/t/p/original/eBKT3hf2W2YRwqgcKU92zfEttKp.jpg
Mika Amonsen,https://image.tmdb.org/t/p/original/uMSmuprmkmIPdtqJdeOIgHyS7md.jpg
Stephen Kalyn,https://image.tmdb.org/t/p/original/nsjW4Hj1dJFpAPGKsrfm1XdX5Bu.jpg
Kate Beckinsale,https://image.tmdb.org/t/p/original/nUZuC2chd5PVw2tLxePZ6uaLbhx.jpg
Richard Roxburgh,https://image.tmdb.org/t/p/original/de1XpxnOuW4v4fFWFEjmBqmHaRf.jpg
Josie Maran,https://image.tmdb.org/t/p/original/tnkLlB1hQMsk0mgXzmQs7c7p1zV.jpg
Shuler Hensley,https://image.tmdb.org/t/p/original/qMSTFvK0GzUZrwN7UhuYYQ8evr2.jpg
Will Kemp,https://image.tmdb.org/t/p/original/22fDAmoI0oEPU6Iaw5vZa6nqC92.jpg
Andrea Riseborough,https://image.tmdb.org/t/p/original/dQzAXj6R8cTRqTwGzxUgegXbV13.jpg
Anson Boon,https://image.tmdb.org/t/p/original/e1Fffuy99j5TSi0Qbyt1N6adlOI.jpg
Kit Rakusen,https://image.tmdb.org/t/p/original/lyoMOjwECPXFOBFbM8GuXvfhdJE.jpg
Monika Frajczyk,https://image.tmdb.org/t/p/original/ikJJ14ZDoMUHBbhxU67wghpfITU.jpg
Savannah Steyn,https://image.tmdb.org/t/p/original/s1lASw74DXMkf0YYqtXviptcbLD.jpg
Noah Valentine,https://image.tmdb.org/t/p/original/9ekJrxkoVRCFFV2YvwzzcWEG7Zs.jpg
Noah Manzoor,https://image.tmdb.org/t/p/original/72X2vD3v3tjAvmtyjjglbTnMuxS.jpg
Kim Hye-yoon,https://image.tmdb.org/t/p/original/ujFBbc3d0UdS4qeioxvO3xRLkdl.jpg
Lee Jong-won,https://image.tmdb.org/t/p/original/rMiWM5MybZJ0SoBuDAYxEt8dCD2.jpg
Kim Jun-han,https://image.tmdb.org/t/p/original/sGEVz3KHa7LVuD0YOvMa4X3Q6fE.jpg
Kim Young-sung,https://image.tmdb.org/t/p/original/slqUy6zlmG4nhl3shaZzDsY91MA.jpg
Oh Dong-min,https://image.tmdb.org/t/p/original/r6BB7DhXms7w8auXE6jCzn1cAbt.jpg
Yoon Jae-chan,https://image.tmdb.org/t/p/original/jNSdNnAckYYsz28Fh5MObFejMGa.jpg
Jang Da-a,https://image.tmdb.org/t/p/original/5MaXUzG5VcHU9npVuwDhEj30aPf.jpg
Lee Sung-wook,https://image.tmdb.org/t/p/original/erpOUfjadjH2duXd6XWDsa2kNfw.jpg
Jeon So-hyun,https://image.tmdb.org/t/p/original/9Nw4XWDsdj5duYTVgrstnGXYdDT.jpg
Choi Hee-do,https://image.tmdb.org/t/p/original/cD4hZdJgfe30a1PmK4dmGs04EUs.jpg
Ed Asner,https://image.tmdb.org/t/p/original/AeVizz1AfAB2TbsfyzgBvqeSR3G.jpg
Christopher Plummer,https://image.tmdb.org/t/p/original/u0YBwss0ebEUp8sjRtQKnK2wZdR.jpg
Jordan Nagai,https://image.tmdb.org/t/p/original/j1kVS2sI3wWIHCCzzYD1buXAP9e.jpg
David Kaye,https://image.tmdb.org/t/p/original/izxtFSio5twcVA1oJWPvobxpcZj.jpg
Jeremy Leary,https://image.tmdb.org/t/p/original/yYBprLIwXLt1stCGmrPTYLaiZyW.jpg
Amanda Manopo,https://image.tmdb.org/t/p/original/2SpBWxcL0kmlfvy4LnMixRLEMFv.jpg
Ersya Aurelia,https://image.tmdb.org/t/p/original/2XZVUJrgk5aUHeEKY1KLzZ21h9Q.jpg
Fahad Haydra,https://image.tmdb.org/t/p/original/hidDlI0tJrB1smXMgcJpNUoN1cl.jpg
Randy Martin,https://image.tmdb.org/t/p/original/mjZ98Br4pqm819YFLmgTJJOsKLl.jpg
Anya Zen,https://image.tmdb.org/t/p/original/ncqDgF8ph1d0fRoBzZcmM3mrdcw.jpg
Bambang Gundul,https://image.tmdb.org/t/p/original/6kATKRgo7yvxMhx3cP1jz1USwA3.jpg
Yessi Kenyang,https://image.tmdb.org/t/p/original/5IyspbQ32d3NBoItDUfmspFBny1.jpg
Pawan Kalyan,https://image.tmdb.org/t/p/original/5vbrrJgkH79UV4PSQupwc8TFw8i.jpg
Sreeleela,https://image.tmdb.org/t/p/original/lzmLrhKpLlAtDhgdScRHlDykOJu.jpg
Raashii Khanna,https://image.tmdb.org/t/p/original/8nx3hzFdge51Cb5BcocIe4ShumU.jpg
R. Parthiban,https://image.tmdb.org/t/p/original/kmghnL3LAQJaBXsA7yoh8cE2gRd.jpg
Nawab Shah,https://image.tmdb.org/t/p/original/mx168p9eqjrGyaAc3TM6viLIG4L.jpg
Avinash,https://image.tmdb.org/t/p/original/uvDw1elYkPDooFNnq6yHJKBhz6s.jpg
Gautami Tadimalla,https://image.tmdb.org/t/p/original/jIl0nNou47v2KMejA7CMO6i0JFH.jpg
Narra Srinu,https://image.tmdb.org/t/p/original/7PXj2khczo0S3PBF0rjQEDhR3aY.jpg
Naga Mahesh,https://image.tmdb.org/t/p/original/jx2QdDAKx48GcAiIblA8EWduKfn.jpg
Temper Vamsi,https://image.tmdb.org/t/p/original/7QmDysL95O4LFocakRIZeE2Np9Q.jpg
Hugh Keays-Byrne,https://image.tmdb.org/t/p/original/7XSPjKNwmyEPMnmoVSQ42ykMz6M.jpg
Josh Helman,https://image.tmdb.org/t/p/original/1thwLjrgvFv7ifjyVtTKQh23OCh.jpg
Nathan Jones,https://image.tmdb.org/t/p/original/hlu4qYy9JGPxGn0wT8Ea6mTWR8R.jpg
Rosie Huntington-Whiteley,https://image.tmdb.org/t/p/original/oq5iX2VoLGF41P5DmNDNJcczESR.jpg
Riley Keough,https://image.tmdb.org/t/p/original/wsodGduU4frFdMy1roqeDmj4kZ.jpg
Abbey Lee,https://image.tmdb.org/t/p/original/y4ZIuFjtglTjSLxhGTkzsCPFMQZ.jpg
Forest Whitaker,https://image.tmdb.org/t/p/original/4w7l5JUwnwFNBy7J93ZwYN1nihm.jpg
Tzi Ma,https://image.tmdb.org/t/p/original/x4fz0LCIiBNGdil3nBYO22W7QJ0.jpg
Abigail Pniowsky,https://image.tmdb.org/t/p/original/eFjFSNghr04PT6eBHzqLCvCUiXm.jpg
Julia Scarlett Dan,https://image.tmdb.org/t/p/original/5keIOToJhdil2uaTOXq5JX4e3OR.jpg
Jadyn Malone,https://image.tmdb.org/t/p/original/pVcseEB0gNjmkGRbvmnV8XAsPae.jpg
Frank Schorpion,https://image.tmdb.org/t/p/original/aYHpKplVgIeuN8VoJq5R1Im9QKi.jpg
Evan Peters,https://image.tmdb.org/t/p/original/m9okq20ca2Md38i2ekJeKs3vTwa.jpg
Gillian Anderson,https://image.tmdb.org/t/p/original/3Ny8ZYahb33vpqNEPNCE2IOXPew.jpg
Jodie Turner-Smith,https://image.tmdb.org/t/p/original/70w93LWJqpt0Ibw0mqNc6NKNA8U.jpg
Hasan Minhaj,https://image.tmdb.org/t/p/original/6vHHhLnbKBCPmYc90qAV2Cde95F.jpg
Cameron Monaghan,https://image.tmdb.org/t/p/original/u2nxAlWiFcc8qIjpTppFazl13CR.jpg
Sarah Desjardins,https://image.tmdb.org/t/p/original/amQ52JYS7bGJ7Hr0y27YmugIpvH.jpg
George Clooney,https://image.tmdb.org/t/p/original/4s3wI0bqOP7K3hhcmKqV6m3GYiQ.jpg
Amy Ryan,https://image.tmdb.org/t/p/original/bItqd1QUNpdegjBXNaVuFFPEZU4.jpg
Poorna Jagannathan,https://image.tmdb.org/t/p/original/cdfzpja6kif9NsWlN2K91RVn1Xt.jpg
Frances McDormand,https://image.tmdb.org/t/p/original/gBkoteKZshmQXEyEoyT6WE7N0tF.jpg
Sergio Cota Jr.,https://image.tmdb.org/t/p/original/9084lVxml9aNl22pwRTfXJmoyU5.jpg
Alfred Chou,https://image.tmdb.org/t/p/original/d0LkdIKYO4MUbPlHSjkN3hrNhb3.jpg
Belén Fabra,https://image.tmdb.org/t/p/original/jMpbVLPzbniRx6GBHz3CMdEGEIl.jpg
Leonardo Sbaraglia,https://image.tmdb.org/t/p/original/jGYgJqNEWVvp92ZPre1PEKfci5H.jpg
Llum Barrera,https://image.tmdb.org/t/p/original/jE0DJBUSPkmFG5a5sm9ZvsYRpGR.jpg
Geraldine Chaplin,https://image.tmdb.org/t/p/original/hu9GC4GaJhgsjz99IrmO5YnzHiC.jpg
Ángela Molina,https://image.tmdb.org/t/p/original/1O8l73B5bcnBHFSjmIWMfhJZCP8.jpg
Pedro Gutiérrez,https://image.tmdb.org/t/p/original/cFJkZItvfAjRDuUqAxWZJqEM0mJ.jpg
José Chaves,https://image.tmdb.org/t/p/original/2k9RnE0dyhBfkOkRw6guUkoitoX.jpg
David Vert,https://image.tmdb.org/t/p/original/cCVObNMnEt8PwK2ORw4T61vcf3l.jpg
Jaume García Arija,https://image.tmdb.org/t/p/original/50qdeboW1w5mJcKTdFYHA6ynoGD.jpg
Shira Haas,https://image.tmdb.org/t/p/original/eZRs79ZMoctjDk0SbPhzMNcs34a.jpg
Tim Blake Nelson,https://image.tmdb.org/t/p/original/rWuTGiAMaaHIJ30eRkQS23LbRSW.jpg
Carl Lumbly,https://image.tmdb.org/t/p/original/ew1URcenWNl1Uclsz9ADiRb0uBD.jpg
Giancarlo Esposito,https://image.tmdb.org/t/p/original/rcXnr82TwDzU4ZGdBeNXfG0ZQnZ.jpg
Xosha Roquemore,https://image.tmdb.org/t/p/original/k596seeX26xKN8bZ3Uir9zFJ2gS.jpg
Jodie Comer,https://image.tmdb.org/t/p/original/AfsBpnfw0E2h8NZK4zkFcOjYlEb.jpg
Edvin Ryding,https://image.tmdb.org/t/p/original/d7fcmwBi974TD3soI4VG88c8YN2.jpg
Christopher Fulford,https://image.tmdb.org/t/p/original/2n73aEyiU4fJprC2vHIf0M7YJ62.jpg
Stella Gonet,https://image.tmdb.org/t/p/original/cUmDfX4fNvtAl5199HUc29ZDsAc.jpg
Kim Allan,https://image.tmdb.org/t/p/original/lvFLHDgJvepgOZCCmH7ZruNPogq.jpg
Mélanie Laurent,https://image.tmdb.org/t/p/original/i99ogEo4gQyanCmHWYYoS6hsUqL.jpg
Eli Roth,https://image.tmdb.org/t/p/original/qQTkpxzh1FlBGL1HD5hzdUMxv49.jpg
Michael Fassbender,https://image.tmdb.org/t/p/original/xvbnUiB2ZBR3QIt595OzNy657Vw.jpg
Daniel Brühl,https://image.tmdb.org/t/p/original/3YlmTfiy5qZXkrdKGjaM1uMjGKP.jpg
Til Schweiger,https://image.tmdb.org/t/p/original/3Jk7y4sKgckrN9RzAAt0drlR0QG.jpg
Gedeon Burkhard,https://image.tmdb.org/t/p/original/oC2C7AEh5WUa7XShz7SMpuNwheP.jpg
Jacky Ido,https://image.tmdb.org/t/p/original/qvPeXby2lTt0bHCk6diaUY0pmdv.jpg
Minnie Driver,https://image.tmdb.org/t/p/original/2uwaHwpoutbXMuYY5v2dhWU0hml.jpg
Cole Hauser,https://image.tmdb.org/t/p/original/1SNoIDILoXtAUJu4f7nDCPVQH5j.jpg
Vik Sahay,https://image.tmdb.org/t/p/original/690bPfmzaXsrZ1eDcUOCDT5TPpq.jpg
John Mighton,https://image.tmdb.org/t/p/original/rpUoJP8MSQiYO10brIAhbn216FM.jpg
Srđan 'Žika' Todorović,https://image.tmdb.org/t/p/original/drsYd3lcoq60vWSeteU3bKtpSOP.jpg
Sergej Trifunović,https://image.tmdb.org/t/p/original/xs2HFKqh19XljwCZtH6ID7Vy9Eg.jpg
Jelena Gavrilović,https://image.tmdb.org/t/p/original/jsg6n5qSCQ30KfrZd4H3WExIyiV.jpg
Slobodan Beštić,https://image.tmdb.org/t/p/original/4BeR1uh2fso4JAYyWepbPLOJpuK.jpg
Katarina Žutić,https://image.tmdb.org/t/p/original/gNR0u2UkQmG5LWKfJDSRhALCGUJ.jpg
Ana Sakić,https://image.tmdb.org/t/p/original/h7sU5hVV40ghD4cWb0aNBkyoahZ.jpg
Marc Maron,https://image.tmdb.org/t/p/original/xzRBK8hR6693VQWmr3Wx2UVoA5P.jpg
Anthony Ramos,https://image.tmdb.org/t/p/original/gCeRfH3aetIpZwKxe8Wl4ZYcQg5.jpg
Maria Bakalova,https://image.tmdb.org/t/p/original/vCz0ycZr1PgJVOAeS29fIiZE8pN.jpg
Alex Borstein,https://image.tmdb.org/t/p/original/kNzXi083vw5B0YnrJODwBAf84Aq.jpg
Elsie Fisher,https://image.tmdb.org/t/p/original/lSmrN828nMMXHvwr7IgO1qlYPSa.jpg
Russell Brand,https://image.tmdb.org/t/p/original/7POhMFAcAriFEtOU3lhOUtDAWFC.jpg
Julie Andrews,https://image.tmdb.org/t/p/original/kTXM2KfsXh2vSav0s9vaDKfs4lR.jpg
Odessa A'zion,https://image.tmdb.org/t/p/original/5Q0Z5O3nkZH5JvueTyc2q0anw2B.jpg
Kevin O'Leary,https://image.tmdb.org/t/p/original/eUDfTddvXHOAZR5Sh1hs3IVF5mb.jpg
"Tyler, The Creator",https://image.tmdb.org/t/p/original/jdAYV2hhjsffcRBTPqCMzHLIiM1.jpg
Fran Drescher,https://image.tmdb.org/t/p/original/kQzvZ4ksLunfs3QZQtzRhzLJPBY.jpg
Abel Ferrara,https://image.tmdb.org/t/p/original/wdOxXWyxE3HjrtdeOJvc9xB5eUv.jpg
Emory Cohen,https://image.tmdb.org/t/p/original/mtummZcNxmcJQ1JIoQUcV3Fwb3.jpg
Géza Röhrig,https://image.tmdb.org/t/p/original/3XrYcL5wC1wQnmqJautgZK3XuiM.jpg
Koto Kawaguchi,https://image.tmdb.org/t/p/original/aTR2fKtjr2mTXTtU5ywNAKJv1jG.jpg
Teresa Palmer,https://image.tmdb.org/t/p/original/sjSiLSCp9LS1Z0nyGpmquTBuUyr.jpg
Luke Bracey,https://image.tmdb.org/t/p/original/ot2h7IrXpC8XSnIZDSVsj2FQ5cx.jpg
Rachel Griffiths,https://image.tmdb.org/t/p/original/n7rKwLjZmbkBKWBwhj9SYzsRaF6.jpg
Ryan Corr,https://image.tmdb.org/t/p/original/iVV9HFbI562kqMOkvw0js7nzoK8.jpg
Goran D. Kleut,https://image.tmdb.org/t/p/original/vsN8BI3t4c8JHLoLznCZxO9gZ6r.jpg
Michael Nyqvist,https://image.tmdb.org/t/p/original/d9nGt8MloJwosRbGp10gaeHExcZ.jpg
Alfie Allen,https://image.tmdb.org/t/p/original/aF3SyXNd2JfktnYkUvC1tsFHJDu.jpg
Dean Winters,https://image.tmdb.org/t/p/original/zxgOZAYGxa2qmiZkJKGRIhwbGhG.jpg
Adrianne Palicki,https://image.tmdb.org/t/p/original/qjONLp73Z5tvbuMe9g18Mb9hI0J.jpg
Omer Barnea,https://image.tmdb.org/t/p/original/aHAxzvcDnxPoAT592ZIaLhA90tQ.jpg
Toby Leonard Moore,https://image.tmdb.org/t/p/original/7GiM5k3T7QfvOOuXvrjNqduhIK4.jpg
Daniel Bernhardt,https://image.tmdb.org/t/p/original/3BLz32inDr1jznU6pKQmh20zfhK.jpg
Bridget Moynahan,https://image.tmdb.org/t/p/original/7WuwRCcwtBmJZ64pNsLbwhQCEA4.jpg
Kazunari Ninomiya,https://image.tmdb.org/t/p/original/4mxogZeEPZiVrnJ4L8ICvOJONfs.jpg
Yamato Kochi,https://image.tmdb.org/t/p/original/8CUS41LVMlBH5Am2uZC3F44yyDw.jpg
Nana Komatsu,https://image.tmdb.org/t/p/original/74WvpjdZkE5kYSEHwG9E4f0gVKk.jpg
Naru Asanuma,https://image.tmdb.org/t/p/original/orV4an2sD7PgLpHCulgCBDgs1bl.jpg
Kotone Hanase,https://image.tmdb.org/t/p/original/xSimDM5cdwBtVAa7FJ36gFyMC0p.jpg
Hirota Otsuka,https://image.tmdb.org/t/p/original/fWxZgSLwAl3JAbLHoTyZDcGTI1m.jpg
Tara Nakashima,https://image.tmdb.org/t/p/original/6GWRQWO1NcHFoRVlp5L3ZmL69Ed.jpg
Reo Soda,https://image.tmdb.org/t/p/original/v63pfKMiVrMidWfqhEU213pZQSS.jpg
Mikio Ueda,https://image.tmdb.org/t/p/original/wsAhgcda1yuPfAAlgGNt5L4FlYd.jpg
HIKAKIN,https://image.tmdb.org/t/p/original/wuBzUSQJn8YApxQ35MEswALqWyi.jpg
Vivica A. Fox,https://image.tmdb.org/t/p/original/oIzevp0dqjIxqRQ2VoSzjiDCBt.jpg
Michael Madsen,https://image.tmdb.org/t/p/original/fvr2EXEPrVwsF2JlfRp0Olbj4g8.jpg
Daryl Hannah,https://image.tmdb.org/t/p/original/5FllFmoiaru7tjXJ6Orc11OpQcw.jpg
David Carradine,https://image.tmdb.org/t/p/original/1X2GlkMKS9FIG1kGou7o6LRqAjz.jpg
Julie Dreyfus,https://image.tmdb.org/t/p/original/4dOHTPwEdCsRkMQZtUMFqpTzX9g.jpg
Chiaki Kuriyama,https://image.tmdb.org/t/p/original/2lGs2rzx9VovrtBFsKM5Fy1Uja5.jpg
Sonny Chiba,https://image.tmdb.org/t/p/original/k3kHcYUBj8RskpAEDaJ0FR6ynSx.jpg
Gordon Liu Chia-Hui,https://image.tmdb.org/t/p/original/nGpgPSRGXJ808e1ay54nym3qUdp.jpg
Rishab Shetty,https://image.tmdb.org/t/p/original/eRaOUg2B02XH1l6P4juGzaPDr3u.jpg
Rukmini Vasanth,https://image.tmdb.org/t/p/original/sQrlyh8YSnqFKsZ80E0HUWtx7Um.jpg
Gulshan Devaiah,https://image.tmdb.org/t/p/original/6fOS4P9KiPFvIuLyvIUfMyXiF29.jpg
Pramod Shetty,https://image.tmdb.org/t/p/original/86EdpeMO9V7tQt1tgIk3MpnKSTH.jpg
Deepak Rai Panaje,https://image.tmdb.org/t/p/original/sKDSBchwG85XdhUulFzDVsxopIz.jpg
Toshirō Mifune,https://image.tmdb.org/t/p/original/3A9PqrtiXHLp8B2JL7m3YvVXrmL.jpg
Takashi Shimura,https://image.tmdb.org/t/p/original/ydyAm2vyBbEPZRICIMqqjDm0NM9.jpg
Yoshio Inaba,https://image.tmdb.org/t/p/original/5qIAqM5PegWTNq67qNofz78fb6U.jpg
Seiji Miyaguchi,https://image.tmdb.org/t/p/original/mAGkZlsowKzgpvvi40mRLU4vA53.jpg
Minoru Chiaki,https://image.tmdb.org/t/p/original/9E3efYEg8pxANdfVLqYGiX8zJE8.jpg
Daisuke Katō,https://image.tmdb.org/t/p/original/dTcLO2XWLwp6RiJTpwDjxzbnuSp.jpg
Isao Kimura,https://image.tmdb.org/t/p/original/afLPuf3x7UYXryAbqAGqmRcVNNW.jpg
Keiko Tsushima,https://image.tmdb.org/t/p/original/c4h0z00YkEUav0lGHoqVpeUzbul.jpg
Yukiko Shimazaki,https://image.tmdb.org/t/p/original/wX1QqvkIdBQbNexTCxbmXyu6dUf.jpg
Kamatari Fujiwara,https://image.tmdb.org/t/p/original/jf1aok2Ln5XG805BDzBJc2PjZQg.jpg
James Woods,https://image.tmdb.org/t/p/original/tLH7mpH4KqkWL5VgjueTbewGsfK.jpg
Elizabeth McGovern,https://image.tmdb.org/t/p/original/ihYdCKyr3JPz74tPuvkn1WSNh9b.jpg
Burt Young,https://image.tmdb.org/t/p/original/6QWnsSbjYog0D6hkPhg7Frty54D.jpg
Tuesday Weld,https://image.tmdb.org/t/p/original/9d58qElviT6Q9soeixJmxWtaMBc.jpg
Treat Williams,https://image.tmdb.org/t/p/original/jbRMOU2K7ePg7Zs59nfgEYLeD1e.jpg
James Hayden,https://image.tmdb.org/t/p/original/A0l96u277mqrr7diMb9Xbj0idyp.jpg
Lino Banfi,https://image.tmdb.org/t/p/original/j7ZOhttsQ6SeDS2c5hgxEOjlRrp.jpg
Alvaro Vitali,https://image.tmdb.org/t/p/original/6Lel88DA599JZfxYGSBn1s1sOnM.jpg
Leo Colonna,https://image.tmdb.org/t/p/original/dTgyKJwTOgct8CTzJCKAj0Du85x.jpg
Mario Carotenuto,https://image.tmdb.org/t/p/original/xr7zoHY4fnmvn3ZwUoybvbSpdRG.jpg
Annamaria Clementi,https://image.tmdb.org/t/p/original/1fVKrA4ko4DzJrlq3Z4C6A8icvx.jpg
Lucio Montanaro,https://image.tmdb.org/t/p/original/zCJclgTAafgTgml3a2W04xgs9sG.jpg
Francesca Romana Coluzzi,https://image.tmdb.org/t/p/original/xY0qnTCvgPXircEL8jG9bLOqc93.jpg
Paola Senatore,https://image.tmdb.org/t/p/original/eANM2JEGMjvkJ9xPyNdxy1VWEeS.jpg
Kelly McGillis,https://image.tmdb.org/t/p/original/150q3jC4YF1pzSCRe29Kn12W9Ao.jpg
Anthony Edwards,https://image.tmdb.org/t/p/original/rP88gP87pa3je6Viem3081tESIV.jpg
Michael Ironside,https://image.tmdb.org/t/p/original/mzHmxtKcMJjDqWxKd67mKQJFW1B.jpg
John Stockwell,https://image.tmdb.org/t/p/original/5XmsOQP1fdsELSPmCFuFWUVElfr.jpg
Barry Tubb,https://image.tmdb.org/t/p/original/sKzDWQWecmA5iuCxVCuMrYvn9Wf.jpg
Mia Wasikowska,https://image.tmdb.org/t/p/original/xOYlAZsLwFZ0gNHLnt1Hzuo2yqN.jpg
Matt Lucas,https://image.tmdb.org/t/p/original/2OhGLJqiknaWlbTkG2KDwT935km.jpg
Stephen Fry,https://image.tmdb.org/t/p/original/lv2nwyciDv1P5FPsjD6DmFzV7Nt.jpg
Logan Lerman,https://image.tmdb.org/t/p/original/ckcpgSvSWOhi8mvAfR1Cpsakg3S.jpg
Jim Parrack,https://image.tmdb.org/t/p/original/kojTolzA20itC8zd82QVaeTfQsJ.jpg
Brad William Henke,https://image.tmdb.org/t/p/original/ynte6cntUQ87iZcbWMxesf7mD59.jpg
Kevin Vance,https://image.tmdb.org/t/p/original/w0CsNlqcGxBhIuJ94vEDMY7gcRz.jpg
Ju Ji-hoon,https://image.tmdb.org/t/p/original/7PYfUrBBXhYv5PIsTalJhjbRteg.jpg
Kim Kang-woo,https://image.tmdb.org/t/p/original/1B883y0AG0WPTmGkC14XIggXVLz.jpg
Lee You-young,https://image.tmdb.org/t/p/original/16E3VXh5mubkKuRZPOELAESkJ4H.jpg
Cheon Ho-jin,https://image.tmdb.org/t/p/original/eS5jGpHrBDu3wtHHEfUNkwnZ0uE.jpg
Cha Ji-yeon,https://image.tmdb.org/t/p/original/6ntm2nrIvIcb8ifMpyalDNaUVoF.jpg
Go Kyung-pyo,https://image.tmdb.org/t/p/original/71ey2m4Ono5wHYAl4cUjJvYwrzP.jpg
Seo Young-joo,https://image.tmdb.org/t/p/original/agT8nCtXN1dalLgMPmceOeOFttr.jpg
Song Young-chang,https://image.tmdb.org/t/p/original/gcidJKlJtyr7mAlI3ffMRxBj0qG.jpg
Cho Han-cheul,https://image.tmdb.org/t/p/original/58DGEXFyWfaFdqL7yKKW0VdEg3R.jpg
Shiva Kandukuri,https://image.tmdb.org/t/p/original/AlMXJvZE1Td0KlF2FQCUrQxdEZl.jpg
Rajiv Kanakala,https://image.tmdb.org/t/p/original/29Czs1esSU744TOe3ddDzCuCa0g.jpg
Rajkumar Kasireddy,https://image.tmdb.org/t/p/original/u7kPoGR1d3Xuo633V4hIBdhiLdm.jpg
Teju Ashwini,https://image.tmdb.org/t/p/original/lTrsWNHiVOZadgAQYSmkyBWEiKA.jpg
Tommy Lee Jones,https://image.tmdb.org/t/p/original/mCiZNRAzbnPojJEZwVZWLw9kzxR.jpg
Garret Dillahunt,https://image.tmdb.org/t/p/original/4L9bdqQIdfrtqR7JQdsIhlF3Fjk.jpg
Tess Harper,https://image.tmdb.org/t/p/original/8Z770Kk13MK1NP7skWmTxvRGx3V.jpg
Barry Corbin,https://image.tmdb.org/t/p/original/avNg0rmudSPg30f8Xt9BwkPDC17.jpg
Rodger Boyce,https://image.tmdb.org/t/p/original/7ZgjcEJWDpQhtwLBg44uJPUlPvp.jpg
Dominique Swain,https://image.tmdb.org/t/p/original/7zRGmaNRvUCtbD4K3o6Hjmw65IL.jpg
Melanie Griffith,https://image.tmdb.org/t/p/original/yffPcqlZMsXTCAZ84a1tLmdcIS6.jpg
Frank Langella,https://image.tmdb.org/t/p/original/86DEo3sBguyc1l46606yVKD28T4.jpg
Suzanne Shepherd,https://image.tmdb.org/t/p/original/nkfMXeTtkGPPRzvun3mBTntkiOS.jpg
Keith Reddin,https://image.tmdb.org/t/p/original/uKbIyBnAYmWjbRUvnRUl46Rpmsy.jpg
Erin J. Dean,https://image.tmdb.org/t/p/original/sEk465uU3kZXOek1BDTfnob09oY.jpg
Joan Glover,https://image.tmdb.org/t/p/original/evZY18PBHKiogK17Gf35z8GycnZ.jpg
Samantha Allsop,https://image.tmdb.org/t/p/original/8Bxoa9AOX1MH3ez0WqvrwAHmybI.jpg
Jackson Gallagher,https://image.tmdb.org/t/p/original/lMZR7HRDOCm2phsGR1uLvxX4mas.jpg
Callan Colley,https://image.tmdb.org/t/p/original/pt6njzn2ZvlWwR2mzpG5pfZto0z.jpg
Brittany Grey,https://image.tmdb.org/t/p/original/xIT94SRVTCKgI1tbtaYUhk6qRVh.jpg
Patrick Atchison,https://image.tmdb.org/t/p/original/mCJm94klfyi5ZV27r2Pm5qOXCXA.jpg
Kim Denman,https://image.tmdb.org/t/p/original/yCsYMnXXI6BodZPMgzttH04fSa4.jpg
Mia Artemis,https://image.tmdb.org/t/p/original/yVlUXIgP3MpE8mv9qPIINnD55Uc.jpg
Nat Buchanan,https://image.tmdb.org/t/p/original/r0vGq2jwwA7WQPoD7I0wcOxB2KC.jpg
GaTa,https://image.tmdb.org/t/p/original/2axCSmwaghud0WVjnqxX022fUUF.jpg
Hadley Robinson,https://image.tmdb.org/t/p/original/rZ7O1iAb8JAdaUk4D6yKrNG4WbH.jpg
Dermot Mulroney,https://image.tmdb.org/t/p/original/kkrMKD6b4vEdphVgKsenRY4NgiC.jpg
Deborah Faye Lee,https://image.tmdb.org/t/p/original/1tbIgdtj6ySjSb9r7r2NcRC1e5v.jpg
Emile Hirsch,https://image.tmdb.org/t/p/original/NQjX6KjtDDyLnvbxhrU9xQWaYJ.jpg
Bruce Dern,https://image.tmdb.org/t/p/original/5RKGcElQiFZh4Mu9gInyUhr9Uu7.jpg
Gena Rowlands,https://image.tmdb.org/t/p/original/j6Op08k2AkPGrNHpMNp30Pu8t36.jpg
James Garner,https://image.tmdb.org/t/p/original/8186fvIAGrIGqnvb49CgULo34G4.jpg
Joan Allen,https://image.tmdb.org/t/p/original/aLYQFv11lb8hyBuP7ewkuxWbK8q.jpg
David Thornton,https://image.tmdb.org/t/p/original/pNOWmEQWEI2gdW6hoVPO2C8PN98.jpg
Kevin Connolly,https://image.tmdb.org/t/p/original/1QDmx5t0anO0wkfABfgLtkuLFOy.jpg
Starletta DuPois,https://image.tmdb.org/t/p/original/pRa261QaUrK03ERYG26QHYCRP0n.jpg
He Yuxiang,https://image.tmdb.org/t/p/original/ftyBCAgwqIUXIrGuGLxfGrRrPIf.jpg
Ren Junpeng,https://image.tmdb.org/t/p/original/4Nh2EqWzCZqhFJnU0VvnievIVhV.jpg
Da Hai,https://image.tmdb.org/t/p/original/r0V7EhrOLxrELJZ0IGKoIZpo0eJ.jpg
Choi Min-sik,https://image.tmdb.org/t/p/original/sd7gIA6nEkq6zumkDCfxSE0YSSV.jpg
Kang Hye-jung,https://image.tmdb.org/t/p/original/1MYnPxhU9GnhkitxVoWuR9kNiqu.jpg
Kim Byeong-ok,https://image.tmdb.org/t/p/original/oGVs2OmYTyXR0KT9xvzVWCAKx8t.jpg
Ji Dae-han,https://image.tmdb.org/t/p/original/9aoOX8p2oxUAwOaT8jT6GWfjs01.jpg
Lee Seung-shin,https://image.tmdb.org/t/p/original/w9d73Yl1LFPyKAnLyd1gGCD3SYM.jpg
Yoon Jin-seo,https://image.tmdb.org/t/p/original/5br9jHiVLUTmiNxqswpmDg7Zowb.jpg
Oh Tae-kyung,https://image.tmdb.org/t/p/original/xde1lSXPGhqEHL8DzLIn3YtuLhb.jpg
Yoo Yeon-seok,https://image.tmdb.org/t/p/original/cB95no6uPnMu5FdlVWK3cO9k5xR.jpg
Maniesh Paul,https://image.tmdb.org/t/p/original/pUEKvdgIJSv5TN5moW5qARu3dCk.jpg
Chunky Panday,https://image.tmdb.org/t/p/original/2dG7abdDNs3MVmrAa6HEBFKhch4.jpg
Jimmy Shergill,https://image.tmdb.org/t/p/original/A3fJrhIgM7Q5TGwbQYxYBjNsV37.jpg
Mouni Roy,https://image.tmdb.org/t/p/original/cKkVgHMSzJd9swrYQ7k2a1j0LfW.jpg
Kubbra Sait,https://image.tmdb.org/t/p/original/r10S8LU2HB2zTQx9KHeo8isufs6.jpg
Sylvester Stallone,https://image.tmdb.org/t/p/original/gn3pDWthJqR0VDYGViGD3048og7.jpg
Richard Crenna,https://image.tmdb.org/t/p/original/dsViQ2ate32xTSQgxoEHKQl0Evj.jpg
Bill McKinney,https://image.tmdb.org/t/p/original/bXGJNizj5SbEFPjeBupnRxgwPq0.jpg
Jack Starrett,https://image.tmdb.org/t/p/original/AnB9XJJkveIyh64aeFKMs7jvyPW.jpg
Michael Talbott,https://image.tmdb.org/t/p/original/kyHGWUqaMsYoFXjywZcaqxsKjLh.jpg
John McLiam,https://image.tmdb.org/t/p/original/2clg52K8jbFllLD5M1QD0F3yYhj.jpg
Alf Humphreys,https://image.tmdb.org/t/p/original/uxY07qvGzaqVdtu4CpQjGs3W9KK.jpg
David Caruso,https://image.tmdb.org/t/p/original/4aflRWhJW8gvnYIXPY52KcNTzkO.jpg
Quincy Jones,https://image.tmdb.org/t/p/original/5gLBCGdhwCXmA0ns5E3pMmIHvpv.jpg
Paul McCartney,https://image.tmdb.org/t/p/original/dSheYj41UvBQ4DAEtfyuS1R52Ce.jpg
Usher,https://image.tmdb.org/t/p/original/5LGTj79RPTJdBD19E30HtItbx5y.jpg
Mary J. Blige,https://image.tmdb.org/t/p/original/riQBsxzhbp8E7T9noJEZrEoLZWO.jpg
Mark Ronson,https://image.tmdb.org/t/p/original/8GTi2eUkcirPDtYMh1GlvjACvTv.jpg
Ed Eckstine,https://image.tmdb.org/t/p/original/NLiH5qPlUemG5bXK8wba27DDPP.jpg
John Branca,https://image.tmdb.org/t/p/original/wkp2yxOYFg6rn7aJZysnGuztfFF.jpg
Misty Copeland,https://image.tmdb.org/t/p/original/wa0GWN4NZw0JIzYPvoKQUtCIfwl.jpg
Helen Mirren,https://image.tmdb.org/t/p/original/1reKRrsdsHXJaRVHVyOEg4oPTcZ.jpg
Eddie Marsan,https://image.tmdb.org/t/p/original/9atfOgIxhfOKvv2be8HEp6SzOct.jpg
Eliana Su'a,https://image.tmdb.org/t/p/original/vlXynQWryjp70rbQwxqQlNBmtwL.jpg
Lori Pelenise Tuisano,https://image.tmdb.org/t/p/original/jVHQK0iUQul8ivwlbuaYJCBol7T.jpg
Yahya Abdul-Mateen II,https://image.tmdb.org/t/p/original/79VdVjUoiYGcgjOT9UmE5XIpoZM.jpg
Randall Park,https://image.tmdb.org/t/p/original/u1QpbjVIKegk79DJG9HFmg9Ljv4.jpg
Amber Heard,https://image.tmdb.org/t/p/original/vnDolRlZWiOLBg1N0hsUTz4OH4C.jpg
Nicole Kidman,https://image.tmdb.org/t/p/original/4KSQDodyBtTDMaREYgMdWD1LbH1.jpg
Indya Moore,https://image.tmdb.org/t/p/original/uIRHpgbj9DfjMksigXmi497xRqU.jpg
Pilou Asbæk,https://image.tmdb.org/t/p/original/hUJAtjbYG7rqm54aoWtNWeeKjTY.jpg
Ariana DeBose,https://image.tmdb.org/t/p/original/sPJo4F7NxllcPD1oSi6uh9OpAyj.jpg
Fred Hechinger,https://image.tmdb.org/t/p/original/nxQfwTWev2VzQJDdKHixPvwXiZS.jpg
Alessandro Nivola,https://image.tmdb.org/t/p/original/53wfpjSwPTMwhfuOSdgGgojMI8m.jpg
Christopher Abbott,https://image.tmdb.org/t/p/original/qWmlTycQb3yXaGhxPb6LCyaDjqh.jpg
Yuri Kolokolnikov,https://image.tmdb.org/t/p/original/77g4exFoU4FvCWoWVgn6aXR01rA.jpg
Levi Miller,https://image.tmdb.org/t/p/original/5ovVnN2ffAWzwhZQKZWZWUgf6tZ.jpg
Tom Reed,https://image.tmdb.org/t/p/original/gDvNQXHOQNBM5HyK9GfKu0tzPP1.jpg
Billy Barratt,https://image.tmdb.org/t/p/original/h8XlTs26su2Rg3oLtShERYEnVc6.jpg
Jessey Lever,https://image.tmdb.org/t/p/original/Aa9SuM1J1Wn5JsmVIMe4uQ9OYRk.jpg
Anupriya Goenka,https://image.tmdb.org/t/p/original/yU73MlKR4rTtxWXPqeqIBxsKY3q.jpg
Mohan Kapur,https://image.tmdb.org/t/p/original/lL0J5DBOwN1pwLCvuo7uQ0ApjF.jpg
Ranjan Raj,https://image.tmdb.org/t/p/original/nqVHCwVLUrARq4DtFKRbzHhvMZq.jpg
Shivani Paliwal,https://image.tmdb.org/t/p/original/kyysczRjkCbVQFd5lBKzQy407o.jpg
Shantanu Anam,https://image.tmdb.org/t/p/original/4wpU6yrjGgTQBaCCn0hRq4TxgdZ.jpg
Rose Sardana,https://image.tmdb.org/t/p/original/d5Ui87qcexhS5lj4FHXJ8VBGYla.jpg
Ming-Na Wen,https://image.tmdb.org/t/p/original/eqCzFF83It56cUdjpskzvg8jgq.jpg
BD Wong,https://image.tmdb.org/t/p/original/w7Hs9m6ocS2qlibvrLOvmyCKbAN.jpg
Miguel Ferrer,https://image.tmdb.org/t/p/original/n6VZ8OQmozHmnJQRwR55gBH8Tl0.jpg
Harvey Fierstein,https://image.tmdb.org/t/p/original/4th4mr9iR23DdjFjVGhrtCnJRNq.jpg
Freda Foh Shen,https://image.tmdb.org/t/p/original/zxEbCZDN1XFaPU2gs5XKPy9dauJ.jpg
June Foray,https://image.tmdb.org/t/p/original/6s5sWcOPGtVdbMFtZwkWadArj2I.jpg
Miriam Margolyes,https://image.tmdb.org/t/p/original/vsnCGCp0nhJTag56HP8XFhXnZo9.jpg
Pat Morita,https://image.tmdb.org/t/p/original/dwnjbEvhKRanS5xTaI1NkZ98aM9.jpg
Noelle Perdue,https://image.tmdb.org/t/p/original/dHrBMnIfAfwXzNWice1AdljWDua.jpg
Siri Dahl,https://image.tmdb.org/t/p/original/aNtkOvd8uE6fm9MKDaPYvn4DJ1Z.jpg
Wolf Hudson,https://image.tmdb.org/t/p/original/hWPU9b0egmBC2fqDUgU4UubOwtn.jpg
Bree Mills,https://image.tmdb.org/t/p/original/ql5DBazbVozMqktpcFv7aby2I0F.jpg
Cherie DeVille,https://image.tmdb.org/t/p/original/1Z0p3l5xKL3lhLIsiisfTHsMgae.jpg
Asa Akira,https://image.tmdb.org/t/p/original/iIPMduzcgzJMw4AV9CpPnaJnauG.jpg
Natassia Dreams,https://image.tmdb.org/t/p/original/9JCAswM1Rm3SDlrSxqo2z9hiEnm.jpg
Gwen Adora,https://image.tmdb.org/t/p/original/rDxYlty56ix9zrGzD8C8p6KdDUC.jpg
William Moseley,https://image.tmdb.org/t/p/original/6HTpmCaGhtLEY6OUhRaXYgldb0x.jpg
Anna Popplewell,https://image.tmdb.org/t/p/original/7GXEPxNCbc6EtnulCEPWnEvKJIN.jpg
Skandar Keynes,https://image.tmdb.org/t/p/original/pIdgY16c6AzmCD31pXlCR9SjLlM.jpg
Georgie Henley,https://image.tmdb.org/t/p/original/dW7ZQfrm2A4rVtZrIPbWOUXNvsJ.jpg
James McAvoy,https://image.tmdb.org/t/p/original/u4REKbm3zhFI2J5tVyqRovGRYUJ.jpg
Sybil Danning,https://image.tmdb.org/t/p/original/3BIF03EVJMxD7dOPhqlG0Z5RyoI.jpg
Marlène Appelt,https://image.tmdb.org/t/p/original/e0DgE6cKGAOZMVef4tlNDw1xgTp.jpg
Paul Mescal,https://image.tmdb.org/t/p/original/vrzZ41TGNAFgfmZjC2sOJySzBLd.jpg
Emily Watson,https://image.tmdb.org/t/p/original/bd0qiJXHoLNpkCqABsh67AKRtjC.jpg
Joe Alwyn,https://image.tmdb.org/t/p/original/elATrWUfYdTmEiTur6SmeNBaqXn.jpg
Jacobi Jupe,https://image.tmdb.org/t/p/original/wVpax8MOwdelnQILiDNoDkTzebU.jpg
Noah Jupe,https://image.tmdb.org/t/p/original/cBhJisZrIsZzamiUCVjOZODcqOK.jpg
Olivia Lynes,https://image.tmdb.org/t/p/original/cao5MdKpOR0uCDIymGdIP4kG0rD.jpg
Justine Mitchell,https://image.tmdb.org/t/p/original/b8dmEYP6RbwLPL3HdKRcBTfEUPw.jpg
David Wilmot,https://image.tmdb.org/t/p/original/epb46N0iJyAmSOguMdFn6qQGSsy.jpg
Louisa Harland,https://image.tmdb.org/t/p/original/8uH0t3Y7saXoPTYiSGy8ZQn6s8B.jpg
Michelle Ziudith,https://image.tmdb.org/t/p/original/tPdN1dv7lSlOrjqi4NmfxCABn0j.jpg
Rio Dewanto,https://image.tmdb.org/t/p/original/mkukGDtAAsdMUxV8gJI6KW8tQnE.jpg
Taskya Namya,https://image.tmdb.org/t/p/original/cBlyNw0Ys8wlBOu1CGCfo8k0dGt.jpg
Imelda Therinne,https://image.tmdb.org/t/p/original/3TDirF0dVQPvsayFLnGO3y6fytu.jpg
Dewi Pakis,https://image.tmdb.org/t/p/original/9VqvXriHKYJyo5cOHnF8pyU9ouA.jpg
Whani Darmawan,https://image.tmdb.org/t/p/original/xFFijmsdAkzHKLy9LxGrCxxFH3B.jpg
Pritt Timothy,https://image.tmdb.org/t/p/original/cgc0BBQAuL6tR4MwcK1HYIBkN0k.jpg
Saputra Kori,https://image.tmdb.org/t/p/original/a3925w9HczHbqVILjuWLigZuzVd.jpg
Della Dartyan,https://image.tmdb.org/t/p/original/bBhOVR9T1FpEclbcMEHT9d9asVR.jpg
Ulka Gupta,https://image.tmdb.org/t/p/original/vS53fJvAYuLrol8UlKOacWKvaqm.jpg
Aishwarya Ojha,https://image.tmdb.org/t/p/original/vn4xkz2yRynvsafTbKCxkI3GrBc.jpg
Aditi Bhatia,https://image.tmdb.org/t/p/original/qSU98pKYeg1xc3Ij3ms6NOzttE9.jpg
Arjan Aujla,https://image.tmdb.org/t/p/original/2CWIgJIuvR4QDDCBoAOm2CqT318.jpg
Abhishek Shankar,https://image.tmdb.org/t/p/original/7sjV4yfSV8QAlBuGw4oPjkUHIOZ.jpg
Alka Amin,https://image.tmdb.org/t/p/original/w4s0xaOgN1S7HzkUWPt5A7Kb0Da.jpg
Josh Lucas,https://image.tmdb.org/t/p/original/ueR4CH32f22DGjFxuhnW1o3YKB3.jpg
Bill Sage,https://image.tmdb.org/t/p/original/3q2r6eDcC843GgVHVA7mSehcqC9.jpg
Chloë Sevigny,https://image.tmdb.org/t/p/original/eM7KGAMCmZCzYDFV8gaSfknN675.jpg
Samantha Mathis,https://image.tmdb.org/t/p/original/7J7gvH1uRqfPAPlg7b35rrxSbLB.jpg
Matt Ross,https://image.tmdb.org/t/p/original/qqPMm2lrjajJ1EpJ1jXEayz5oqP.jpg
Carl Weathers,https://image.tmdb.org/t/p/original/9Tot1ywxTQA3vFCcAjyK6h9Dao3.jpg
Kevin Peter Hall,https://image.tmdb.org/t/p/original/wdW2sUAQPonZcQo8oDY1j60h7DP.jpg
Elpidia Carrillo,https://image.tmdb.org/t/p/original/u8ZEUAUdVjUE8DTddv81rE1Qer7.jpg
Bill Duke,https://image.tmdb.org/t/p/original/hZrYPwer5PeK77OEILkNWHVb3ss.jpg
Jesse Ventura,https://image.tmdb.org/t/p/original/j1OaAOYJbelxGrFMzlwz6wfGaXA.jpg
Sonny Landham,https://image.tmdb.org/t/p/original/873kBnyYgm8xYyeb26EXdCGDgnv.jpg
Richard Chaves,https://image.tmdb.org/t/p/original/leJa0My0VtHINCpmose619KXupp.jpg
R.G. Armstrong,https://image.tmdb.org/t/p/original/wDsIQBOtNZotwMEi2QJLSNrLEXc.jpg
Shane Black,https://image.tmdb.org/t/p/original/fafBg8LjtQqsXyFg8ZgW7DHQXKt.jpg
Alice Krige,https://image.tmdb.org/t/p/original/jHOknQMjkIqqrm5RjtMCnJfnGXl.jpg
Rasmus Hardiker,https://image.tmdb.org/t/p/original/gDdrt1YXPCxdv5LG8WvVJswPydZ.jpg
Mathilde Warnier,https://image.tmdb.org/t/p/original/xDqKNPhXzTPY5Wh9uAGx8rlHznJ.jpg
Bailey Patrick,https://image.tmdb.org/t/p/original/zWd5n2gEOmV0aeFHJtjsRtQodHq.jpg
Tom Bennett,https://image.tmdb.org/t/p/original/4OdiLc6nFrTr7rSVxdKeMvfLF56.jpg
Matt Willis,https://image.tmdb.org/t/p/original/oWgpRkWLCWCuhxgYKhNoTZU4Uia.jpg
Roxy Striar,https://image.tmdb.org/t/p/original/mWZaIKs4K4t1c0ojNTTtBqKAuzj.jpg
Jing Tian,https://image.tmdb.org/t/p/original/nNlM15XOEJU8A1dKuGEnN7NgxEy.jpg
Toby Kebbell,https://image.tmdb.org/t/p/original/mlYytYJvoEHmhDH2enLtES1098Q.jpg
John Ortiz,https://image.tmdb.org/t/p/original/o2SOFI53N6Gv5S3fDEBNbeimbzY.jpg
Jason Mitchell,https://image.tmdb.org/t/p/original/lRWLVXSqVFCEtdD4DlAdRnROtH8.jpg
Grace Caroline Currey,https://image.tmdb.org/t/p/original/6chZcnjWEiFfpmB6D5BR9YUeIs9.jpg
Virginia Gardner,https://image.tmdb.org/t/p/original/wD0Ib0AqzfIxBL9X0x8YDbKoI2E.jpg
Jeffrey Dean Morgan,https://image.tmdb.org/t/p/original/m8bdrmh6ExDCGQ64E83mHg002YV.jpg
Jasper Cole,https://image.tmdb.org/t/p/original/18mmNj8eKPn9a1n3G0yvy650Bd8.jpg
Darrell Dennis,https://image.tmdb.org/t/p/original/2jOo4B5Nn9oGuzgx1UfoQs0MMCj.jpg
Julia Pace Mitchell,https://image.tmdb.org/t/p/original/6iavMrm8BhUJiGpZDSKmfGKgpK6.jpg
Samuel Le Bihan,https://image.tmdb.org/t/p/original/jN4hwWfhFaE8v5TGiS6cg9HKOxe.jpg
Émilie Dequenne,https://image.tmdb.org/t/p/original/aNGdK8n9GCzgHbxcucqdgmKM8lR.jpg
Jérémie Renier,https://image.tmdb.org/t/p/original/3oBBshsyiBEh4PkR9YDMCl3iyp1.jpg
Mark Dacascos,https://image.tmdb.org/t/p/original/trOACuJz1KzhB51qe6asaxRuxrh.jpg
Jean Yanne,https://image.tmdb.org/t/p/original/nZAsOM0mtE0oHHj9DlbH94SxtAI.jpg
Jean-François Stévenin,https://image.tmdb.org/t/p/original/4NjAxLYSPlIqOkxJruq5njTUmpX.jpg
Johan Leysen,https://image.tmdb.org/t/p/original/pCBvrMKTNo6cqC63qDSipbtt2Rs.jpg
Jacques Perrin,https://image.tmdb.org/t/p/original/lGbDfSdDgFg3QHgungWIDsV9uh7.jpg
Sarah Vowell,https://image.tmdb.org/t/p/original/dP1hMYTk2q4voIUxtgmvD81nMty.jpg
Spencer Fox,https://image.tmdb.org/t/p/original/vMyWK5qZWEG0GZh4FXCDXx4Jqfm.jpg
Jason Lee,https://image.tmdb.org/t/p/original/3duPl6Ve8RnvcouOaXoMCdJf5ln.jpg
Elizabeth Peña,https://image.tmdb.org/t/p/original/uyUrPmtbwiGFOq8pIfYVQYgmBmK.jpg
Eli Fucile,https://image.tmdb.org/t/p/original/pcNfD0mIB9KrQMaXP0rN82VbiHY.jpg
Brad Bird,https://image.tmdb.org/t/p/original/z73rItPBDoRUowY5kuWDMlue3DB.jpg
Larry the Cable Guy,https://image.tmdb.org/t/p/original/34pX2sQj9DddaQWRBGukSWYdXxS.jpg
Owen Wilson,https://image.tmdb.org/t/p/original/lFxHIlcywMlYpe6wkW39sfBrqag.jpg
Eddie Izzard,https://image.tmdb.org/t/p/original/6mUPuQt6ofMBHxHJQmF3Dj1nYmH.jpg
Brent Musburger,https://image.tmdb.org/t/p/original/u0mJBsgoRe1STcffOQ1Py4Egi3u.jpg
Joe Mantegna,https://image.tmdb.org/t/p/original/4jzvAE6B1eoiZDUnDUuMazirCPP.jpg
Thomas Kretschmann,https://image.tmdb.org/t/p/original/kBnPu1KREhckuPpnAUppm24kkVX.jpg
Peter Jacobson,https://image.tmdb.org/t/p/original/pGi9CnzEG4cLa2viUP89yvlPCyR.jpg
